<?xml version="1.0" encoding="UTF-8" standalone="no" ?><gpx xmlns="http://www.topografix.com/GPX/1/1" xmlns:gpxx="http://www.garmin.com/xmlschemas/GpxExtensions/v3" xmlns:wptx1="http://www.garmin.com/xmlschemas/WaypointExtension/v1" xmlns:gpxtpx="http://www.garmin.com/xmlschemas/TrackPointExtension/v1" creator="Oregon 550" version="1.1" xmlns:xsi="http://www.w3.org/2001/XMLSchema-instance" xsi:schemaLocation="http://www.topografix.com/GPX/1/1 http://www.topografix.com/GPX/1/1/gpx.xsd http://www.garmin.com/xmlschemas/GpxExtensions/v3 http://www8.garmin.com/xmlschemas/GpxExtensionsv3.xsd http://www.garmin.com/xmlschemas/WaypointExtension/v1 http://www8.garmin.com/xmlschemas/WaypointExtensionv1.xsd http://www.garmin.com/xmlschemas/TrackPointExtension/v1 http://www.garmin.com/xmlschemas/TrackPointExtensionv1.xsd"><metadata><link href="http://www.garmin.com"><text>Garmin International</text></link><time>2013-07-18T11:46:40Z</time></metadata><trk><name>ЯЛАНГАС КЛАССИКА</name><extensions><gpxx:TrackExtension><gpxx:DisplayColor>Black</gpxx:DisplayColor></gpxx:TrackExtension></extensions><trkseg><trkpt lat="54.0458768886" lon="58.3306309395"><ele>560.11</ele><time>2013-07-18T08:58:15Z</time><extensions><gpxtpx:TrackPointExtension><gpxtpx:atemp>0.0</gpxtpx:atemp></gpxtpx:TrackPointExtension></extensions></trkpt><trkpt lat="54.0460804012" lon="58.3307601884"><ele>560.11</ele><time>2013-07-18T08:58:28Z</time><extensions><gpxtpx:TrackPointExtension><gpxtpx:atemp>0.0</gpxtpx:atemp></gpxtpx:TrackPointExtension></extensions></trkpt><trkpt lat="54.0461270884" lon="58.3306555822"><ele>559.62</ele><time>2013-07-18T08:58:46Z</time><extensions><gpxtpx:TrackPointExtension><gpxtpx:atemp>0.0</gpxtpx:atemp></gpxtpx:TrackPointExtension></extensions></trkpt><trkpt lat="54.0461364761" lon="58.3306593541"><ele>560.11</ele><time>2013-07-18T08:58:47Z</time><extensions><gpxtpx:TrackPointExtension><gpxtpx:atemp>0.0</gpxtpx:atemp></gpxtpx:TrackPointExtension></extensions></trkpt><trkpt lat="54.0461472049" lon="58.3306644671"><ele>560.59</ele><time>2013-07-18T08:58:48Z</time><extensions><gpxtpx:TrackPointExtension><gpxtpx:atemp>0.0</gpxtpx:atemp></gpxtpx:TrackPointExtension></extensions></trkpt><trkpt lat="54.0461830795" lon="58.3306538220"><ele>559.62</ele><time>2013-07-18T08:59:05Z</time><extensions><gpxtpx:TrackPointExtension><gpxtpx:atemp>0.0</gpxtpx:atemp></gpxtpx:TrackPointExtension></extensions></trkpt><trkpt lat="54.0461713448" lon="58.3306552470"><ele>559.62</ele><time>2013-07-18T08:59:20Z</time><extensions><gpxtpx:TrackPointExtension><gpxtpx:atemp>0.0</gpxtpx:atemp></gpxtpx:TrackPointExtension></extensions></trkpt><trkpt lat="54.0461757034" lon="58.3306378126"><ele>558.66</ele><time>2013-07-18T08:59:39Z</time><extensions><gpxtpx:TrackPointExtension><gpxtpx:atemp>0.0</gpxtpx:atemp></gpxtpx:TrackPointExtension></extensions></trkpt><trkpt lat="54.0461794753" lon="58.3306444343"><ele>559.14</ele><time>2013-07-18T09:00:01Z</time><extensions><gpxtpx:TrackPointExtension><gpxtpx:atemp>0.0</gpxtpx:atemp></gpxtpx:TrackPointExtension></extensions></trkpt><trkpt lat="54.0461845882" lon="58.3306432609"><ele>562.99</ele><time>2013-07-18T09:00:03Z</time><extensions><gpxtpx:TrackPointExtension><gpxtpx:atemp>0.0</gpxtpx:atemp></gpxtpx:TrackPointExtension></extensions></trkpt><trkpt lat="54.0461918805" lon="58.3306503017"><ele>560.11</ele><time>2013-07-18T09:00:04Z</time><extensions><gpxtpx:TrackPointExtension><gpxtpx:atemp>0.0</gpxtpx:atemp></gpxtpx:TrackPointExtension></extensions></trkpt><trkpt lat="54.0462138411" lon="58.3306839969"><ele>558.66</ele><time>2013-07-18T09:00:06Z</time><extensions><gpxtpx:TrackPointExtension><gpxtpx:atemp>0.0</gpxtpx:atemp></gpxtpx:TrackPointExtension></extensions></trkpt><trkpt lat="54.0464542340" lon="58.3308271598"><ele>559.62</ele><time>2013-07-18T09:00:25Z</time><extensions><gpxtpx:TrackPointExtension><gpxtpx:atemp>0.0</gpxtpx:atemp></gpxtpx:TrackPointExtension></extensions></trkpt><trkpt lat="54.0465962235" lon="58.3309103083"><ele>558.66</ele><time>2013-07-18T09:00:40Z</time><extensions><gpxtpx:TrackPointExtension><gpxtpx:atemp>0.0</gpxtpx:atemp></gpxtpx:TrackPointExtension></extensions></trkpt><trkpt lat="54.0467721596" lon="58.3310215361"><ele>559.62</ele><time>2013-07-18T09:00:57Z</time><extensions><gpxtpx:TrackPointExtension><gpxtpx:atemp>0.0</gpxtpx:atemp></gpxtpx:TrackPointExtension></extensions></trkpt><trkpt lat="54.0469702240" lon="58.3311904315"><ele>559.14</ele><time>2013-07-18T09:01:11Z</time><extensions><gpxtpx:TrackPointExtension><gpxtpx:atemp>0.0</gpxtpx:atemp></gpxtpx:TrackPointExtension></extensions></trkpt><trkpt lat="54.0470497683" lon="58.3313197643"><ele>559.14</ele><time>2013-07-18T09:01:18Z</time><extensions><gpxtpx:TrackPointExtension><gpxtpx:atemp>0.0</gpxtpx:atemp></gpxtpx:TrackPointExtension></extensions></trkpt><trkpt lat="54.0470572282" lon="58.3313672058"><ele>559.14</ele><time>2013-07-18T09:01:20Z</time><extensions><gpxtpx:TrackPointExtension><gpxtpx:atemp>0.0</gpxtpx:atemp></gpxtpx:TrackPointExtension></extensions></trkpt><trkpt lat="54.0471242834" lon="58.3314729016"><ele>559.14</ele><time>2013-07-18T09:01:26Z</time><extensions><gpxtpx:TrackPointExtension><gpxtpx:atemp>0.0</gpxtpx:atemp></gpxtpx:TrackPointExtension></extensions></trkpt><trkpt lat="54.0472282190" lon="58.3315438963"><ele>560.11</ele><time>2013-07-18T09:01:30Z</time><extensions><gpxtpx:TrackPointExtension><gpxtpx:atemp>0.0</gpxtpx:atemp></gpxtpx:TrackPointExtension></extensions></trkpt><trkpt lat="54.0475532692" lon="58.3315770049"><ele>560.11</ele><time>2013-07-18T09:01:42Z</time><extensions><gpxtpx:TrackPointExtension><gpxtpx:atemp>0.0</gpxtpx:atemp></gpxtpx:TrackPointExtension></extensions></trkpt><trkpt lat="54.0475747269" lon="58.3315744065"><ele>559.14</ele><time>2013-07-18T09:01:43Z</time><extensions><gpxtpx:TrackPointExtension><gpxtpx:atemp>0.0</gpxtpx:atemp></gpxtpx:TrackPointExtension></extensions></trkpt><trkpt lat="54.0477072448" lon="58.3316760790"><ele>559.62</ele><time>2013-07-18T09:01:50Z</time><extensions><gpxtpx:TrackPointExtension><gpxtpx:atemp>0.0</gpxtpx:atemp></gpxtpx:TrackPointExtension></extensions></trkpt><trkpt lat="54.0477348212" lon="58.3317194972"><ele>559.62</ele><time>2013-07-18T09:01:52Z</time><extensions><gpxtpx:TrackPointExtension><gpxtpx:atemp>0.0</gpxtpx:atemp></gpxtpx:TrackPointExtension></extensions></trkpt><trkpt lat="54.0480413474" lon="58.3316568006"><ele>559.14</ele><time>2013-07-18T09:02:03Z</time><extensions><gpxtpx:TrackPointExtension><gpxtpx:atemp>0.0</gpxtpx:atemp></gpxtpx:TrackPointExtension></extensions></trkpt><trkpt lat="54.0481990110" lon="58.3315307368"><ele>559.14</ele><time>2013-07-18T09:02:11Z</time><extensions><gpxtpx:TrackPointExtension><gpxtpx:atemp>0.0</gpxtpx:atemp></gpxtpx:TrackPointExtension></extensions></trkpt><trkpt lat="54.0485136677" lon="58.3314879891"><ele>559.62</ele><time>2013-07-18T09:02:28Z</time><extensions><gpxtpx:TrackPointExtension><gpxtpx:atemp>0.0</gpxtpx:atemp></gpxtpx:TrackPointExtension></extensions></trkpt><trkpt lat="54.0488042682" lon="58.3314835466"><ele>559.62</ele><time>2013-07-18T09:02:44Z</time><extensions><gpxtpx:TrackPointExtension><gpxtpx:atemp>0.0</gpxtpx:atemp></gpxtpx:TrackPointExtension></extensions></trkpt><trkpt lat="54.0488807112" lon="58.3314944431"><ele>560.11</ele><time>2013-07-18T09:02:48Z</time><extensions><gpxtpx:TrackPointExtension><gpxtpx:atemp>0.0</gpxtpx:atemp></gpxtpx:TrackPointExtension></extensions></trkpt><trkpt lat="54.0489232913" lon="58.3315052558"><ele>559.62</ele><time>2013-07-18T09:02:50Z</time><extensions><gpxtpx:TrackPointExtension><gpxtpx:atemp>0.0</gpxtpx:atemp></gpxtpx:TrackPointExtension></extensions></trkpt><trkpt lat="54.0489924420" lon="58.3316122089"><ele>560.11</ele><time>2013-07-18T09:03:02Z</time><extensions><gpxtpx:TrackPointExtension><gpxtpx:atemp>0.0</gpxtpx:atemp></gpxtpx:TrackPointExtension></extensions></trkpt><trkpt lat="54.0489967167" lon="58.3316468261"><ele>560.11</ele><time>2013-07-18T09:03:15Z</time><extensions><gpxtpx:TrackPointExtension><gpxtpx:atemp>0.0</gpxtpx:atemp></gpxtpx:TrackPointExtension></extensions></trkpt><trkpt lat="54.0490034223" lon="58.3315837104"><ele>562.99</ele><time>2013-07-18T09:03:30Z</time><extensions><gpxtpx:TrackPointExtension><gpxtpx:atemp>0.0</gpxtpx:atemp></gpxtpx:TrackPointExtension></extensions></trkpt><trkpt lat="54.0490119718" lon="58.3315890748"><ele>562.03</ele><time>2013-07-18T09:03:31Z</time><extensions><gpxtpx:TrackPointExtension><gpxtpx:atemp>0.0</gpxtpx:atemp></gpxtpx:TrackPointExtension></extensions></trkpt><trkpt lat="54.0490180068" lon="58.3315815311"><ele>560.11</ele><time>2013-07-18T09:03:33Z</time><extensions><gpxtpx:TrackPointExtension><gpxtpx:atemp>0.0</gpxtpx:atemp></gpxtpx:TrackPointExtension></extensions></trkpt><trkpt lat="54.0490159113" lon="58.3315719757"><ele>560.11</ele><time>2013-07-18T09:03:44Z</time><extensions><gpxtpx:TrackPointExtension><gpxtpx:atemp>0.0</gpxtpx:atemp></gpxtpx:TrackPointExtension></extensions></trkpt><trkpt lat="54.0490087029" lon="58.3315888233"><ele>560.11</ele><time>2013-07-18T09:04:02Z</time><extensions><gpxtpx:TrackPointExtension><gpxtpx:atemp>0.0</gpxtpx:atemp></gpxtpx:TrackPointExtension></extensions></trkpt><trkpt lat="54.0489988122" lon="58.3315897454"><ele>556.74</ele><time>2013-07-18T09:04:05Z</time><extensions><gpxtpx:TrackPointExtension><gpxtpx:atemp>0.0</gpxtpx:atemp></gpxtpx:TrackPointExtension></extensions></trkpt><trkpt lat="54.0489883348" lon="58.3316187467"><ele>562.03</ele><time>2013-07-18T09:04:07Z</time><extensions><gpxtpx:TrackPointExtension><gpxtpx:atemp>0.0</gpxtpx:atemp></gpxtpx:TrackPointExtension></extensions></trkpt><trkpt lat="54.0489835571" lon="58.3316352591"><ele>560.11</ele><time>2013-07-18T09:04:09Z</time><extensions><gpxtpx:TrackPointExtension><gpxtpx:atemp>0.0</gpxtpx:atemp></gpxtpx:TrackPointExtension></extensions></trkpt><trkpt lat="54.0489974711" lon="58.3315732330"><ele>560.11</ele><time>2013-07-18T09:04:33Z</time><extensions><gpxtpx:TrackPointExtension><gpxtpx:atemp>0.0</gpxtpx:atemp></gpxtpx:TrackPointExtension></extensions></trkpt><trkpt lat="54.0490025841" lon="58.3315689582"><ele>560.11</ele><time>2013-07-18T09:04:51Z</time><extensions><gpxtpx:TrackPointExtension><gpxtpx:atemp>0.0</gpxtpx:atemp></gpxtpx:TrackPointExtension></extensions></trkpt><trkpt lat="54.0490019973" lon="58.3315578941"><ele>559.62</ele><time>2013-07-18T09:05:13Z</time><extensions><gpxtpx:TrackPointExtension><gpxtpx:atemp>0.0</gpxtpx:atemp></gpxtpx:TrackPointExtension></extensions></trkpt><trkpt lat="54.0490252152" lon="58.3316112868"><ele>559.62</ele><time>2013-07-18T09:05:29Z</time><extensions><gpxtpx:TrackPointExtension><gpxtpx:atemp>0.0</gpxtpx:atemp></gpxtpx:TrackPointExtension></extensions></trkpt><trkpt lat="54.0490270592" lon="58.3316148072"><ele>561.07</ele><time>2013-07-18T09:05:31Z</time><extensions><gpxtpx:TrackPointExtension><gpxtpx:atemp>0.0</gpxtpx:atemp></gpxtpx:TrackPointExtension></extensions></trkpt><trkpt lat="54.0490294900" lon="58.3316364326"><ele>559.62</ele><time>2013-07-18T09:05:39Z</time><extensions><gpxtpx:TrackPointExtension><gpxtpx:atemp>0.0</gpxtpx:atemp></gpxtpx:TrackPointExtension></extensions></trkpt><trkpt lat="54.0490356926" lon="58.3317181561"><ele>560.11</ele><time>2013-07-18T09:05:43Z</time><extensions><gpxtpx:TrackPointExtension><gpxtpx:atemp>0.0</gpxtpx:atemp></gpxtpx:TrackPointExtension></extensions></trkpt><trkpt lat="54.0491826274" lon="58.3319623210"><ele>560.11</ele><time>2013-07-18T09:05:58Z</time><extensions><gpxtpx:TrackPointExtension><gpxtpx:atemp>0.0</gpxtpx:atemp></gpxtpx:TrackPointExtension></extensions></trkpt><trkpt lat="54.0493837930" lon="58.3322462160"><ele>561.55</ele><time>2013-07-18T09:06:16Z</time><extensions><gpxtpx:TrackPointExtension><gpxtpx:atemp>0.0</gpxtpx:atemp></gpxtpx:TrackPointExtension></extensions></trkpt><trkpt lat="54.0496778302" lon="58.3326279279"><ele>562.03</ele><time>2013-07-18T09:06:30Z</time><extensions><gpxtpx:TrackPointExtension><gpxtpx:atemp>0.0</gpxtpx:atemp></gpxtpx:TrackPointExtension></extensions></trkpt><trkpt lat="54.0500221588" lon="58.3330201171"><ele>562.99</ele><time>2013-07-18T09:06:46Z</time><extensions><gpxtpx:TrackPointExtension><gpxtpx:atemp>0.0</gpxtpx:atemp></gpxtpx:TrackPointExtension></extensions></trkpt><trkpt lat="54.0501897968" lon="58.3332170919"><ele>562.51</ele><time>2013-07-18T09:06:57Z</time><extensions><gpxtpx:TrackPointExtension><gpxtpx:atemp>0.0</gpxtpx:atemp></gpxtpx:TrackPointExtension></extensions></trkpt><trkpt lat="54.0504605323" lon="58.3335263841"><ele>563.47</ele><time>2013-07-18T09:07:16Z</time><extensions><gpxtpx:TrackPointExtension><gpxtpx:atemp>0.0</gpxtpx:atemp></gpxtpx:TrackPointExtension></extensions></trkpt><trkpt lat="54.0507020988" lon="58.3337380271"><ele>563.47</ele><time>2013-07-18T09:07:30Z</time><extensions><gpxtpx:TrackPointExtension><gpxtpx:atemp>0.0</gpxtpx:atemp></gpxtpx:TrackPointExtension></extensions></trkpt><trkpt lat="54.0509147476" lon="58.3339282125"><ele>563.95</ele><time>2013-07-18T09:07:46Z</time><extensions><gpxtpx:TrackPointExtension><gpxtpx:atemp>0.0</gpxtpx:atemp></gpxtpx:TrackPointExtension></extensions></trkpt><trkpt lat="54.0510361176" lon="58.3341401070"><ele>564.91</ele><time>2013-07-18T09:07:58Z</time><extensions><gpxtpx:TrackPointExtension><gpxtpx:atemp>0.0</gpxtpx:atemp></gpxtpx:TrackPointExtension></extensions></trkpt><trkpt lat="54.0512858983" lon="58.3344696835"><ele>565.39</ele><time>2013-07-18T09:08:13Z</time><extensions><gpxtpx:TrackPointExtension><gpxtpx:atemp>0.0</gpxtpx:atemp></gpxtpx:TrackPointExtension></extensions></trkpt><trkpt lat="54.0515153110" lon="58.3346786443"><ele>564.91</ele><time>2013-07-18T09:08:29Z</time><extensions><gpxtpx:TrackPointExtension><gpxtpx:atemp>0.0</gpxtpx:atemp></gpxtpx:TrackPointExtension></extensions></trkpt><trkpt lat="54.0516393632" lon="58.3347244933"><ele>565.39</ele><time>2013-07-18T09:08:37Z</time><extensions><gpxtpx:TrackPointExtension><gpxtpx:atemp>0.0</gpxtpx:atemp></gpxtpx:TrackPointExtension></extensions></trkpt><trkpt lat="54.0516531933" lon="58.3347296901"><ele>563.95</ele><time>2013-07-18T09:08:38Z</time><extensions><gpxtpx:TrackPointExtension><gpxtpx:atemp>0.0</gpxtpx:atemp></gpxtpx:TrackPointExtension></extensions></trkpt><trkpt lat="54.0517521836" lon="58.3347013593"><ele>564.91</ele><time>2013-07-18T09:08:42Z</time><extensions><gpxtpx:TrackPointExtension><gpxtpx:atemp>0.0</gpxtpx:atemp></gpxtpx:TrackPointExtension></extensions></trkpt><trkpt lat="54.0517757367" lon="58.3347120881"><ele>564.43</ele><time>2013-07-18T09:08:43Z</time><extensions><gpxtpx:TrackPointExtension><gpxtpx:atemp>0.0</gpxtpx:atemp></gpxtpx:TrackPointExtension></extensions></trkpt><trkpt lat="54.0517987031" lon="58.3347184584"><ele>563.95</ele><time>2013-07-18T09:08:44Z</time><extensions><gpxtpx:TrackPointExtension><gpxtpx:atemp>0.0</gpxtpx:atemp></gpxtpx:TrackPointExtension></extensions></trkpt><trkpt lat="54.0522234980" lon="58.3349596057"><ele>564.43</ele><time>2013-07-18T09:09:01Z</time><extensions><gpxtpx:TrackPointExtension><gpxtpx:atemp>0.0</gpxtpx:atemp></gpxtpx:TrackPointExtension></extensions></trkpt><trkpt lat="54.0523191355" lon="58.3350173570"><ele>563.47</ele><time>2013-07-18T09:09:08Z</time><extensions><gpxtpx:TrackPointExtension><gpxtpx:atemp>0.0</gpxtpx:atemp></gpxtpx:TrackPointExtension></extensions></trkpt><trkpt lat="54.0525820758" lon="58.3352651261"><ele>563.47</ele><time>2013-07-18T09:09:23Z</time><extensions><gpxtpx:TrackPointExtension><gpxtpx:atemp>0.0</gpxtpx:atemp></gpxtpx:TrackPointExtension></extensions></trkpt><trkpt lat="54.0528362989" lon="58.3353374619"><ele>562.51</ele><time>2013-07-18T09:09:37Z</time><extensions><gpxtpx:TrackPointExtension><gpxtpx:atemp>0.0</gpxtpx:atemp></gpxtpx:TrackPointExtension></extensions></trkpt><trkpt lat="54.0530150011" lon="58.3352815546"><ele>562.03</ele><time>2013-07-18T09:09:50Z</time><extensions><gpxtpx:TrackPointExtension><gpxtpx:atemp>0.0</gpxtpx:atemp></gpxtpx:TrackPointExtension></extensions></trkpt><trkpt lat="54.0531037655" lon="58.3353293315"><ele>562.03</ele><time>2013-07-18T09:09:58Z</time><extensions><gpxtpx:TrackPointExtension><gpxtpx:atemp>0.0</gpxtpx:atemp></gpxtpx:TrackPointExtension></extensions></trkpt><trkpt lat="54.0533491876" lon="58.3352947980"><ele>561.55</ele><time>2013-07-18T09:10:13Z</time><extensions><gpxtpx:TrackPointExtension><gpxtpx:atemp>0.0</gpxtpx:atemp></gpxtpx:TrackPointExtension></extensions></trkpt><trkpt lat="54.0534712281" lon="58.3352300897"><ele>562.03</ele><time>2013-07-18T09:10:19Z</time><extensions><gpxtpx:TrackPointExtension><gpxtpx:atemp>0.0</gpxtpx:atemp></gpxtpx:TrackPointExtension></extensions></trkpt><trkpt lat="54.0536349267" lon="58.3352082130"><ele>561.07</ele><time>2013-07-18T09:10:26Z</time><extensions><gpxtpx:TrackPointExtension><gpxtpx:atemp>0.0</gpxtpx:atemp></gpxtpx:TrackPointExtension></extensions></trkpt><trkpt lat="54.0539832786" lon="58.3353244700"><ele>561.07</ele><time>2013-07-18T09:10:40Z</time><extensions><gpxtpx:TrackPointExtension><gpxtpx:atemp>0.0</gpxtpx:atemp></gpxtpx:TrackPointExtension></extensions></trkpt><trkpt lat="54.0544169582" lon="58.3354388829"><ele>562.03</ele><time>2013-07-18T09:10:54Z</time><extensions><gpxtpx:TrackPointExtension><gpxtpx:atemp>0.0</gpxtpx:atemp></gpxtpx:TrackPointExtension></extensions></trkpt><trkpt lat="54.0544379968" lon="58.3354284056"><ele>562.99</ele><time>2013-07-18T09:10:55Z</time><extensions><gpxtpx:TrackPointExtension><gpxtpx:atemp>0.0</gpxtpx:atemp></gpxtpx:TrackPointExtension></extensions></trkpt><trkpt lat="54.0546244103" lon="58.3353849035"><ele>562.51</ele><time>2013-07-18T09:11:03Z</time><extensions><gpxtpx:TrackPointExtension><gpxtpx:atemp>0.0</gpxtpx:atemp></gpxtpx:TrackPointExtension></extensions></trkpt><trkpt lat="54.0548620373" lon="58.3352344483"><ele>562.03</ele><time>2013-07-18T09:11:16Z</time><extensions><gpxtpx:TrackPointExtension><gpxtpx:atemp>0.0</gpxtpx:atemp></gpxtpx:TrackPointExtension></extensions></trkpt><trkpt lat="54.0551368799" lon="58.3351763617"><ele>562.03</ele><time>2013-07-18T09:11:31Z</time><extensions><gpxtpx:TrackPointExtension><gpxtpx:atemp>0.0</gpxtpx:atemp></gpxtpx:TrackPointExtension></extensions></trkpt><trkpt lat="54.0551998280" lon="58.3352429979"><ele>562.51</ele><time>2013-07-18T09:11:36Z</time><extensions><gpxtpx:TrackPointExtension><gpxtpx:atemp>0.0</gpxtpx:atemp></gpxtpx:TrackPointExtension></extensions></trkpt><trkpt lat="54.0553522948" lon="58.3355998993"><ele>562.99</ele><time>2013-07-18T09:11:53Z</time><extensions><gpxtpx:TrackPointExtension><gpxtpx:atemp>0.0</gpxtpx:atemp></gpxtpx:TrackPointExtension></extensions></trkpt><trkpt lat="54.0553595033" lon="58.3356593270"><ele>562.99</ele><time>2013-07-18T09:11:55Z</time><extensions><gpxtpx:TrackPointExtension><gpxtpx:atemp>0.0</gpxtpx:atemp></gpxtpx:TrackPointExtension></extensions></trkpt><trkpt lat="54.0554232895" lon="58.3357494324"><ele>562.51</ele><time>2013-07-18T09:12:00Z</time><extensions><gpxtpx:TrackPointExtension><gpxtpx:atemp>0.0</gpxtpx:atemp></gpxtpx:TrackPointExtension></extensions></trkpt><trkpt lat="54.0555966273" lon="58.3360629994"><ele>562.51</ele><time>2013-07-18T09:12:15Z</time><extensions><gpxtpx:TrackPointExtension><gpxtpx:atemp>0.0</gpxtpx:atemp></gpxtpx:TrackPointExtension></extensions></trkpt><trkpt lat="54.0556547977" lon="58.3361722156"><ele>562.99</ele><time>2013-07-18T09:12:20Z</time><extensions><gpxtpx:TrackPointExtension><gpxtpx:atemp>0.0</gpxtpx:atemp></gpxtpx:TrackPointExtension></extensions></trkpt><trkpt lat="54.0557062626" lon="58.3362235967"><ele>562.51</ele><time>2013-07-18T09:12:32Z</time><extensions><gpxtpx:TrackPointExtension><gpxtpx:atemp>0.0</gpxtpx:atemp></gpxtpx:TrackPointExtension></extensions></trkpt><trkpt lat="54.0559912473" lon="58.3364797477"><ele>562.03</ele><time>2013-07-18T09:12:44Z</time><extensions><gpxtpx:TrackPointExtension><gpxtpx:atemp>0.0</gpxtpx:atemp></gpxtpx:TrackPointExtension></extensions></trkpt><trkpt lat="54.0560878906" lon="58.3363997005"><ele>562.03</ele><time>2013-07-18T09:12:52Z</time><extensions><gpxtpx:TrackPointExtension><gpxtpx:atemp>0.0</gpxtpx:atemp></gpxtpx:TrackPointExtension></extensions></trkpt><trkpt lat="54.0561099350" lon="58.3363342378"><ele>562.03</ele><time>2013-07-18T09:12:56Z</time><extensions><gpxtpx:TrackPointExtension><gpxtpx:atemp>0.0</gpxtpx:atemp></gpxtpx:TrackPointExtension></extensions></trkpt><trkpt lat="54.0562211629" lon="58.3363130316"><ele>561.07</ele><time>2013-07-18T09:13:01Z</time><extensions><gpxtpx:TrackPointExtension><gpxtpx:atemp>0.0</gpxtpx:atemp></gpxtpx:TrackPointExtension></extensions></trkpt><trkpt lat="54.0563090052" lon="58.3362814318"><ele>563.47</ele><time>2013-07-18T09:13:04Z</time><extensions><gpxtpx:TrackPointExtension><gpxtpx:atemp>0.0</gpxtpx:atemp></gpxtpx:TrackPointExtension></extensions></trkpt><trkpt lat="54.0565969236" lon="58.3361546136"><ele>563.47</ele><time>2013-07-18T09:13:16Z</time><extensions><gpxtpx:TrackPointExtension><gpxtpx:atemp>0.0</gpxtpx:atemp></gpxtpx:TrackPointExtension></extensions></trkpt><trkpt lat="54.0566885378" lon="58.3359695412"><ele>562.99</ele><time>2013-07-18T09:13:24Z</time><extensions><gpxtpx:TrackPointExtension><gpxtpx:atemp>0.0</gpxtpx:atemp></gpxtpx:TrackPointExtension></extensions></trkpt><trkpt lat="54.0569516458" lon="58.3359577227"><ele>563.47</ele><time>2013-07-18T09:13:40Z</time><extensions><gpxtpx:TrackPointExtension><gpxtpx:atemp>0.0</gpxtpx:atemp></gpxtpx:TrackPointExtension></extensions></trkpt><trkpt lat="54.0572040249" lon="58.3359622490"><ele>563.47</ele><time>2013-07-18T09:13:56Z</time><extensions><gpxtpx:TrackPointExtension><gpxtpx:atemp>0.0</gpxtpx:atemp></gpxtpx:TrackPointExtension></extensions></trkpt><trkpt lat="54.0574641991" lon="58.3359123766"><ele>562.99</ele><time>2013-07-18T09:14:08Z</time><extensions><gpxtpx:TrackPointExtension><gpxtpx:atemp>0.0</gpxtpx:atemp></gpxtpx:TrackPointExtension></extensions></trkpt><trkpt lat="54.0577107109" lon="58.3358206786"><ele>563.95</ele><time>2013-07-18T09:14:23Z</time><extensions><gpxtpx:TrackPointExtension><gpxtpx:atemp>0.0</gpxtpx:atemp></gpxtpx:TrackPointExtension></extensions></trkpt><trkpt lat="54.0578065999" lon="58.3357501030"><ele>563.47</ele><time>2013-07-18T09:14:27Z</time><extensions><gpxtpx:TrackPointExtension><gpxtpx:atemp>0.0</gpxtpx:atemp></gpxtpx:TrackPointExtension></extensions></trkpt><trkpt lat="54.0582345799" lon="58.3357370272"><ele>563.47</ele><time>2013-07-18T09:14:41Z</time><extensions><gpxtpx:TrackPointExtension><gpxtpx:atemp>0.0</gpxtpx:atemp></gpxtpx:TrackPointExtension></extensions></trkpt><trkpt lat="54.0585440397" lon="58.3357499354"><ele>563.47</ele><time>2013-07-18T09:14:53Z</time><extensions><gpxtpx:TrackPointExtension><gpxtpx:atemp>0.0</gpxtpx:atemp></gpxtpx:TrackPointExtension></extensions></trkpt><trkpt lat="54.0586503223" lon="58.3357057627"><ele>562.51</ele><time>2013-07-18T09:15:09Z</time><extensions><gpxtpx:TrackPointExtension><gpxtpx:atemp>0.0</gpxtpx:atemp></gpxtpx:TrackPointExtension></extensions></trkpt><trkpt lat="54.0586465504" lon="58.3357002307"><ele>562.99</ele><time>2013-07-18T09:15:56Z</time><extensions><gpxtpx:TrackPointExtension><gpxtpx:atemp>0.0</gpxtpx:atemp></gpxtpx:TrackPointExtension></extensions></trkpt><trkpt lat="54.0586630628" lon="58.3357086126"><ele>563.47</ele><time>2013-07-18T09:15:57Z</time><extensions><gpxtpx:TrackPointExtension><gpxtpx:atemp>0.0</gpxtpx:atemp></gpxtpx:TrackPointExtension></extensions></trkpt><trkpt lat="54.0586786531" lon="58.3357163239"><ele>563.47</ele><time>2013-07-18T09:15:58Z</time><extensions><gpxtpx:TrackPointExtension><gpxtpx:atemp>0.0</gpxtpx:atemp></gpxtpx:TrackPointExtension></extensions></trkpt><trkpt lat="54.0588990971" lon="58.3356794436"><ele>563.47</ele><time>2013-07-18T09:16:13Z</time><extensions><gpxtpx:TrackPointExtension><gpxtpx:atemp>0.0</gpxtpx:atemp></gpxtpx:TrackPointExtension></extensions></trkpt><trkpt lat="54.0591317788" lon="58.3356022462"><ele>563.47</ele><time>2013-07-18T09:16:28Z</time><extensions><gpxtpx:TrackPointExtension><gpxtpx:atemp>0.0</gpxtpx:atemp></gpxtpx:TrackPointExtension></extensions></trkpt><trkpt lat="54.0592751093" lon="58.3355558943"><ele>564.91</ele><time>2013-07-18T09:16:38Z</time><extensions><gpxtpx:TrackPointExtension><gpxtpx:atemp>0.0</gpxtpx:atemp></gpxtpx:TrackPointExtension></extensions></trkpt><trkpt lat="54.0593221318" lon="58.3355867397"><ele>563.47</ele><time>2013-07-18T09:16:46Z</time><extensions><gpxtpx:TrackPointExtension><gpxtpx:atemp>0.0</gpxtpx:atemp></gpxtpx:TrackPointExtension></extensions></trkpt><trkpt lat="54.0593704954" lon="58.3355798665"><ele>563.95</ele><time>2013-07-18T09:16:50Z</time><extensions><gpxtpx:TrackPointExtension><gpxtpx:atemp>0.0</gpxtpx:atemp></gpxtpx:TrackPointExtension></extensions></trkpt><trkpt lat="54.0594281629" lon="58.3355480153"><ele>564.91</ele><time>2013-07-18T09:17:05Z</time><extensions><gpxtpx:TrackPointExtension><gpxtpx:atemp>0.0</gpxtpx:atemp></gpxtpx:TrackPointExtension></extensions></trkpt><trkpt lat="54.0594454296" lon="58.3355372865"><ele>563.95</ele><time>2013-07-18T09:17:19Z</time><extensions><gpxtpx:TrackPointExtension><gpxtpx:atemp>0.0</gpxtpx:atemp></gpxtpx:TrackPointExtension></extensions></trkpt><trkpt lat="54.0594461001" lon="58.3355672099"><ele>564.91</ele><time>2013-07-18T09:17:37Z</time><extensions><gpxtpx:TrackPointExtension><gpxtpx:atemp>0.0</gpxtpx:atemp></gpxtpx:TrackPointExtension></extensions></trkpt><trkpt lat="54.0594539791" lon="58.3355514519"><ele>563.95</ele><time>2013-07-18T09:18:16Z</time><extensions><gpxtpx:TrackPointExtension><gpxtpx:atemp>0.0</gpxtpx:atemp></gpxtpx:TrackPointExtension></extensions></trkpt><trkpt lat="54.0594393108" lon="58.3355678804"><ele>564.91</ele><time>2013-07-18T09:18:27Z</time><extensions><gpxtpx:TrackPointExtension><gpxtpx:atemp>0.0</gpxtpx:atemp></gpxtpx:TrackPointExtension></extensions></trkpt><trkpt lat="54.0594476089" lon="58.3355546370"><ele>565.39</ele><time>2013-07-18T09:18:38Z</time><extensions><gpxtpx:TrackPointExtension><gpxtpx:atemp>0.0</gpxtpx:atemp></gpxtpx:TrackPointExtension></extensions></trkpt><trkpt lat="54.0596077032" lon="58.3354724944"><ele>565.39</ele><time>2013-07-18T09:18:52Z</time><extensions><gpxtpx:TrackPointExtension><gpxtpx:atemp>0.0</gpxtpx:atemp></gpxtpx:TrackPointExtension></extensions></trkpt><trkpt lat="54.0599020757" lon="58.3353745937"><ele>566.35</ele><time>2013-07-18T09:19:10Z</time><extensions><gpxtpx:TrackPointExtension><gpxtpx:atemp>0.0</gpxtpx:atemp></gpxtpx:TrackPointExtension></extensions></trkpt><trkpt lat="54.0602950193" lon="58.3351792116"><ele>566.83</ele><time>2013-07-18T09:19:24Z</time><extensions><gpxtpx:TrackPointExtension><gpxtpx:atemp>0.0</gpxtpx:atemp></gpxtpx:TrackPointExtension></extensions></trkpt><trkpt lat="54.0604208317" lon="58.3350756112"><ele>566.83</ele><time>2013-07-18T09:19:30Z</time><extensions><gpxtpx:TrackPointExtension><gpxtpx:atemp>0.0</gpxtpx:atemp></gpxtpx:TrackPointExtension></extensions></trkpt><trkpt lat="54.0605723765" lon="58.3350136690"><ele>567.32</ele><time>2013-07-18T09:19:41Z</time><extensions><gpxtpx:TrackPointExtension><gpxtpx:atemp>0.0</gpxtpx:atemp></gpxtpx:TrackPointExtension></extensions></trkpt><trkpt lat="54.0609319601" lon="58.3348840009"><ele>568.28</ele><time>2013-07-18T09:20:03Z</time><extensions><gpxtpx:TrackPointExtension><gpxtpx:atemp>0.0</gpxtpx:atemp></gpxtpx:TrackPointExtension></extensions></trkpt><trkpt lat="54.0612591058" lon="58.3347788919"><ele>569.24</ele><time>2013-07-18T09:20:23Z</time><extensions><gpxtpx:TrackPointExtension><gpxtpx:atemp>0.0</gpxtpx:atemp></gpxtpx:TrackPointExtension></extensions></trkpt><trkpt lat="54.0615215432" lon="58.3346705139"><ele>570.20</ele><time>2013-07-18T09:20:41Z</time><extensions><gpxtpx:TrackPointExtension><gpxtpx:atemp>0.0</gpxtpx:atemp></gpxtpx:TrackPointExtension></extensions></trkpt><trkpt lat="54.0618434921" lon="58.3345617168"><ele>571.16</ele><time>2013-07-18T09:21:00Z</time><extensions><gpxtpx:TrackPointExtension><gpxtpx:atemp>0.0</gpxtpx:atemp></gpxtpx:TrackPointExtension></extensions></trkpt><trkpt lat="54.0619338490" lon="58.3345163707"><ele>570.68</ele><time>2013-07-18T09:21:13Z</time><extensions><gpxtpx:TrackPointExtension><gpxtpx:atemp>0.0</gpxtpx:atemp></gpxtpx:TrackPointExtension></extensions></trkpt><trkpt lat="54.0619379561" lon="58.3345270157"><ele>571.64</ele><time>2013-07-18T09:21:37Z</time><extensions><gpxtpx:TrackPointExtension><gpxtpx:atemp>0.0</gpxtpx:atemp></gpxtpx:TrackPointExtension></extensions></trkpt><trkpt lat="54.0619430691" lon="58.3345256746"><ele>571.64</ele><time>2013-07-18T09:21:39Z</time><extensions><gpxtpx:TrackPointExtension><gpxtpx:atemp>0.0</gpxtpx:atemp></gpxtpx:TrackPointExtension></extensions></trkpt><trkpt lat="54.0619554743" lon="58.3345243335"><ele>571.64</ele><time>2013-07-18T09:21:40Z</time><extensions><gpxtpx:TrackPointExtension><gpxtpx:atemp>0.0</gpxtpx:atemp></gpxtpx:TrackPointExtension></extensions></trkpt><trkpt lat="54.0619702265" lon="58.3345219027"><ele>571.64</ele><time>2013-07-18T09:21:41Z</time><extensions><gpxtpx:TrackPointExtension><gpxtpx:atemp>0.0</gpxtpx:atemp></gpxtpx:TrackPointExtension></extensions></trkpt><trkpt lat="54.0622226056" lon="58.3344732877"><ele>572.60</ele><time>2013-07-18T09:21:59Z</time><extensions><gpxtpx:TrackPointExtension><gpxtpx:atemp>0.0</gpxtpx:atemp></gpxtpx:TrackPointExtension></extensions></trkpt><trkpt lat="54.0624890663" lon="58.3344148658"><ele>573.08</ele><time>2013-07-18T09:22:16Z</time><extensions><gpxtpx:TrackPointExtension><gpxtpx:atemp>0.0</gpxtpx:atemp></gpxtpx:TrackPointExtension></extensions></trkpt><trkpt lat="54.0628103446" lon="58.3343833499"><ele>573.08</ele><time>2013-07-18T09:22:35Z</time><extensions><gpxtpx:TrackPointExtension><gpxtpx:atemp>0.0</gpxtpx:atemp></gpxtpx:TrackPointExtension></extensions></trkpt><trkpt lat="54.0629758872" lon="58.3343473915"><ele>574.04</ele><time>2013-07-18T09:22:50Z</time><extensions><gpxtpx:TrackPointExtension><gpxtpx:atemp>0.0</gpxtpx:atemp></gpxtpx:TrackPointExtension></extensions></trkpt><trkpt lat="54.0629739594" lon="58.3343214076"><ele>573.08</ele><time>2013-07-18T09:23:05Z</time><extensions><gpxtpx:TrackPointExtension><gpxtpx:atemp>0.0</gpxtpx:atemp></gpxtpx:TrackPointExtension></extensions></trkpt><trkpt lat="54.0629773960" lon="58.3343208209"><ele>573.56</ele><time>2013-07-18T09:23:29Z</time><extensions><gpxtpx:TrackPointExtension><gpxtpx:atemp>0.0</gpxtpx:atemp></gpxtpx:TrackPointExtension></extensions></trkpt><trkpt lat="54.0629721154" lon="58.3343206532"><ele>573.56</ele><time>2013-07-18T09:23:56Z</time><extensions><gpxtpx:TrackPointExtension><gpxtpx:atemp>0.0</gpxtpx:atemp></gpxtpx:TrackPointExtension></extensions></trkpt><trkpt lat="54.0629867837" lon="58.3343238384"><ele>574.04</ele><time>2013-07-18T09:24:03Z</time><extensions><gpxtpx:TrackPointExtension><gpxtpx:atemp>0.0</gpxtpx:atemp></gpxtpx:TrackPointExtension></extensions></trkpt><trkpt lat="54.0629998595" lon="58.3343208209"><ele>574.04</ele><time>2013-07-18T09:24:04Z</time><extensions><gpxtpx:TrackPointExtension><gpxtpx:atemp>0.0</gpxtpx:atemp></gpxtpx:TrackPointExtension></extensions></trkpt><trkpt lat="54.0632842574" lon="58.3342586271"><ele>574.53</ele><time>2013-07-18T09:24:23Z</time><extensions><gpxtpx:TrackPointExtension><gpxtpx:atemp>0.0</gpxtpx:atemp></gpxtpx:TrackPointExtension></extensions></trkpt><trkpt lat="54.0635791328" lon="58.3341933321"><ele>575.01</ele><time>2013-07-18T09:24:41Z</time><extensions><gpxtpx:TrackPointExtension><gpxtpx:atemp>0.0</gpxtpx:atemp></gpxtpx:TrackPointExtension></extensions></trkpt><trkpt lat="54.0638186038" lon="58.3341312222"><ele>575.49</ele><time>2013-07-18T09:24:59Z</time><extensions><gpxtpx:TrackPointExtension><gpxtpx:atemp>0.0</gpxtpx:atemp></gpxtpx:TrackPointExtension></extensions></trkpt><trkpt lat="54.0640597511" lon="58.3340832777"><ele>576.45</ele><time>2013-07-18T09:25:17Z</time><extensions><gpxtpx:TrackPointExtension><gpxtpx:atemp>0.0</gpxtpx:atemp></gpxtpx:TrackPointExtension></extensions></trkpt><trkpt lat="54.0643342584" lon="58.3340441342"><ele>577.41</ele><time>2013-07-18T09:25:34Z</time><extensions><gpxtpx:TrackPointExtension><gpxtpx:atemp>0.0</gpxtpx:atemp></gpxtpx:TrackPointExtension></extensions></trkpt><trkpt lat="54.0646723006" lon="58.3339672722"><ele>577.89</ele><time>2013-07-18T09:25:55Z</time><extensions><gpxtpx:TrackPointExtension><gpxtpx:atemp>0.0</gpxtpx:atemp></gpxtpx:TrackPointExtension></extensions></trkpt><trkpt lat="54.0650380868" lon="58.3339180704"><ele>578.85</ele><time>2013-07-18T09:26:17Z</time><extensions><gpxtpx:TrackPointExtension><gpxtpx:atemp>0.0</gpxtpx:atemp></gpxtpx:TrackPointExtension></extensions></trkpt><trkpt lat="54.0653555933" lon="58.3338531945"><ele>579.81</ele><time>2013-07-18T09:26:37Z</time><extensions><gpxtpx:TrackPointExtension><gpxtpx:atemp>0.0</gpxtpx:atemp></gpxtpx:TrackPointExtension></extensions></trkpt><trkpt lat="54.0656729322" lon="58.3337953594"><ele>580.29</ele><time>2013-07-18T09:26:56Z</time><extensions><gpxtpx:TrackPointExtension><gpxtpx:atemp>0.0</gpxtpx:atemp></gpxtpx:TrackPointExtension></extensions></trkpt><trkpt lat="54.0660057776" lon="58.3338137995"><ele>579.81</ele><time>2013-07-18T09:27:16Z</time><extensions><gpxtpx:TrackPointExtension><gpxtpx:atemp>0.0</gpxtpx:atemp></gpxtpx:TrackPointExtension></extensions></trkpt><trkpt lat="54.0663730726" lon="58.3338238578"><ele>579.33</ele><time>2013-07-18T09:27:38Z</time><extensions><gpxtpx:TrackPointExtension><gpxtpx:atemp>0.0</gpxtpx:atemp></gpxtpx:TrackPointExtension></extensions></trkpt><trkpt lat="54.0666851308" lon="58.3338782564"><ele>577.41</ele><time>2013-07-18T09:27:57Z</time><extensions><gpxtpx:TrackPointExtension><gpxtpx:atemp>0.0</gpxtpx:atemp></gpxtpx:TrackPointExtension></extensions></trkpt><trkpt lat="54.0669676848" lon="58.3338611573"><ele>577.89</ele><time>2013-07-18T09:28:15Z</time><extensions><gpxtpx:TrackPointExtension><gpxtpx:atemp>0.0</gpxtpx:atemp></gpxtpx:TrackPointExtension></extensions></trkpt><trkpt lat="54.0671939123" lon="58.3337923419"><ele>577.89</ele><time>2013-07-18T09:28:30Z</time><extensions><gpxtpx:TrackPointExtension><gpxtpx:atemp>0.0</gpxtpx:atemp></gpxtpx:TrackPointExtension></extensions></trkpt><trkpt lat="54.0674564335" lon="58.3338207565"><ele>578.37</ele><time>2013-07-18T09:28:47Z</time><extensions><gpxtpx:TrackPointExtension><gpxtpx:atemp>0.0</gpxtpx:atemp></gpxtpx:TrackPointExtension></extensions></trkpt><trkpt lat="54.0674830042" lon="58.3338322397"><ele>577.89</ele><time>2013-07-18T09:28:49Z</time><extensions><gpxtpx:TrackPointExtension><gpxtpx:atemp>0.0</gpxtpx:atemp></gpxtpx:TrackPointExtension></extensions></trkpt><trkpt lat="54.0677514765" lon="58.3339181542"><ele>578.37</ele><time>2013-07-18T09:29:07Z</time><extensions><gpxtpx:TrackPointExtension><gpxtpx:atemp>0.0</gpxtpx:atemp></gpxtpx:TrackPointExtension></extensions></trkpt><trkpt lat="54.0680162609" lon="58.3339982014"><ele>578.37</ele><time>2013-07-18T09:29:24Z</time><extensions><gpxtpx:TrackPointExtension><gpxtpx:atemp>0.0</gpxtpx:atemp></gpxtpx:TrackPointExtension></extensions></trkpt><trkpt lat="54.0683599189" lon="58.3341090940"><ele>579.33</ele><time>2013-07-18T09:29:45Z</time><extensions><gpxtpx:TrackPointExtension><gpxtpx:atemp>0.0</gpxtpx:atemp></gpxtpx:TrackPointExtension></extensions></trkpt><trkpt lat="54.0683758445" lon="58.3341141231"><ele>579.81</ele><time>2013-07-18T09:29:46Z</time><extensions><gpxtpx:TrackPointExtension><gpxtpx:atemp>0.0</gpxtpx:atemp></gpxtpx:TrackPointExtension></extensions></trkpt><trkpt lat="54.0686904173" lon="58.3342282008"><ele>579.81</ele><time>2013-07-18T09:30:06Z</time><extensions><gpxtpx:TrackPointExtension><gpxtpx:atemp>0.0</gpxtpx:atemp></gpxtpx:TrackPointExtension></extensions></trkpt><trkpt lat="54.0689891484" lon="58.3343534265"><ele>580.77</ele><time>2013-07-18T09:30:26Z</time><extensions><gpxtpx:TrackPointExtension><gpxtpx:atemp>0.0</gpxtpx:atemp></gpxtpx:TrackPointExtension></extensions></trkpt><trkpt lat="54.0693014581" lon="58.3344858605"><ele>580.77</ele><time>2013-07-18T09:30:47Z</time><extensions><gpxtpx:TrackPointExtension><gpxtpx:atemp>0.0</gpxtpx:atemp></gpxtpx:TrackPointExtension></extensions></trkpt><trkpt lat="54.0695352294" lon="58.3346048836"><ele>580.77</ele><time>2013-07-18T09:31:03Z</time><extensions><gpxtpx:TrackPointExtension><gpxtpx:atemp>0.0</gpxtpx:atemp></gpxtpx:TrackPointExtension></extensions></trkpt><trkpt lat="54.0697529912" lon="58.3346915524"><ele>581.25</ele><time>2013-07-18T09:31:18Z</time><extensions><gpxtpx:TrackPointExtension><gpxtpx:atemp>0.0</gpxtpx:atemp></gpxtpx:TrackPointExtension></extensions></trkpt><trkpt lat="54.0698576812" lon="58.3347463701"><ele>581.25</ele><time>2013-07-18T09:31:25Z</time><extensions><gpxtpx:TrackPointExtension><gpxtpx:atemp>0.0</gpxtpx:atemp></gpxtpx:TrackPointExtension></extensions></trkpt><trkpt lat="54.0699067991" lon="58.3346668258"><ele>581.73</ele><time>2013-07-18T09:31:31Z</time><extensions><gpxtpx:TrackPointExtension><gpxtpx:atemp>0.0</gpxtpx:atemp></gpxtpx:TrackPointExtension></extensions></trkpt><trkpt lat="54.0701213758" lon="58.3347700071"><ele>581.73</ele><time>2013-07-18T09:31:49Z</time><extensions><gpxtpx:TrackPointExtension><gpxtpx:atemp>0.0</gpxtpx:atemp></gpxtpx:TrackPointExtension></extensions></trkpt><trkpt lat="54.0701325238" lon="58.3347748686"><ele>581.73</ele><time>2013-07-18T09:31:50Z</time><extensions><gpxtpx:TrackPointExtension><gpxtpx:atemp>0.0</gpxtpx:atemp></gpxtpx:TrackPointExtension></extensions></trkpt><trkpt lat="54.0703211166" lon="58.3349630423"><ele>581.25</ele><time>2013-07-18T09:32:06Z</time><extensions><gpxtpx:TrackPointExtension><gpxtpx:atemp>0.0</gpxtpx:atemp></gpxtpx:TrackPointExtension></extensions></trkpt><trkpt lat="54.0704511199" lon="58.3351274114"><ele>580.77</ele><time>2013-07-18T09:32:18Z</time><extensions><gpxtpx:TrackPointExtension><gpxtpx:atemp>0.0</gpxtpx:atemp></gpxtpx:TrackPointExtension></extensions></trkpt><trkpt lat="54.0705192648" lon="58.3352240548"><ele>580.77</ele><time>2013-07-18T09:32:28Z</time><extensions><gpxtpx:TrackPointExtension><gpxtpx:atemp>0.0</gpxtpx:atemp></gpxtpx:TrackPointExtension></extensions></trkpt><trkpt lat="54.0705360286" lon="58.3353038505"><ele>580.77</ele><time>2013-07-18T09:32:32Z</time><extensions><gpxtpx:TrackPointExtension><gpxtpx:atemp>0.0</gpxtpx:atemp></gpxtpx:TrackPointExtension></extensions></trkpt><trkpt lat="54.0705362801" lon="58.3353470173"><ele>580.77</ele><time>2013-07-18T09:32:34Z</time><extensions><gpxtpx:TrackPointExtension><gpxtpx:atemp>0.0</gpxtpx:atemp></gpxtpx:TrackPointExtension></extensions></trkpt><trkpt lat="54.0705665387" lon="58.3353858255"><ele>580.77</ele><time>2013-07-18T09:32:37Z</time><extensions><gpxtpx:TrackPointExtension><gpxtpx:atemp>0.0</gpxtpx:atemp></gpxtpx:TrackPointExtension></extensions></trkpt><trkpt lat="54.0706541296" lon="58.3354154136"><ele>580.29</ele><time>2013-07-18T09:32:43Z</time><extensions><gpxtpx:TrackPointExtension><gpxtpx:atemp>0.0</gpxtpx:atemp></gpxtpx:TrackPointExtension></extensions></trkpt><trkpt lat="54.0708512720" lon="58.3354828879"><ele>580.29</ele><time>2013-07-18T09:32:57Z</time><extensions><gpxtpx:TrackPointExtension><gpxtpx:atemp>0.0</gpxtpx:atemp></gpxtpx:TrackPointExtension></extensions></trkpt><trkpt lat="54.0710769966" lon="58.3354838099"><ele>580.77</ele><time>2013-07-18T09:33:12Z</time><extensions><gpxtpx:TrackPointExtension><gpxtpx:atemp>0.0</gpxtpx:atemp></gpxtpx:TrackPointExtension></extensions></trkpt><trkpt lat="54.0713041462" lon="58.3354991488"><ele>581.73</ele><time>2013-07-18T09:33:28Z</time><extensions><gpxtpx:TrackPointExtension><gpxtpx:atemp>0.0</gpxtpx:atemp></gpxtpx:TrackPointExtension></extensions></trkpt><trkpt lat="54.0715361573" lon="58.3356292360"><ele>582.22</ele><time>2013-07-18T09:33:43Z</time><extensions><gpxtpx:TrackPointExtension><gpxtpx:atemp>0.0</gpxtpx:atemp></gpxtpx:TrackPointExtension></extensions></trkpt><trkpt lat="54.0717233252" lon="58.3357142285"><ele>581.73</ele><time>2013-07-18T09:33:56Z</time><extensions><gpxtpx:TrackPointExtension><gpxtpx:atemp>0.0</gpxtpx:atemp></gpxtpx:TrackPointExtension></extensions></trkpt><trkpt lat="54.0718663204" lon="58.3358194213"><ele>582.22</ele><time>2013-07-18T09:34:09Z</time><extensions><gpxtpx:TrackPointExtension><gpxtpx:atemp>0.0</gpxtpx:atemp></gpxtpx:TrackPointExtension></extensions></trkpt><trkpt lat="54.0720349643" lon="58.3359705471"><ele>582.22</ele><time>2013-07-18T09:34:24Z</time><extensions><gpxtpx:TrackPointExtension><gpxtpx:atemp>0.0</gpxtpx:atemp></gpxtpx:TrackPointExtension></extensions></trkpt><trkpt lat="54.0722584259" lon="58.3361790050"><ele>581.73</ele><time>2013-07-18T09:34:42Z</time><extensions><gpxtpx:TrackPointExtension><gpxtpx:atemp>0.0</gpxtpx:atemp></gpxtpx:TrackPointExtension></extensions></trkpt><trkpt lat="54.0722906962" lon="58.3362158015"><ele>581.25</ele><time>2013-07-18T09:34:44Z</time><extensions><gpxtpx:TrackPointExtension><gpxtpx:atemp>0.0</gpxtpx:atemp></gpxtpx:TrackPointExtension></extensions></trkpt><trkpt lat="54.0723045263" lon="58.3362186514"><ele>580.77</ele><time>2013-07-18T09:34:45Z</time><extensions><gpxtpx:TrackPointExtension><gpxtpx:atemp>0.0</gpxtpx:atemp></gpxtpx:TrackPointExtension></extensions></trkpt><trkpt lat="54.0723176021" lon="58.3362246025"><ele>581.25</ele><time>2013-07-18T09:34:46Z</time><extensions><gpxtpx:TrackPointExtension><gpxtpx:atemp>0.0</gpxtpx:atemp></gpxtpx:TrackPointExtension></extensions></trkpt><trkpt lat="54.0723301750" lon="58.3362298831"><ele>581.73</ele><time>2013-07-18T09:34:47Z</time><extensions><gpxtpx:TrackPointExtension><gpxtpx:atemp>0.0</gpxtpx:atemp></gpxtpx:TrackPointExtension></extensions></trkpt><trkpt lat="54.0723422449" lon="58.3362374268"><ele>581.25</ele><time>2013-07-18T09:34:48Z</time><extensions><gpxtpx:TrackPointExtension><gpxtpx:atemp>0.0</gpxtpx:atemp></gpxtpx:TrackPointExtension></extensions></trkpt><trkpt lat="54.0723549854" lon="58.3362414502"><ele>581.73</ele><time>2013-07-18T09:34:49Z</time><extensions><gpxtpx:TrackPointExtension><gpxtpx:atemp>0.0</gpxtpx:atemp></gpxtpx:TrackPointExtension></extensions></trkpt><trkpt lat="54.0723698214" lon="58.3362453058"><ele>581.25</ele><time>2013-07-18T09:34:50Z</time><extensions><gpxtpx:TrackPointExtension><gpxtpx:atemp>0.0</gpxtpx:atemp></gpxtpx:TrackPointExtension></extensions></trkpt><trkpt lat="54.0723851603" lon="58.3362529334"><ele>581.25</ele><time>2013-07-18T09:34:51Z</time><extensions><gpxtpx:TrackPointExtension><gpxtpx:atemp>0.0</gpxtpx:atemp></gpxtpx:TrackPointExtension></extensions></trkpt><trkpt lat="54.0724008344" lon="58.3362635784"><ele>581.25</ele><time>2013-07-18T09:34:52Z</time><extensions><gpxtpx:TrackPointExtension><gpxtpx:atemp>0.0</gpxtpx:atemp></gpxtpx:TrackPointExtension></extensions></trkpt><trkpt lat="54.0724160895" lon="58.3362724632"><ele>581.25</ele><time>2013-07-18T09:34:53Z</time><extensions><gpxtpx:TrackPointExtension><gpxtpx:atemp>0.0</gpxtpx:atemp></gpxtpx:TrackPointExtension></extensions></trkpt><trkpt lat="54.0724621061" lon="58.3363227546"><ele>581.25</ele><time>2013-07-18T09:34:55Z</time><extensions><gpxtpx:TrackPointExtension><gpxtpx:atemp>0.0</gpxtpx:atemp></gpxtpx:TrackPointExtension></extensions></trkpt><trkpt lat="54.0725710709" lon="58.3363573719"><ele>580.77</ele><time>2013-07-18T09:35:04Z</time><extensions><gpxtpx:TrackPointExtension><gpxtpx:atemp>0.0</gpxtpx:atemp></gpxtpx:TrackPointExtension></extensions></trkpt><trkpt lat="54.0725823026" lon="58.3362997044"><ele>581.25</ele><time>2013-07-18T09:35:08Z</time><extensions><gpxtpx:TrackPointExtension><gpxtpx:atemp>0.0</gpxtpx:atemp></gpxtpx:TrackPointExtension></extensions></trkpt><trkpt lat="54.0728048421" lon="58.3363796677"><ele>581.25</ele><time>2013-07-18T09:35:26Z</time><extensions><gpxtpx:TrackPointExtension><gpxtpx:atemp>0.0</gpxtpx:atemp></gpxtpx:TrackPointExtension></extensions></trkpt><trkpt lat="54.0730569698" lon="58.3364606369"><ele>582.22</ele><time>2013-07-18T09:35:43Z</time><extensions><gpxtpx:TrackPointExtension><gpxtpx:atemp>0.0</gpxtpx:atemp></gpxtpx:TrackPointExtension></extensions></trkpt><trkpt lat="54.0733048227" lon="58.3365331404"><ele>583.18</ele><time>2013-07-18T09:36:00Z</time><extensions><gpxtpx:TrackPointExtension><gpxtpx:atemp>0.0</gpxtpx:atemp></gpxtpx:TrackPointExtension></extensions></trkpt><trkpt lat="54.0733446367" lon="58.3365480602"><ele>582.70</ele><time>2013-07-18T09:36:03Z</time><extensions><gpxtpx:TrackPointExtension><gpxtpx:atemp>0.0</gpxtpx:atemp></gpxtpx:TrackPointExtension></extensions></trkpt><trkpt lat="54.0735164657" lon="58.3366361540"><ele>583.18</ele><time>2013-07-18T09:36:17Z</time><extensions><gpxtpx:TrackPointExtension><gpxtpx:atemp>0.0</gpxtpx:atemp></gpxtpx:TrackPointExtension></extensions></trkpt><trkpt lat="54.0737013705" lon="58.3367129322"><ele>583.66</ele><time>2013-07-18T09:36:31Z</time><extensions><gpxtpx:TrackPointExtension><gpxtpx:atemp>0.0</gpxtpx:atemp></gpxtpx:TrackPointExtension></extensions></trkpt><trkpt lat="54.0737137757" lon="58.3367192186"><ele>583.66</ele><time>2013-07-18T09:36:32Z</time><extensions><gpxtpx:TrackPointExtension><gpxtpx:atemp>0.0</gpxtpx:atemp></gpxtpx:TrackPointExtension></extensions></trkpt><trkpt lat="54.0739468765" lon="58.3367898781"><ele>583.66</ele><time>2013-07-18T09:36:50Z</time><extensions><gpxtpx:TrackPointExtension><gpxtpx:atemp>0.0</gpxtpx:atemp></gpxtpx:TrackPointExtension></extensions></trkpt><trkpt lat="54.0741237346" lon="58.3368925564"><ele>584.14</ele><time>2013-07-18T09:37:05Z</time><extensions><gpxtpx:TrackPointExtension><gpxtpx:atemp>0.0</gpxtpx:atemp></gpxtpx:TrackPointExtension></extensions></trkpt><trkpt lat="54.0742917079" lon="58.3369765431"><ele>584.14</ele><time>2013-07-18T09:37:19Z</time><extensions><gpxtpx:TrackPointExtension><gpxtpx:atemp>0.0</gpxtpx:atemp></gpxtpx:TrackPointExtension></extensions></trkpt><trkpt lat="54.0744467732" lon="58.3370376471"><ele>583.66</ele><time>2013-07-18T09:37:32Z</time><extensions><gpxtpx:TrackPointExtension><gpxtpx:atemp>0.0</gpxtpx:atemp></gpxtpx:TrackPointExtension></extensions></trkpt><trkpt lat="54.0744540654" lon="58.3370448556"><ele>579.81</ele><time>2013-07-18T09:37:40Z</time><extensions><gpxtpx:TrackPointExtension><gpxtpx:atemp>0.0</gpxtpx:atemp></gpxtpx:TrackPointExtension></extensions></trkpt><trkpt lat="54.0744496230" lon="58.3370508906"><ele>584.14</ele><time>2013-07-18T09:37:41Z</time><extensions><gpxtpx:TrackPointExtension><gpxtpx:atemp>0.0</gpxtpx:atemp></gpxtpx:TrackPointExtension></extensions></trkpt><trkpt lat="54.0745763574" lon="58.3370624576"><ele>582.70</ele><time>2013-07-18T09:37:44Z</time><extensions><gpxtpx:TrackPointExtension><gpxtpx:atemp>0.0</gpxtpx:atemp></gpxtpx:TrackPointExtension></extensions></trkpt><trkpt lat="54.0746832266" lon="58.3370952308"><ele>583.18</ele><time>2013-07-18T09:38:09Z</time><extensions><gpxtpx:TrackPointExtension><gpxtpx:atemp>0.0</gpxtpx:atemp></gpxtpx:TrackPointExtension></extensions></trkpt><trkpt lat="54.0746471006" lon="58.3370924648"><ele>583.18</ele><time>2013-07-18T09:38:51Z</time><extensions><gpxtpx:TrackPointExtension><gpxtpx:atemp>0.0</gpxtpx:atemp></gpxtpx:TrackPointExtension></extensions></trkpt><trkpt lat="54.0746533033" lon="58.3370926324"><ele>583.66</ele><time>2013-07-18T09:38:53Z</time><extensions><gpxtpx:TrackPointExtension><gpxtpx:atemp>0.0</gpxtpx:atemp></gpxtpx:TrackPointExtension></extensions></trkpt><trkpt lat="54.0746695641" lon="58.3371014334"><ele>583.66</ele><time>2013-07-18T09:38:55Z</time><extensions><gpxtpx:TrackPointExtension><gpxtpx:atemp>0.0</gpxtpx:atemp></gpxtpx:TrackPointExtension></extensions></trkpt><trkpt lat="54.0748128947" lon="58.3371425886"><ele>583.66</ele><time>2013-07-18T09:39:10Z</time><extensions><gpxtpx:TrackPointExtension><gpxtpx:atemp>0.0</gpxtpx:atemp></gpxtpx:TrackPointExtension></extensions></trkpt><trkpt lat="54.0748234559" lon="58.3371613640"><ele>583.18</ele><time>2013-07-18T09:39:13Z</time><extensions><gpxtpx:TrackPointExtension><gpxtpx:atemp>0.0</gpxtpx:atemp></gpxtpx:TrackPointExtension></extensions></trkpt><trkpt lat="54.0748502780" lon="58.3372021839"><ele>583.66</ele><time>2013-07-18T09:39:16Z</time><extensions><gpxtpx:TrackPointExtension><gpxtpx:atemp>0.0</gpxtpx:atemp></gpxtpx:TrackPointExtension></extensions></trkpt><trkpt lat="54.0749553870" lon="58.3373846579"><ele>583.18</ele><time>2013-07-18T09:39:30Z</time><extensions><gpxtpx:TrackPointExtension><gpxtpx:atemp>0.0</gpxtpx:atemp></gpxtpx:TrackPointExtension></extensions></trkpt><trkpt lat="54.0751115419" lon="58.3374611009"><ele>583.18</ele><time>2013-07-18T09:39:43Z</time><extensions><gpxtpx:TrackPointExtension><gpxtpx:atemp>0.0</gpxtpx:atemp></gpxtpx:TrackPointExtension></extensions></trkpt><trkpt lat="54.0751708020" lon="58.3374701533"><ele>582.70</ele><time>2013-07-18T09:39:47Z</time><extensions><gpxtpx:TrackPointExtension><gpxtpx:atemp>0.0</gpxtpx:atemp></gpxtpx:TrackPointExtension></extensions></trkpt><trkpt lat="54.0753718838" lon="58.3374739252"><ele>583.18</ele><time>2013-07-18T09:39:58Z</time><extensions><gpxtpx:TrackPointExtension><gpxtpx:atemp>0.0</gpxtpx:atemp></gpxtpx:TrackPointExtension></extensions></trkpt><trkpt lat="54.0755468979" lon="58.3374087140"><ele>582.22</ele><time>2013-07-18T09:40:12Z</time><extensions><gpxtpx:TrackPointExtension><gpxtpx:atemp>0.0</gpxtpx:atemp></gpxtpx:TrackPointExtension></extensions></trkpt><trkpt lat="54.0755850356" lon="58.3373140823"><ele>582.70</ele><time>2013-07-18T09:40:16Z</time><extensions><gpxtpx:TrackPointExtension><gpxtpx:atemp>0.0</gpxtpx:atemp></gpxtpx:TrackPointExtension></extensions></trkpt><trkpt lat="54.0756194852" lon="58.3372720890"><ele>582.22</ele><time>2013-07-18T09:40:19Z</time><extensions><gpxtpx:TrackPointExtension><gpxtpx:atemp>0.0</gpxtpx:atemp></gpxtpx:TrackPointExtension></extensions></trkpt><trkpt lat="54.0757261030" lon="58.3372380584"><ele>582.70</ele><time>2013-07-18T09:40:29Z</time><extensions><gpxtpx:TrackPointExtension><gpxtpx:atemp>0.0</gpxtpx:atemp></gpxtpx:TrackPointExtension></extensions></trkpt><trkpt lat="54.0757890511" lon="58.3372484520"><ele>582.70</ele><time>2013-07-18T09:40:35Z</time><extensions><gpxtpx:TrackPointExtension><gpxtpx:atemp>0.0</gpxtpx:atemp></gpxtpx:TrackPointExtension></extensions></trkpt><trkpt lat="54.0759447869" lon="58.3371898625"><ele>582.70</ele><time>2013-07-18T09:40:46Z</time><extensions><gpxtpx:TrackPointExtension><gpxtpx:atemp>0.0</gpxtpx:atemp></gpxtpx:TrackPointExtension></extensions></trkpt><trkpt lat="54.0760185476" lon="58.3371350449"><ele>582.70</ele><time>2013-07-18T09:40:52Z</time><extensions><gpxtpx:TrackPointExtension><gpxtpx:atemp>0.0</gpxtpx:atemp></gpxtpx:TrackPointExtension></extensions></trkpt><trkpt lat="54.0760783106" lon="58.3370173629"><ele>582.70</ele><time>2013-07-18T09:41:01Z</time><extensions><gpxtpx:TrackPointExtension><gpxtpx:atemp>0.0</gpxtpx:atemp></gpxtpx:TrackPointExtension></extensions></trkpt><trkpt lat="54.0761424322" lon="58.3369870204"><ele>582.70</ele><time>2013-07-18T09:41:07Z</time><extensions><gpxtpx:TrackPointExtension><gpxtpx:atemp>0.0</gpxtpx:atemp></gpxtpx:TrackPointExtension></extensions></trkpt><trkpt lat="54.0763093997" lon="58.3369698375"><ele>583.18</ele><time>2013-07-18T09:41:20Z</time><extensions><gpxtpx:TrackPointExtension><gpxtpx:atemp>0.0</gpxtpx:atemp></gpxtpx:TrackPointExtension></extensions></trkpt><trkpt lat="54.0763243195" lon="58.3369731903"><ele>582.70</ele><time>2013-07-18T09:41:21Z</time><extensions><gpxtpx:TrackPointExtension><gpxtpx:atemp>0.0</gpxtpx:atemp></gpxtpx:TrackPointExtension></extensions></trkpt><trkpt lat="54.0764882695" lon="58.3369249944"><ele>582.70</ele><time>2013-07-18T09:41:33Z</time><extensions><gpxtpx:TrackPointExtension><gpxtpx:atemp>0.0</gpxtpx:atemp></gpxtpx:TrackPointExtension></extensions></trkpt><trkpt lat="54.0765368007" lon="58.3369351365"><ele>582.70</ele><time>2013-07-18T09:41:37Z</time><extensions><gpxtpx:TrackPointExtension><gpxtpx:atemp>0.0</gpxtpx:atemp></gpxtpx:TrackPointExtension></extensions></trkpt><trkpt lat="54.0766257327" lon="58.3367948234"><ele>582.70</ele><time>2013-07-18T09:41:53Z</time><extensions><gpxtpx:TrackPointExtension><gpxtpx:atemp>0.0</gpxtpx:atemp></gpxtpx:TrackPointExtension></extensions></trkpt><trkpt lat="54.0767849889" lon="58.3368533291"><ele>583.18</ele><time>2013-07-18T09:42:05Z</time><extensions><gpxtpx:TrackPointExtension><gpxtpx:atemp>0.0</gpxtpx:atemp></gpxtpx:TrackPointExtension></extensions></trkpt><trkpt lat="54.0770064387" lon="58.3368495572"><ele>582.70</ele><time>2013-07-18T09:42:20Z</time><extensions><gpxtpx:TrackPointExtension><gpxtpx:atemp>0.0</gpxtpx:atemp></gpxtpx:TrackPointExtension></extensions></trkpt><trkpt lat="54.0772097837" lon="58.3367786463"><ele>582.70</ele><time>2013-07-18T09:42:33Z</time><extensions><gpxtpx:TrackPointExtension><gpxtpx:atemp>0.0</gpxtpx:atemp></gpxtpx:TrackPointExtension></extensions></trkpt><trkpt lat="54.0773749072" lon="58.3366965037"><ele>582.70</ele><time>2013-07-18T09:42:46Z</time><extensions><gpxtpx:TrackPointExtension><gpxtpx:atemp>0.0</gpxtpx:atemp></gpxtpx:TrackPointExtension></extensions></trkpt><trkpt lat="54.0774174035" lon="58.3366856072"><ele>582.70</ele><time>2013-07-18T09:42:49Z</time><extensions><gpxtpx:TrackPointExtension><gpxtpx:atemp>0.0</gpxtpx:atemp></gpxtpx:TrackPointExtension></extensions></trkpt><trkpt lat="54.0775032341" lon="58.3366348129"><ele>582.70</ele><time>2013-07-18T09:42:55Z</time><extensions><gpxtpx:TrackPointExtension><gpxtpx:atemp>0.0</gpxtpx:atemp></gpxtpx:TrackPointExtension></extensions></trkpt><trkpt lat="54.0776712913" lon="58.3366034646"><ele>582.22</ele><time>2013-07-18T09:43:07Z</time><extensions><gpxtpx:TrackPointExtension><gpxtpx:atemp>0.0</gpxtpx:atemp></gpxtpx:TrackPointExtension></extensions></trkpt><trkpt lat="54.0778878797" lon="58.3365272731"><ele>582.70</ele><time>2013-07-18T09:43:23Z</time><extensions><gpxtpx:TrackPointExtension><gpxtpx:atemp>0.0</gpxtpx:atemp></gpxtpx:TrackPointExtension></extensions></trkpt><trkpt lat="54.0779249277" lon="58.3365178015"><ele>583.18</ele><time>2013-07-18T09:43:25Z</time><extensions><gpxtpx:TrackPointExtension><gpxtpx:atemp>0.0</gpxtpx:atemp></gpxtpx:TrackPointExtension></extensions></trkpt><trkpt lat="54.0780977625" lon="58.3363898098"><ele>582.70</ele><time>2013-07-18T09:43:37Z</time><extensions><gpxtpx:TrackPointExtension><gpxtpx:atemp>0.0</gpxtpx:atemp></gpxtpx:TrackPointExtension></extensions></trkpt><trkpt lat="54.0782353096" lon="58.3363306336"><ele>582.70</ele><time>2013-07-18T09:43:47Z</time><extensions><gpxtpx:TrackPointExtension><gpxtpx:atemp>0.0</gpxtpx:atemp></gpxtpx:TrackPointExtension></extensions></trkpt><trkpt lat="54.0782967489" lon="58.3362920769"><ele>582.70</ele><time>2013-07-18T09:43:52Z</time><extensions><gpxtpx:TrackPointExtension><gpxtpx:atemp>0.0</gpxtpx:atemp></gpxtpx:TrackPointExtension></extensions></trkpt><trkpt lat="54.0784184542" lon="58.3362546936"><ele>582.22</ele><time>2013-07-18T09:44:03Z</time><extensions><gpxtpx:TrackPointExtension><gpxtpx:atemp>0.0</gpxtpx:atemp></gpxtpx:TrackPointExtension></extensions></trkpt><trkpt lat="54.0784414206" lon="58.3362685237"><ele>582.70</ele><time>2013-07-18T09:44:06Z</time><extensions><gpxtpx:TrackPointExtension><gpxtpx:atemp>0.0</gpxtpx:atemp></gpxtpx:TrackPointExtension></extensions></trkpt><trkpt lat="54.0784796420" lon="58.3362690266"><ele>582.22</ele><time>2013-07-18T09:44:10Z</time><extensions><gpxtpx:TrackPointExtension><gpxtpx:atemp>0.0</gpxtpx:atemp></gpxtpx:TrackPointExtension></extensions></trkpt><trkpt lat="54.0785140917" lon="58.3362760674"><ele>582.70</ele><time>2013-07-18T09:44:13Z</time><extensions><gpxtpx:TrackPointExtension><gpxtpx:atemp>0.0</gpxtpx:atemp></gpxtpx:TrackPointExtension></extensions></trkpt><trkpt lat="54.0787293389" lon="58.3361894824"><ele>582.70</ele><time>2013-07-18T09:44:27Z</time><extensions><gpxtpx:TrackPointExtension><gpxtpx:atemp>0.0</gpxtpx:atemp></gpxtpx:TrackPointExtension></extensions></trkpt><trkpt lat="54.0789250564" lon="58.3361550327"><ele>583.66</ele><time>2013-07-18T09:44:41Z</time><extensions><gpxtpx:TrackPointExtension><gpxtpx:atemp>0.0</gpxtpx:atemp></gpxtpx:TrackPointExtension></extensions></trkpt><trkpt lat="54.0792209376" lon="58.3361077588"><ele>583.18</ele><time>2013-07-18T09:45:00Z</time><extensions><gpxtpx:TrackPointExtension><gpxtpx:atemp>0.0</gpxtpx:atemp></gpxtpx:TrackPointExtension></extensions></trkpt><trkpt lat="54.0794682037" lon="58.3360614069"><ele>584.14</ele><time>2013-07-18T09:45:16Z</time><extensions><gpxtpx:TrackPointExtension><gpxtpx:atemp>0.0</gpxtpx:atemp></gpxtpx:TrackPointExtension></extensions></trkpt><trkpt lat="54.0797437169" lon="58.3360348362"><ele>584.62</ele><time>2013-07-18T09:45:35Z</time><extensions><gpxtpx:TrackPointExtension><gpxtpx:atemp>0.0</gpxtpx:atemp></gpxtpx:TrackPointExtension></extensions></trkpt><trkpt lat="54.0799702797" lon="58.3359970339"><ele>586.06</ele><time>2013-07-18T09:45:51Z</time><extensions><gpxtpx:TrackPointExtension><gpxtpx:atemp>0.0</gpxtpx:atemp></gpxtpx:TrackPointExtension></extensions></trkpt><trkpt lat="54.0802263469" lon="58.3359687869"><ele>586.54</ele><time>2013-07-18T09:46:08Z</time><extensions><gpxtpx:TrackPointExtension><gpxtpx:atemp>0.0</gpxtpx:atemp></gpxtpx:TrackPointExtension></extensions></trkpt><trkpt lat="54.0803991817" lon="58.3359850477"><ele>586.06</ele><time>2013-07-18T09:46:21Z</time><extensions><gpxtpx:TrackPointExtension><gpxtpx:atemp>0.0</gpxtpx:atemp></gpxtpx:TrackPointExtension></extensions></trkpt><trkpt lat="54.0804084018" lon="58.3359905798"><ele>586.06</ele><time>2013-07-18T09:46:22Z</time><extensions><gpxtpx:TrackPointExtension><gpxtpx:atemp>0.0</gpxtpx:atemp></gpxtpx:TrackPointExtension></extensions></trkpt><trkpt lat="54.0804140177" lon="58.3360008057"><ele>586.54</ele><time>2013-07-18T09:46:23Z</time><extensions><gpxtpx:TrackPointExtension><gpxtpx:atemp>0.0</gpxtpx:atemp></gpxtpx:TrackPointExtension></extensions></trkpt><trkpt lat="54.0805464517" lon="58.3362306375"><ele>585.10</ele><time>2013-07-18T09:46:37Z</time><extensions><gpxtpx:TrackPointExtension><gpxtpx:atemp>0.0</gpxtpx:atemp></gpxtpx:TrackPointExtension></extensions></trkpt><trkpt lat="54.0806809813" lon="58.3363856189"><ele>586.06</ele><time>2013-07-18T09:46:47Z</time><extensions><gpxtpx:TrackPointExtension><gpxtpx:atemp>0.0</gpxtpx:atemp></gpxtpx:TrackPointExtension></extensions></trkpt><trkpt lat="54.0806977451" lon="58.3363953419"><ele>585.58</ele><time>2013-07-18T09:46:48Z</time><extensions><gpxtpx:TrackPointExtension><gpxtpx:atemp>0.0</gpxtpx:atemp></gpxtpx:TrackPointExtension></extensions></trkpt><trkpt lat="54.0807400737" lon="58.3364186436"><ele>586.06</ele><time>2013-07-18T09:46:51Z</time><extensions><gpxtpx:TrackPointExtension><gpxtpx:atemp>0.0</gpxtpx:atemp></gpxtpx:TrackPointExtension></extensions></trkpt><trkpt lat="54.0808362141" lon="58.3364423644"><ele>586.54</ele><time>2013-07-18T09:46:57Z</time><extensions><gpxtpx:TrackPointExtension><gpxtpx:atemp>0.0</gpxtpx:atemp></gpxtpx:TrackPointExtension></extensions></trkpt><trkpt lat="54.0809491184" lon="58.3366063982"><ele>585.58</ele><time>2013-07-18T09:47:09Z</time><extensions><gpxtpx:TrackPointExtension><gpxtpx:atemp>0.0</gpxtpx:atemp></gpxtpx:TrackPointExtension></extensions></trkpt><trkpt lat="54.0810626931" lon="58.3366709389"><ele>586.06</ele><time>2013-07-18T09:47:18Z</time><extensions><gpxtpx:TrackPointExtension><gpxtpx:atemp>0.0</gpxtpx:atemp></gpxtpx:TrackPointExtension></extensions></trkpt><trkpt lat="54.0811617672" lon="58.3366749622"><ele>585.58</ele><time>2013-07-18T09:47:26Z</time><extensions><gpxtpx:TrackPointExtension><gpxtpx:atemp>0.0</gpxtpx:atemp></gpxtpx:TrackPointExtension></extensions></trkpt><trkpt lat="54.0812031738" lon="58.3366134390"><ele>586.06</ele><time>2013-07-18T09:47:31Z</time><extensions><gpxtpx:TrackPointExtension><gpxtpx:atemp>0.0</gpxtpx:atemp></gpxtpx:TrackPointExtension></extensions></trkpt><trkpt lat="54.0812009946" lon="58.3365331404"><ele>586.06</ele><time>2013-07-18T09:47:35Z</time><extensions><gpxtpx:TrackPointExtension><gpxtpx:atemp>0.0</gpxtpx:atemp></gpxtpx:TrackPointExtension></extensions></trkpt><trkpt lat="54.0812251344" lon="58.3363197371"><ele>586.54</ele><time>2013-07-18T09:47:49Z</time><extensions><gpxtpx:TrackPointExtension><gpxtpx:atemp>0.0</gpxtpx:atemp></gpxtpx:TrackPointExtension></extensions></trkpt><trkpt lat="54.0812875796" lon="58.3361497521"><ele>587.50</ele><time>2013-07-18T09:47:58Z</time><extensions><gpxtpx:TrackPointExtension><gpxtpx:atemp>0.0</gpxtpx:atemp></gpxtpx:TrackPointExtension></extensions></trkpt><trkpt lat="54.0813679621" lon="58.3357946109"><ele>587.50</ele><time>2013-07-18T09:48:10Z</time><extensions><gpxtpx:TrackPointExtension><gpxtpx:atemp>0.0</gpxtpx:atemp></gpxtpx:TrackPointExtension></extensions></trkpt><trkpt lat="54.0813919343" lon="58.3357032482"><ele>587.50</ele><time>2013-07-18T09:48:13Z</time><extensions><gpxtpx:TrackPointExtension><gpxtpx:atemp>0.0</gpxtpx:atemp></gpxtpx:TrackPointExtension></extensions></trkpt><trkpt lat="54.0815226082" lon="58.3354614303"><ele>587.50</ele><time>2013-07-18T09:48:27Z</time><extensions><gpxtpx:TrackPointExtension><gpxtpx:atemp>0.0</gpxtpx:atemp></gpxtpx:TrackPointExtension></extensions></trkpt><trkpt lat="54.0815213509" lon="58.3354550600"><ele>587.98</ele><time>2013-07-18T09:48:28Z</time><extensions><gpxtpx:TrackPointExtension><gpxtpx:atemp>0.0</gpxtpx:atemp></gpxtpx:TrackPointExtension></extensions></trkpt><trkpt lat="54.0816025715" lon="58.3353253920"><ele>587.98</ele><time>2013-07-18T09:48:34Z</time><extensions><gpxtpx:TrackPointExtension><gpxtpx:atemp>0.0</gpxtpx:atemp></gpxtpx:TrackPointExtension></extensions></trkpt><trkpt lat="54.0817455668" lon="58.3353285771"><ele>588.46</ele><time>2013-07-18T09:48:47Z</time><extensions><gpxtpx:TrackPointExtension><gpxtpx:atemp>0.0</gpxtpx:atemp></gpxtpx:TrackPointExtension></extensions></trkpt><trkpt lat="54.0817600675" lon="58.3353377134"><ele>588.46</ele><time>2013-07-18T09:48:48Z</time><extensions><gpxtpx:TrackPointExtension><gpxtpx:atemp>0.0</gpxtpx:atemp></gpxtpx:TrackPointExtension></extensions></trkpt><trkpt lat="54.0818148851" lon="58.3353408147"><ele>588.95</ele><time>2013-07-18T09:48:58Z</time><extensions><gpxtpx:TrackPointExtension><gpxtpx:atemp>0.0</gpxtpx:atemp></gpxtpx:TrackPointExtension></extensions></trkpt><trkpt lat="54.0818717983" lon="58.3352006692"><ele>588.95</ele><time>2013-07-18T09:49:04Z</time><extensions><gpxtpx:TrackPointExtension><gpxtpx:atemp>0.0</gpxtpx:atemp></gpxtpx:TrackPointExtension></extensions></trkpt><trkpt lat="54.0819282923" lon="58.3350966498"><ele>588.95</ele><time>2013-07-18T09:49:09Z</time><extensions><gpxtpx:TrackPointExtension><gpxtpx:atemp>0.0</gpxtpx:atemp></gpxtpx:TrackPointExtension></extensions></trkpt><trkpt lat="54.0820411127" lon="58.3347092383"><ele>589.43</ele><time>2013-07-18T09:49:25Z</time><extensions><gpxtpx:TrackPointExtension><gpxtpx:atemp>0.0</gpxtpx:atemp></gpxtpx:TrackPointExtension></extensions></trkpt><trkpt lat="54.0821205731" lon="58.3344311267"><ele>590.39</ele><time>2013-07-18T09:49:38Z</time><extensions><gpxtpx:TrackPointExtension><gpxtpx:atemp>0.0</gpxtpx:atemp></gpxtpx:TrackPointExtension></extensions></trkpt><trkpt lat="54.0822127741" lon="58.3341432922"><ele>589.91</ele><time>2013-07-18T09:49:51Z</time><extensions><gpxtpx:TrackPointExtension><gpxtpx:atemp>0.0</gpxtpx:atemp></gpxtpx:TrackPointExtension></extensions></trkpt><trkpt lat="54.0823621396" lon="58.3337569702"><ele>590.87</ele><time>2013-07-18T09:50:06Z</time><extensions><gpxtpx:TrackPointExtension><gpxtpx:atemp>0.0</gpxtpx:atemp></gpxtpx:TrackPointExtension></extensions></trkpt><trkpt lat="54.0824195556" lon="58.3335743286"><ele>591.35</ele><time>2013-07-18T09:50:16Z</time><extensions><gpxtpx:TrackPointExtension><gpxtpx:atemp>0.0</gpxtpx:atemp></gpxtpx:TrackPointExtension></extensions></trkpt><trkpt lat="54.0824826714" lon="58.3333465084"><ele>591.35</ele><time>2013-07-18T09:50:25Z</time><extensions><gpxtpx:TrackPointExtension><gpxtpx:atemp>0.0</gpxtpx:atemp></gpxtpx:TrackPointExtension></extensions></trkpt><trkpt lat="54.0825676639" lon="58.3329541516"><ele>592.31</ele><time>2013-07-18T09:50:41Z</time><extensions><gpxtpx:TrackPointExtension><gpxtpx:atemp>0.0</gpxtpx:atemp></gpxtpx:TrackPointExtension></extensions></trkpt><trkpt lat="54.0825744532" lon="58.3329423331"><ele>592.79</ele><time>2013-07-18T09:50:42Z</time><extensions><gpxtpx:TrackPointExtension><gpxtpx:atemp>0.0</gpxtpx:atemp></gpxtpx:TrackPointExtension></extensions></trkpt><trkpt lat="54.0827619564" lon="58.3327000961"><ele>592.79</ele><time>2013-07-18T09:50:57Z</time><extensions><gpxtpx:TrackPointExtension><gpxtpx:atemp>0.0</gpxtpx:atemp></gpxtpx:TrackPointExtension></extensions></trkpt><trkpt lat="54.0828913730" lon="58.3324956615"><ele>594.23</ele><time>2013-07-18T09:51:11Z</time><extensions><gpxtpx:TrackPointExtension><gpxtpx:atemp>0.0</gpxtpx:atemp></gpxtpx:TrackPointExtension></extensions></trkpt><trkpt lat="54.0828896128" lon="58.3319721278"><ele>594.71</ele><time>2013-07-18T09:51:27Z</time><extensions><gpxtpx:TrackPointExtension><gpxtpx:atemp>0.0</gpxtpx:atemp></gpxtpx:TrackPointExtension></extensions></trkpt><trkpt lat="54.0831204504" lon="58.3316934295"><ele>596.64</ele><time>2013-07-18T09:51:44Z</time><extensions><gpxtpx:TrackPointExtension><gpxtpx:atemp>0.0</gpxtpx:atemp></gpxtpx:TrackPointExtension></extensions></trkpt><trkpt lat="54.0833433252" lon="58.3314706385"><ele>598.56</ele><time>2013-07-18T09:52:01Z</time><extensions><gpxtpx:TrackPointExtension><gpxtpx:atemp>0.0</gpxtpx:atemp></gpxtpx:TrackPointExtension></extensions></trkpt><trkpt lat="54.0834936127" lon="58.3314284775"><ele>600.96</ele><time>2013-07-18T09:52:16Z</time><extensions><gpxtpx:TrackPointExtension><gpxtpx:atemp>0.0</gpxtpx:atemp></gpxtpx:TrackPointExtension></extensions></trkpt><trkpt lat="54.0835671220" lon="58.3314136416"><ele>602.88</ele><time>2013-07-18T09:52:25Z</time><extensions><gpxtpx:TrackPointExtension><gpxtpx:atemp>0.0</gpxtpx:atemp></gpxtpx:TrackPointExtension></extensions></trkpt><trkpt lat="54.0837713052" lon="58.3314306568"><ele>604.81</ele><time>2013-07-18T09:52:43Z</time><extensions><gpxtpx:TrackPointExtension><gpxtpx:atemp>0.0</gpxtpx:atemp></gpxtpx:TrackPointExtension></extensions></trkpt><trkpt lat="54.0841569565" lon="58.3315117937"><ele>604.33</ele><time>2013-07-18T09:53:00Z</time><extensions><gpxtpx:TrackPointExtension><gpxtpx:atemp>0.0</gpxtpx:atemp></gpxtpx:TrackPointExtension></extensions></trkpt><trkpt lat="54.0843031369" lon="58.3314828761"><ele>603.36</ele><time>2013-07-18T09:53:10Z</time><extensions><gpxtpx:TrackPointExtension><gpxtpx:atemp>0.0</gpxtpx:atemp></gpxtpx:TrackPointExtension></extensions></trkpt><trkpt lat="54.0845423564" lon="58.3311522938"><ele>604.81</ele><time>2013-07-18T09:53:20Z</time><extensions><gpxtpx:TrackPointExtension><gpxtpx:atemp>0.0</gpxtpx:atemp></gpxtpx:TrackPointExtension></extensions></trkpt><trkpt lat="54.0847068932" lon="58.3308948856"><ele>606.25</ele><time>2013-07-18T09:53:36Z</time><extensions><gpxtpx:TrackPointExtension><gpxtpx:atemp>0.0</gpxtpx:atemp></gpxtpx:TrackPointExtension></extensions></trkpt><trkpt lat="54.0847311169" lon="58.3308317699"><ele>605.77</ele><time>2013-07-18T09:53:39Z</time><extensions><gpxtpx:TrackPointExtension><gpxtpx:atemp>0.0</gpxtpx:atemp></gpxtpx:TrackPointExtension></extensions></trkpt><trkpt lat="54.0847387444" lon="58.3307946380"><ele>605.77</ele><time>2013-07-18T09:53:41Z</time><extensions><gpxtpx:TrackPointExtension><gpxtpx:atemp>0.0</gpxtpx:atemp></gpxtpx:TrackPointExtension></extensions></trkpt><trkpt lat="54.0848026145" lon="58.3304881118"><ele>605.77</ele><time>2013-07-18T09:53:56Z</time><extensions><gpxtpx:TrackPointExtension><gpxtpx:atemp>0.0</gpxtpx:atemp></gpxtpx:TrackPointExtension></extensions></trkpt><trkpt lat="54.0848516487" lon="58.3301555179"><ele>606.73</ele><time>2013-07-18T09:54:10Z</time><extensions><gpxtpx:TrackPointExtension><gpxtpx:atemp>0.0</gpxtpx:atemp></gpxtpx:TrackPointExtension></extensions></trkpt><trkpt lat="54.0848599467" lon="58.3299485687"><ele>607.21</ele><time>2013-07-18T09:54:17Z</time><extensions><gpxtpx:TrackPointExtension><gpxtpx:atemp>0.0</gpxtpx:atemp></gpxtpx:TrackPointExtension></extensions></trkpt><trkpt lat="54.0849374793" lon="58.3297841996"><ele>606.73</ele><time>2013-07-18T09:54:26Z</time><extensions><gpxtpx:TrackPointExtension><gpxtpx:atemp>0.0</gpxtpx:atemp></gpxtpx:TrackPointExtension></extensions></trkpt><trkpt lat="54.0850135870" lon="58.3294416312"><ele>609.13</ele><time>2013-07-18T09:54:39Z</time><extensions><gpxtpx:TrackPointExtension><gpxtpx:atemp>0.0</gpxtpx:atemp></gpxtpx:TrackPointExtension></extensions></trkpt><trkpt lat="54.0851542354" lon="58.3292862307"><ele>610.09</ele><time>2013-07-18T09:54:51Z</time><extensions><gpxtpx:TrackPointExtension><gpxtpx:atemp>0.0</gpxtpx:atemp></gpxtpx:TrackPointExtension></extensions></trkpt><trkpt lat="54.0854210313" lon="58.3290082030"><ele>612.98</ele><time>2013-07-18T09:55:05Z</time><extensions><gpxtpx:TrackPointExtension><gpxtpx:atemp>0.0</gpxtpx:atemp></gpxtpx:TrackPointExtension></extensions></trkpt><trkpt lat="54.0855806228" lon="58.3287693188"><ele>613.94</ele><time>2013-07-18T09:55:21Z</time><extensions><gpxtpx:TrackPointExtension><gpxtpx:atemp>0.0</gpxtpx:atemp></gpxtpx:TrackPointExtension></extensions></trkpt><trkpt lat="54.0857221093" lon="58.3285914548"><ele>614.90</ele><time>2013-07-18T09:55:34Z</time><extensions><gpxtpx:TrackPointExtension><gpxtpx:atemp>0.0</gpxtpx:atemp></gpxtpx:TrackPointExtension></extensions></trkpt><trkpt lat="54.0858563874" lon="58.3284610324"><ele>616.34</ele><time>2013-07-18T09:55:48Z</time><extensions><gpxtpx:TrackPointExtension><gpxtpx:atemp>0.0</gpxtpx:atemp></gpxtpx:TrackPointExtension></extensions></trkpt><trkpt lat="54.0860497579" lon="58.3281928115"><ele>617.30</ele><time>2013-07-18T09:56:04Z</time><extensions><gpxtpx:TrackPointExtension><gpxtpx:atemp>0.0</gpxtpx:atemp></gpxtpx:TrackPointExtension></extensions></trkpt><trkpt lat="54.0860645100" lon="58.3281804062"><ele>616.82</ele><time>2013-07-18T09:56:05Z</time><extensions><gpxtpx:TrackPointExtension><gpxtpx:atemp>0.0</gpxtpx:atemp></gpxtpx:TrackPointExtension></extensions></trkpt><trkpt lat="54.0862411167" lon="58.3279825933"><ele>618.75</ele><time>2013-07-18T09:56:20Z</time><extensions><gpxtpx:TrackPointExtension><gpxtpx:atemp>0.0</gpxtpx:atemp></gpxtpx:TrackPointExtension></extensions></trkpt><trkpt lat="54.0863385145" lon="58.3278012089"><ele>620.19</ele><time>2013-07-18T09:56:33Z</time><extensions><gpxtpx:TrackPointExtension><gpxtpx:atemp>0.0</gpxtpx:atemp></gpxtpx:TrackPointExtension></extensions></trkpt><trkpt lat="54.0863607265" lon="58.3277518395"><ele>619.71</ele><time>2013-07-18T09:56:36Z</time><extensions><gpxtpx:TrackPointExtension><gpxtpx:atemp>0.0</gpxtpx:atemp></gpxtpx:TrackPointExtension></extensions></trkpt><trkpt lat="54.0864397679" lon="58.3274977002"><ele>620.67</ele><time>2013-07-18T09:56:46Z</time><extensions><gpxtpx:TrackPointExtension><gpxtpx:atemp>0.0</gpxtpx:atemp></gpxtpx:TrackPointExtension></extensions></trkpt><trkpt lat="54.0864965972" lon="58.3274064213"><ele>621.15</ele><time>2013-07-18T09:56:51Z</time><extensions><gpxtpx:TrackPointExtension><gpxtpx:atemp>0.0</gpxtpx:atemp></gpxtpx:TrackPointExtension></extensions></trkpt><trkpt lat="54.0865055658" lon="58.3273336664"><ele>621.15</ele><time>2013-07-18T09:56:54Z</time><extensions><gpxtpx:TrackPointExtension><gpxtpx:atemp>0.0</gpxtpx:atemp></gpxtpx:TrackPointExtension></extensions></trkpt><trkpt lat="54.0866362397" lon="58.3270863164"><ele>622.59</ele><time>2013-07-18T09:57:07Z</time><extensions><gpxtpx:TrackPointExtension><gpxtpx:atemp>0.0</gpxtpx:atemp></gpxtpx:TrackPointExtension></extensions></trkpt><trkpt lat="54.0867109224" lon="58.3268960472"><ele>623.55</ele><time>2013-07-18T09:57:16Z</time><extensions><gpxtpx:TrackPointExtension><gpxtpx:atemp>0.0</gpxtpx:atemp></gpxtpx:TrackPointExtension></extensions></trkpt><trkpt lat="54.0867022052" lon="58.3267770242"><ele>624.51</ele><time>2013-07-18T09:57:20Z</time><extensions><gpxtpx:TrackPointExtension><gpxtpx:atemp>0.0</gpxtpx:atemp></gpxtpx:TrackPointExtension></extensions></trkpt><trkpt lat="54.0868015308" lon="58.3265556581"><ele>624.99</ele><time>2013-07-18T09:57:30Z</time><extensions><gpxtpx:TrackPointExtension><gpxtpx:atemp>0.0</gpxtpx:atemp></gpxtpx:TrackPointExtension></extensions></trkpt><trkpt lat="54.0868316218" lon="58.3264365513"><ele>625.47</ele><time>2013-07-18T09:57:35Z</time><extensions><gpxtpx:TrackPointExtension><gpxtpx:atemp>0.0</gpxtpx:atemp></gpxtpx:TrackPointExtension></extensions></trkpt><trkpt lat="54.0869212244" lon="58.3260860201"><ele>625.47</ele><time>2013-07-18T09:57:49Z</time><extensions><gpxtpx:TrackPointExtension><gpxtpx:atemp>0.0</gpxtpx:atemp></gpxtpx:TrackPointExtension></extensions></trkpt><trkpt lat="54.0869357251" lon="58.3257028833"><ele>626.92</ele><time>2013-07-18T09:58:02Z</time><extensions><gpxtpx:TrackPointExtension><gpxtpx:atemp>0.0</gpxtpx:atemp></gpxtpx:TrackPointExtension></extensions></trkpt><trkpt lat="54.0869678278" lon="58.3253352530"><ele>628.84</ele><time>2013-07-18T09:58:18Z</time><extensions><gpxtpx:TrackPointExtension><gpxtpx:atemp>0.0</gpxtpx:atemp></gpxtpx:TrackPointExtension></extensions></trkpt><trkpt lat="54.0870237350" lon="58.3251798525"><ele>629.80</ele><time>2013-07-18T09:58:26Z</time><extensions><gpxtpx:TrackPointExtension><gpxtpx:atemp>0.0</gpxtpx:atemp></gpxtpx:TrackPointExtension></extensions></trkpt><trkpt lat="54.0870589390" lon="58.3250534534"><ele>629.80</ele><time>2013-07-18T09:58:33Z</time><extensions><gpxtpx:TrackPointExtension><gpxtpx:atemp>0.0</gpxtpx:atemp></gpxtpx:TrackPointExtension></extensions></trkpt><trkpt lat="54.0871249046" lon="58.3246726636"><ele>630.28</ele><time>2013-07-18T09:58:47Z</time><extensions><gpxtpx:TrackPointExtension><gpxtpx:atemp>0.0</gpxtpx:atemp></gpxtpx:TrackPointExtension></extensions></trkpt><trkpt lat="54.0871413331" lon="58.3244336955"><ele>630.76</ele><time>2013-07-18T09:58:56Z</time><extensions><gpxtpx:TrackPointExtension><gpxtpx:atemp>0.0</gpxtpx:atemp></gpxtpx:TrackPointExtension></extensions></trkpt><trkpt lat="54.0870606992" lon="58.3240031172"><ele>630.28</ele><time>2013-07-18T09:59:12Z</time><extensions><gpxtpx:TrackPointExtension><gpxtpx:atemp>0.0</gpxtpx:atemp></gpxtpx:TrackPointExtension></extensions></trkpt><trkpt lat="54.0870132577" lon="58.3236804139"><ele>628.36</ele><time>2013-07-18T09:59:27Z</time><extensions><gpxtpx:TrackPointExtension><gpxtpx:atemp>0.0</gpxtpx:atemp></gpxtpx:TrackPointExtension></extensions></trkpt><trkpt lat="54.0868939832" lon="58.3233915735"><ele>628.36</ele><time>2013-07-18T09:59:41Z</time><extensions><gpxtpx:TrackPointExtension><gpxtpx:atemp>0.0</gpxtpx:atemp></gpxtpx:TrackPointExtension></extensions></trkpt><trkpt lat="54.0868418477" lon="58.3230437245"><ele>624.51</ele><time>2013-07-18T09:59:56Z</time><extensions><gpxtpx:TrackPointExtension><gpxtpx:atemp>0.0</gpxtpx:atemp></gpxtpx:TrackPointExtension></extensions></trkpt><trkpt lat="54.0868185461" lon="58.3229371067"><ele>627.88</ele><time>2013-07-18T10:00:00Z</time><extensions><gpxtpx:TrackPointExtension><gpxtpx:atemp>0.0</gpxtpx:atemp></gpxtpx:TrackPointExtension></extensions></trkpt><trkpt lat="54.0868148580" lon="58.3228425588"><ele>624.03</ele><time>2013-07-18T10:00:04Z</time><extensions><gpxtpx:TrackPointExtension><gpxtpx:atemp>0.0</gpxtpx:atemp></gpxtpx:TrackPointExtension></extensions></trkpt><trkpt lat="54.0868172888" lon="58.3228163235"><ele>627.40</ele><time>2013-07-18T10:00:05Z</time><extensions><gpxtpx:TrackPointExtension><gpxtpx:atemp>0.0</gpxtpx:atemp></gpxtpx:TrackPointExtension></extensions></trkpt><trkpt lat="54.0868227370" lon="58.3226864878"><ele>626.92</ele><time>2013-07-18T10:00:10Z</time><extensions><gpxtpx:TrackPointExtension><gpxtpx:atemp>0.0</gpxtpx:atemp></gpxtpx:TrackPointExtension></extensions></trkpt><trkpt lat="54.0867793187" lon="58.3223768603"><ele>630.28</ele><time>2013-07-18T10:00:19Z</time><extensions><gpxtpx:TrackPointExtension><gpxtpx:atemp>0.0</gpxtpx:atemp></gpxtpx:TrackPointExtension></extensions></trkpt><trkpt lat="54.0867480543" lon="58.3222065400"><ele>629.80</ele><time>2013-07-18T10:00:24Z</time><extensions><gpxtpx:TrackPointExtension><gpxtpx:atemp>0.0</gpxtpx:atemp></gpxtpx:TrackPointExtension></extensions></trkpt><trkpt lat="54.0867343079" lon="58.3221098129"><ele>630.28</ele><time>2013-07-18T10:00:27Z</time><extensions><gpxtpx:TrackPointExtension><gpxtpx:atemp>0.0</gpxtpx:atemp></gpxtpx:TrackPointExtension></extensions></trkpt><trkpt lat="54.0867060609" lon="58.3218840882"><ele>631.72</ele><time>2013-07-18T10:00:34Z</time><extensions><gpxtpx:TrackPointExtension><gpxtpx:atemp>0.0</gpxtpx:atemp></gpxtpx:TrackPointExtension></extensions></trkpt><trkpt lat="54.0867189690" lon="58.3217207249"><ele>629.80</ele><time>2013-07-18T10:00:40Z</time><extensions><gpxtpx:TrackPointExtension><gpxtpx:atemp>0.0</gpxtpx:atemp></gpxtpx:TrackPointExtension></extensions></trkpt><trkpt lat="54.0867550112" lon="58.3216643147"><ele>631.24</ele><time>2013-07-18T10:00:56Z</time><extensions><gpxtpx:TrackPointExtension><gpxtpx:atemp>0.0</gpxtpx:atemp></gpxtpx:TrackPointExtension></extensions></trkpt><trkpt lat="54.0866851900" lon="58.3217280172"><ele>624.03</ele><time>2013-07-18T10:01:11Z</time><extensions><gpxtpx:TrackPointExtension><gpxtpx:atemp>0.0</gpxtpx:atemp></gpxtpx:TrackPointExtension></extensions></trkpt><trkpt lat="54.0866814181" lon="58.3217246644"><ele>636.05</ele><time>2013-07-18T10:01:12Z</time><extensions><gpxtpx:TrackPointExtension><gpxtpx:atemp>0.0</gpxtpx:atemp></gpxtpx:TrackPointExtension></extensions></trkpt><trkpt lat="54.0866069030" lon="58.3213827666"><ele>630.28</ele><time>2013-07-18T10:01:26Z</time><extensions><gpxtpx:TrackPointExtension><gpxtpx:atemp>0.0</gpxtpx:atemp></gpxtpx:TrackPointExtension></extensions></trkpt><trkpt lat="54.0865980182" lon="58.3213379234"><ele>634.13</ele><time>2013-07-18T10:01:29Z</time><extensions><gpxtpx:TrackPointExtension><gpxtpx:atemp>0.0</gpxtpx:atemp></gpxtpx:TrackPointExtension></extensions></trkpt><trkpt lat="54.0866571106" lon="58.3210541960"><ele>633.65</ele><time>2013-07-18T10:01:39Z</time><extensions><gpxtpx:TrackPointExtension><gpxtpx:atemp>0.0</gpxtpx:atemp></gpxtpx:TrackPointExtension></extensions></trkpt><trkpt lat="54.0866729524" lon="58.3209926728"><ele>632.68</ele><time>2013-07-18T10:01:42Z</time><extensions><gpxtpx:TrackPointExtension><gpxtpx:atemp>0.0</gpxtpx:atemp></gpxtpx:TrackPointExtension></extensions></trkpt><trkpt lat="54.0866849385" lon="58.3208574727"><ele>635.57</ele><time>2013-07-18T10:01:49Z</time><extensions><gpxtpx:TrackPointExtension><gpxtpx:atemp>0.0</gpxtpx:atemp></gpxtpx:TrackPointExtension></extensions></trkpt><trkpt lat="54.0867058933" lon="58.3207895793"><ele>634.13</ele><time>2013-07-18T10:01:52Z</time><extensions><gpxtpx:TrackPointExtension><gpxtpx:atemp>0.0</gpxtpx:atemp></gpxtpx:TrackPointExtension></extensions></trkpt><trkpt lat="54.0867743734" lon="58.3204389643"><ele>637.01</ele><time>2013-07-18T10:02:08Z</time><extensions><gpxtpx:TrackPointExtension><gpxtpx:atemp>0.0</gpxtpx:atemp></gpxtpx:TrackPointExtension></extensions></trkpt><trkpt lat="54.0867932327" lon="58.3204099629"><ele>637.49</ele><time>2013-07-18T10:02:11Z</time><extensions><gpxtpx:TrackPointExtension><gpxtpx:atemp>0.0</gpxtpx:atemp></gpxtpx:TrackPointExtension></extensions></trkpt><trkpt lat="54.0868187137" lon="58.3203362022"><ele>637.01</ele><time>2013-07-18T10:02:15Z</time><extensions><gpxtpx:TrackPointExtension><gpxtpx:atemp>0.0</gpxtpx:atemp></gpxtpx:TrackPointExtension></extensions></trkpt><trkpt lat="54.0868649818" lon="58.3201852441"><ele>637.97</ele><time>2013-07-18T10:02:22Z</time><extensions><gpxtpx:TrackPointExtension><gpxtpx:atemp>0.0</gpxtpx:atemp></gpxtpx:TrackPointExtension></extensions></trkpt><trkpt lat="54.0869325399" lon="58.3200633712"><ele>637.49</ele><time>2013-07-18T10:02:29Z</time><extensions><gpxtpx:TrackPointExtension><gpxtpx:atemp>0.0</gpxtpx:atemp></gpxtpx:TrackPointExtension></extensions></trkpt><trkpt lat="54.0869958233" lon="58.3199887723"><ele>637.97</ele><time>2013-07-18T10:02:33Z</time><extensions><gpxtpx:TrackPointExtension><gpxtpx:atemp>0.0</gpxtpx:atemp></gpxtpx:TrackPointExtension></extensions></trkpt><trkpt lat="54.0871805605" lon="58.3197342139"><ele>639.89</ele><time>2013-07-18T10:02:47Z</time><extensions><gpxtpx:TrackPointExtension><gpxtpx:atemp>0.0</gpxtpx:atemp></gpxtpx:TrackPointExtension></extensions></trkpt><trkpt lat="54.0872181114" lon="58.3197160251"><ele>639.89</ele><time>2013-07-18T10:02:50Z</time><extensions><gpxtpx:TrackPointExtension><gpxtpx:atemp>0.0</gpxtpx:atemp></gpxtpx:TrackPointExtension></extensions></trkpt><trkpt lat="54.0874870028" lon="58.3197120018"><ele>638.93</ele><time>2013-07-18T10:03:07Z</time><extensions><gpxtpx:TrackPointExtension><gpxtpx:atemp>0.0</gpxtpx:atemp></gpxtpx:TrackPointExtension></extensions></trkpt><trkpt lat="54.0875219554" lon="58.3197224792"><ele>642.78</ele><time>2013-07-18T10:03:09Z</time><extensions><gpxtpx:TrackPointExtension><gpxtpx:atemp>0.0</gpxtpx:atemp></gpxtpx:TrackPointExtension></extensions></trkpt><trkpt lat="54.0875398926" lon="58.3197292686"><ele>642.30</ele><time>2013-07-18T10:03:10Z</time><extensions><gpxtpx:TrackPointExtension><gpxtpx:atemp>0.0</gpxtpx:atemp></gpxtpx:TrackPointExtension></extensions></trkpt><trkpt lat="54.0875761863" lon="58.3197378181"><ele>640.38</ele><time>2013-07-18T10:03:12Z</time><extensions><gpxtpx:TrackPointExtension><gpxtpx:atemp>0.0</gpxtpx:atemp></gpxtpx:TrackPointExtension></extensions></trkpt><trkpt lat="54.0877963789" lon="58.3196861856"><ele>641.34</ele><time>2013-07-18T10:03:27Z</time><extensions><gpxtpx:TrackPointExtension><gpxtpx:atemp>0.0</gpxtpx:atemp></gpxtpx:TrackPointExtension></extensions></trkpt><trkpt lat="54.0878273081" lon="58.3196623810"><ele>643.26</ele><time>2013-07-18T10:03:30Z</time><extensions><gpxtpx:TrackPointExtension><gpxtpx:atemp>0.0</gpxtpx:atemp></gpxtpx:TrackPointExtension></extensions></trkpt><trkpt lat="54.0879669506" lon="58.3195798192"><ele>643.74</ele><time>2013-07-18T10:03:42Z</time><extensions><gpxtpx:TrackPointExtension><gpxtpx:atemp>0.0</gpxtpx:atemp></gpxtpx:TrackPointExtension></extensions></trkpt><trkpt lat="54.0880265459" lon="58.3195286058"><ele>647.59</ele><time>2013-07-18T10:03:47Z</time><extensions><gpxtpx:TrackPointExtension><gpxtpx:atemp>0.0</gpxtpx:atemp></gpxtpx:TrackPointExtension></extensions></trkpt><trkpt lat="54.0880361851" lon="58.3195193019"><ele>643.74</ele><time>2013-07-18T10:03:48Z</time><extensions><gpxtpx:TrackPointExtension><gpxtpx:atemp>0.0</gpxtpx:atemp></gpxtpx:TrackPointExtension></extensions></trkpt><trkpt lat="54.0880699642" lon="58.3194985986"><ele>648.55</ele><time>2013-07-18T10:03:52Z</time><extensions><gpxtpx:TrackPointExtension><gpxtpx:atemp>0.0</gpxtpx:atemp></gpxtpx:TrackPointExtension></extensions></trkpt><trkpt lat="54.0880832914" lon="58.3194920607"><ele>645.18</ele><time>2013-07-18T10:03:54Z</time><extensions><gpxtpx:TrackPointExtension><gpxtpx:atemp>0.0</gpxtpx:atemp></gpxtpx:TrackPointExtension></extensions></trkpt><trkpt lat="54.0881417971" lon="58.3194413502"><ele>645.66</ele><time>2013-07-18T10:03:59Z</time><extensions><gpxtpx:TrackPointExtension><gpxtpx:atemp>0.0</gpxtpx:atemp></gpxtpx:TrackPointExtension></extensions></trkpt><trkpt lat="54.0882150549" lon="58.3193814196"><ele>646.14</ele><time>2013-07-18T10:04:05Z</time><extensions><gpxtpx:TrackPointExtension><gpxtpx:atemp>0.0</gpxtpx:atemp></gpxtpx:TrackPointExtension></extensions></trkpt><trkpt lat="54.0884179808" lon="58.3193422761"><ele>647.10</ele><time>2013-07-18T10:04:20Z</time><extensions><gpxtpx:TrackPointExtension><gpxtpx:atemp>0.0</gpxtpx:atemp></gpxtpx:TrackPointExtension></extensions></trkpt><trkpt lat="54.0884479042" lon="58.3193389233"><ele>648.07</ele><time>2013-07-18T10:04:23Z</time><extensions><gpxtpx:TrackPointExtension><gpxtpx:atemp>0.0</gpxtpx:atemp></gpxtpx:TrackPointExtension></extensions></trkpt><trkpt lat="54.0885056555" lon="58.3193445392"><ele>648.55</ele><time>2013-07-18T10:04:28Z</time><extensions><gpxtpx:TrackPointExtension><gpxtpx:atemp>0.0</gpxtpx:atemp></gpxtpx:TrackPointExtension></extensions></trkpt><trkpt lat="54.0885723755" lon="58.3193786535"><ele>649.51</ele><time>2013-07-18T10:04:33Z</time><extensions><gpxtpx:TrackPointExtension><gpxtpx:atemp>0.0</gpxtpx:atemp></gpxtpx:TrackPointExtension></extensions></trkpt><trkpt lat="54.0886755567" lon="58.3194317948"><ele>650.47</ele><time>2013-07-18T10:04:41Z</time><extensions><gpxtpx:TrackPointExtension><gpxtpx:atemp>0.0</gpxtpx:atemp></gpxtpx:TrackPointExtension></extensions></trkpt><trkpt lat="54.0887012053" lon="58.3194453735"><ele>649.51</ele><time>2013-07-18T10:04:43Z</time><extensions><gpxtpx:TrackPointExtension><gpxtpx:atemp>0.0</gpxtpx:atemp></gpxtpx:TrackPointExtension></extensions></trkpt><trkpt lat="54.0887727868" lon="58.3194996044"><ele>649.03</ele><time>2013-07-18T10:04:50Z</time><extensions><gpxtpx:TrackPointExtension><gpxtpx:atemp>0.0</gpxtpx:atemp></gpxtpx:TrackPointExtension></extensions></trkpt><trkpt lat="54.0888245869" lon="58.3195476327"><ele>651.43</ele><time>2013-07-18T10:04:55Z</time><extensions><gpxtpx:TrackPointExtension><gpxtpx:atemp>0.0</gpxtpx:atemp></gpxtpx:TrackPointExtension></extensions></trkpt><trkpt lat="54.0888558514" lon="58.3195623849"><ele>651.43</ele><time>2013-07-18T10:04:58Z</time><extensions><gpxtpx:TrackPointExtension><gpxtpx:atemp>0.0</gpxtpx:atemp></gpxtpx:TrackPointExtension></extensions></trkpt><trkpt lat="54.0888922289" lon="58.3195934817"><ele>653.83</ele><time>2013-07-18T10:05:01Z</time><extensions><gpxtpx:TrackPointExtension><gpxtpx:atemp>0.0</gpxtpx:atemp></gpxtpx:TrackPointExtension></extensions></trkpt><trkpt lat="54.0890248306" lon="58.3196512330"><ele>652.39</ele><time>2013-07-18T10:05:17Z</time><extensions><gpxtpx:TrackPointExtension><gpxtpx:atemp>0.0</gpxtpx:atemp></gpxtpx:TrackPointExtension></extensions></trkpt><trkpt lat="54.0891267546" lon="58.3196341339"><ele>656.24</ele><time>2013-07-18T10:05:31Z</time><extensions><gpxtpx:TrackPointExtension><gpxtpx:atemp>0.0</gpxtpx:atemp></gpxtpx:TrackPointExtension></extensions></trkpt><trkpt lat="54.0891837515" lon="58.3195988461"><ele>653.35</ele><time>2013-07-18T10:05:35Z</time><extensions><gpxtpx:TrackPointExtension><gpxtpx:atemp>0.0</gpxtpx:atemp></gpxtpx:TrackPointExtension></extensions></trkpt><trkpt lat="54.0892164409" lon="58.3195536677"><ele>654.31</ele><time>2013-07-18T10:05:43Z</time><extensions><gpxtpx:TrackPointExtension><gpxtpx:atemp>0.0</gpxtpx:atemp></gpxtpx:TrackPointExtension></extensions></trkpt><trkpt lat="54.0890550055" lon="58.3195469622"><ele>652.87</ele><time>2013-07-18T10:05:53Z</time><extensions><gpxtpx:TrackPointExtension><gpxtpx:atemp>0.0</gpxtpx:atemp></gpxtpx:TrackPointExtension></extensions></trkpt><trkpt lat="54.0890078992" lon="58.3195712697"><ele>651.43</ele><time>2013-07-18T10:05:57Z</time><extensions><gpxtpx:TrackPointExtension><gpxtpx:atemp>0.0</gpxtpx:atemp></gpxtpx:TrackPointExtension></extensions></trkpt><trkpt lat="54.0890120901" lon="58.3197980840"><ele>651.43</ele><time>2013-07-18T10:06:11Z</time><extensions><gpxtpx:TrackPointExtension><gpxtpx:atemp>0.0</gpxtpx:atemp></gpxtpx:TrackPointExtension></extensions></trkpt><trkpt lat="54.0890566818" lon="58.3198306058"><ele>651.91</ele><time>2013-07-18T10:06:31Z</time><extensions><gpxtpx:TrackPointExtension><gpxtpx:atemp>0.0</gpxtpx:atemp></gpxtpx:TrackPointExtension></extensions></trkpt><trkpt lat="54.0890843421" lon="58.3199175261"><ele>651.43</ele><time>2013-07-18T10:06:58Z</time><extensions><gpxtpx:TrackPointExtension><gpxtpx:atemp>0.0</gpxtpx:atemp></gpxtpx:TrackPointExtension></extensions></trkpt><trkpt lat="54.0890938975" lon="58.3198523149"><ele>652.39</ele><time>2013-07-18T10:07:00Z</time><extensions><gpxtpx:TrackPointExtension><gpxtpx:atemp>0.0</gpxtpx:atemp></gpxtpx:TrackPointExtension></extensions></trkpt><trkpt lat="54.0891194623" lon="58.3196997643"><ele>645.18</ele><time>2013-07-18T10:07:07Z</time><extensions><gpxtpx:TrackPointExtension><gpxtpx:atemp>0.0</gpxtpx:atemp></gpxtpx:TrackPointExtension></extensions></trkpt><trkpt lat="54.0891221445" lon="58.3196985070"><ele>657.68</ele><time>2013-07-18T10:07:08Z</time><extensions><gpxtpx:TrackPointExtension><gpxtpx:atemp>0.0</gpxtpx:atemp></gpxtpx:TrackPointExtension></extensions></trkpt><trkpt lat="54.0891262516" lon="58.3196941484"><ele>653.35</ele><time>2013-07-18T10:07:09Z</time><extensions><gpxtpx:TrackPointExtension><gpxtpx:atemp>0.0</gpxtpx:atemp></gpxtpx:TrackPointExtension></extensions></trkpt><trkpt lat="54.0892587695" lon="58.3196366485"><ele>655.76</ele><time>2013-07-18T10:07:19Z</time><extensions><gpxtpx:TrackPointExtension><gpxtpx:atemp>0.0</gpxtpx:atemp></gpxtpx:TrackPointExtension></extensions></trkpt><trkpt lat="54.0892797243" lon="58.3196227346"><ele>654.80</ele><time>2013-07-18T10:07:20Z</time><extensions><gpxtpx:TrackPointExtension><gpxtpx:atemp>0.0</gpxtpx:atemp></gpxtpx:TrackPointExtension></extensions></trkpt><trkpt lat="54.0894962288" lon="58.3194110077"><ele>655.28</ele><time>2013-07-18T10:07:32Z</time><extensions><gpxtpx:TrackPointExtension><gpxtpx:atemp>0.0</gpxtpx:atemp></gpxtpx:TrackPointExtension></extensions></trkpt><trkpt lat="54.0895958897" lon="58.3192608878"><ele>658.64</ele><time>2013-07-18T10:07:42Z</time><extensions><gpxtpx:TrackPointExtension><gpxtpx:atemp>0.0</gpxtpx:atemp></gpxtpx:TrackPointExtension></extensions></trkpt><trkpt lat="54.0897688083" lon="58.3189500868"><ele>660.56</ele><time>2013-07-18T10:07:57Z</time><extensions><gpxtpx:TrackPointExtension><gpxtpx:atemp>0.0</gpxtpx:atemp></gpxtpx:TrackPointExtension></extensions></trkpt><trkpt lat="54.0899642743" lon="58.3189163916"><ele>659.60</ele><time>2013-07-18T10:08:10Z</time><extensions><gpxtpx:TrackPointExtension><gpxtpx:atemp>0.0</gpxtpx:atemp></gpxtpx:TrackPointExtension></extensions></trkpt><trkpt lat="54.0900699701" lon="58.3188605681"><ele>663.93</ele><time>2013-07-18T10:08:17Z</time><extensions><gpxtpx:TrackPointExtension><gpxtpx:atemp>0.0</gpxtpx:atemp></gpxtpx:TrackPointExtension></extensions></trkpt><trkpt lat="54.0902263764" lon="58.3187119570"><ele>665.37</ele><time>2013-07-18T10:08:28Z</time><extensions><gpxtpx:TrackPointExtension><gpxtpx:atemp>0.0</gpxtpx:atemp></gpxtpx:TrackPointExtension></extensions></trkpt><trkpt lat="54.0903774183" lon="58.3186148945"><ele>666.81</ele><time>2013-07-18T10:08:38Z</time><extensions><gpxtpx:TrackPointExtension><gpxtpx:atemp>0.0</gpxtpx:atemp></gpxtpx:TrackPointExtension></extensions></trkpt><trkpt lat="54.0904143825" lon="58.3186212648"><ele>666.33</ele><time>2013-07-18T10:08:52Z</time><extensions><gpxtpx:TrackPointExtension><gpxtpx:atemp>0.0</gpxtpx:atemp></gpxtpx:TrackPointExtension></extensions></trkpt><trkpt lat="54.0904296376" lon="58.3186647668"><ele>665.85</ele><time>2013-07-18T10:09:21Z</time><extensions><gpxtpx:TrackPointExtension><gpxtpx:atemp>0.0</gpxtpx:atemp></gpxtpx:TrackPointExtension></extensions></trkpt><trkpt lat="54.0904245246" lon="58.3186781779"><ele>665.37</ele><time>2013-07-18T10:09:45Z</time><extensions><gpxtpx:TrackPointExtension><gpxtpx:atemp>0.0</gpxtpx:atemp></gpxtpx:TrackPointExtension></extensions></trkpt><trkpt lat="54.0904166456" lon="58.3186781779"><ele>659.60</ele><time>2013-07-18T10:10:08Z</time><extensions><gpxtpx:TrackPointExtension><gpxtpx:atemp>0.0</gpxtpx:atemp></gpxtpx:TrackPointExtension></extensions></trkpt><trkpt lat="54.0904153883" lon="58.3186771721"><ele>659.60</ele><time>2013-07-18T10:10:09Z</time><extensions><gpxtpx:TrackPointExtension><gpxtpx:atemp>0.0</gpxtpx:atemp></gpxtpx:TrackPointExtension></extensions></trkpt><trkpt lat="54.0904190764" lon="58.3186709695"><ele>673.06</ele><time>2013-07-18T10:10:10Z</time><extensions><gpxtpx:TrackPointExtension><gpxtpx:atemp>0.0</gpxtpx:atemp></gpxtpx:TrackPointExtension></extensions></trkpt><trkpt lat="54.0904270392" lon="58.3186624199"><ele>666.81</ele><time>2013-07-18T10:10:11Z</time><extensions><gpxtpx:TrackPointExtension><gpxtpx:atemp>0.0</gpxtpx:atemp></gpxtpx:TrackPointExtension></extensions></trkpt><trkpt lat="54.0904578846" lon="58.3186342567"><ele>665.37</ele><time>2013-07-18T10:10:14Z</time><extensions><gpxtpx:TrackPointExtension><gpxtpx:atemp>0.0</gpxtpx:atemp></gpxtpx:TrackPointExtension></extensions></trkpt><trkpt lat="54.0904833656" lon="58.3186070155"><ele>666.33</ele><time>2013-07-18T10:10:16Z</time><extensions><gpxtpx:TrackPointExtension><gpxtpx:atemp>0.0</gpxtpx:atemp></gpxtpx:TrackPointExtension></extensions></trkpt><trkpt lat="54.0905010514" lon="58.3185890783"><ele>671.14</ele><time>2013-07-18T10:10:18Z</time><extensions><gpxtpx:TrackPointExtension><gpxtpx:atemp>0.0</gpxtpx:atemp></gpxtpx:TrackPointExtension></extensions></trkpt><trkpt lat="54.0905110259" lon="58.3185856417"><ele>667.77</ele><time>2013-07-18T10:10:19Z</time><extensions><gpxtpx:TrackPointExtension><gpxtpx:atemp>0.0</gpxtpx:atemp></gpxtpx:TrackPointExtension></extensions></trkpt><trkpt lat="54.0906444658" lon="58.3185589034"><ele>669.22</ele><time>2013-07-18T10:10:31Z</time><extensions><gpxtpx:TrackPointExtension><gpxtpx:atemp>0.0</gpxtpx:atemp></gpxtpx:TrackPointExtension></extensions></trkpt><trkpt lat="54.0907059889" lon="58.3185511082"><ele>670.66</ele><time>2013-07-18T10:10:37Z</time><extensions><gpxtpx:TrackPointExtension><gpxtpx:atemp>0.0</gpxtpx:atemp></gpxtpx:TrackPointExtension></extensions></trkpt><trkpt lat="54.0908055659" lon="58.3185371943"><ele>671.14</ele><time>2013-07-18T10:10:47Z</time><extensions><gpxtpx:TrackPointExtension><gpxtpx:atemp>0.0</gpxtpx:atemp></gpxtpx:TrackPointExtension></extensions></trkpt><trkpt lat="54.0908830147" lon="58.3185035829"><ele>674.02</ele><time>2013-07-18T10:10:54Z</time><extensions><gpxtpx:TrackPointExtension><gpxtpx:atemp>0.0</gpxtpx:atemp></gpxtpx:TrackPointExtension></extensions></trkpt><trkpt lat="54.0910571069" lon="58.3183924388"><ele>676.42</ele><time>2013-07-18T10:11:09Z</time><extensions><gpxtpx:TrackPointExtension><gpxtpx:atemp>0.0</gpxtpx:atemp></gpxtpx:TrackPointExtension></extensions></trkpt><trkpt lat="54.0910706855" lon="58.3183819614"><ele>675.46</ele><time>2013-07-18T10:11:10Z</time><extensions><gpxtpx:TrackPointExtension><gpxtpx:atemp>0.0</gpxtpx:atemp></gpxtpx:TrackPointExtension></extensions></trkpt><trkpt lat="54.0912617091" lon="58.3182069473"><ele>679.31</ele><time>2013-07-18T10:11:24Z</time><extensions><gpxtpx:TrackPointExtension><gpxtpx:atemp>0.0</gpxtpx:atemp></gpxtpx:TrackPointExtension></extensions></trkpt><trkpt lat="54.0912732761" lon="58.3182066958"><ele>677.39</ele><time>2013-07-18T10:11:25Z</time><extensions><gpxtpx:TrackPointExtension><gpxtpx:atemp>0.0</gpxtpx:atemp></gpxtpx:TrackPointExtension></extensions></trkpt><trkpt lat="54.0913227294" lon="58.3181495313"><ele>678.35</ele><time>2013-07-18T10:11:29Z</time><extensions><gpxtpx:TrackPointExtension><gpxtpx:atemp>0.0</gpxtpx:atemp></gpxtpx:TrackPointExtension></extensions></trkpt><trkpt lat="54.0914332867" lon="58.3181137405"><ele>682.67</ele><time>2013-07-18T10:11:37Z</time><extensions><gpxtpx:TrackPointExtension><gpxtpx:atemp>0.0</gpxtpx:atemp></gpxtpx:TrackPointExtension></extensions></trkpt><trkpt lat="54.0915052034" lon="58.3181010000"><ele>679.31</ele><time>2013-07-18T10:11:42Z</time><extensions><gpxtpx:TrackPointExtension><gpxtpx:atemp>0.0</gpxtpx:atemp></gpxtpx:TrackPointExtension></extensions></trkpt><trkpt lat="54.0915257391" lon="58.3180880919"><ele>682.67</ele><time>2013-07-18T10:11:44Z</time><extensions><gpxtpx:TrackPointExtension><gpxtpx:atemp>0.0</gpxtpx:atemp></gpxtpx:TrackPointExtension></extensions></trkpt><trkpt lat="54.0915376414" lon="58.3180818055"><ele>682.67</ele><time>2013-07-18T10:11:45Z</time><extensions><gpxtpx:TrackPointExtension><gpxtpx:atemp>0.0</gpxtpx:atemp></gpxtpx:TrackPointExtension></extensions></trkpt><trkpt lat="54.0915856697" lon="58.3180704899"><ele>680.27</ele><time>2013-07-18T10:11:48Z</time><extensions><gpxtpx:TrackPointExtension><gpxtpx:atemp>0.0</gpxtpx:atemp></gpxtpx:TrackPointExtension></extensions></trkpt><trkpt lat="54.0916326083" lon="58.3180701546"><ele>681.71</ele><time>2013-07-18T10:11:51Z</time><extensions><gpxtpx:TrackPointExtension><gpxtpx:atemp>0.0</gpxtpx:atemp></gpxtpx:TrackPointExtension></extensions></trkpt><trkpt lat="54.0916480310" lon="58.3180671372"><ele>678.83</ele><time>2013-07-18T10:11:52Z</time><extensions><gpxtpx:TrackPointExtension><gpxtpx:atemp>0.0</gpxtpx:atemp></gpxtpx:TrackPointExtension></extensions></trkpt><trkpt lat="54.0916611906" lon="58.3180663828"><ele>683.63</ele><time>2013-07-18T10:11:53Z</time><extensions><gpxtpx:TrackPointExtension><gpxtpx:atemp>0.0</gpxtpx:atemp></gpxtpx:TrackPointExtension></extensions></trkpt><trkpt lat="54.0917536430" lon="58.3180816378"><ele>686.04</ele><time>2013-07-18T10:12:00Z</time><extensions><gpxtpx:TrackPointExtension><gpxtpx:atemp>0.0</gpxtpx:atemp></gpxtpx:TrackPointExtension></extensions></trkpt><trkpt lat="54.0917875897" lon="58.3180880919"><ele>682.67</ele><time>2013-07-18T10:12:03Z</time><extensions><gpxtpx:TrackPointExtension><gpxtpx:atemp>0.0</gpxtpx:atemp></gpxtpx:TrackPointExtension></extensions></trkpt><trkpt lat="54.0918317623" lon="58.3180695679"><ele>686.52</ele><time>2013-07-18T10:12:07Z</time><extensions><gpxtpx:TrackPointExtension><gpxtpx:atemp>0.0</gpxtpx:atemp></gpxtpx:TrackPointExtension></extensions></trkpt><trkpt lat="54.0918473527" lon="58.3180599287"><ele>686.04</ele><time>2013-07-18T10:12:08Z</time><extensions><gpxtpx:TrackPointExtension><gpxtpx:atemp>0.0</gpxtpx:atemp></gpxtpx:TrackPointExtension></extensions></trkpt><trkpt lat="54.0920258872" lon="58.3181075379"><ele>689.40</ele><time>2013-07-18T10:12:23Z</time><extensions><gpxtpx:TrackPointExtension><gpxtpx:atemp>0.0</gpxtpx:atemp></gpxtpx:TrackPointExtension></extensions></trkpt><trkpt lat="54.0920421481" lon="58.3181155007"><ele>688.92</ele><time>2013-07-18T10:12:24Z</time><extensions><gpxtpx:TrackPointExtension><gpxtpx:atemp>0.0</gpxtpx:atemp></gpxtpx:TrackPointExtension></extensions></trkpt><trkpt lat="54.0921299066" lon="58.3181620203"><ele>692.29</ele><time>2013-07-18T10:12:31Z</time><extensions><gpxtpx:TrackPointExtension><gpxtpx:atemp>0.0</gpxtpx:atemp></gpxtpx:TrackPointExtension></extensions></trkpt><trkpt lat="54.0921698883" lon="58.3181742579"><ele>689.88</ele><time>2013-07-18T10:12:34Z</time><extensions><gpxtpx:TrackPointExtension><gpxtpx:atemp>0.0</gpxtpx:atemp></gpxtpx:TrackPointExtension></extensions></trkpt><trkpt lat="54.0922260471" lon="58.3181792870"><ele>694.69</ele><time>2013-07-18T10:12:39Z</time><extensions><gpxtpx:TrackPointExtension><gpxtpx:atemp>0.0</gpxtpx:atemp></gpxtpx:TrackPointExtension></extensions></trkpt><trkpt lat="54.0922391228" lon="58.3181802090"><ele>692.29</ele><time>2013-07-18T10:12:40Z</time><extensions><gpxtpx:TrackPointExtension><gpxtpx:atemp>0.0</gpxtpx:atemp></gpxtpx:TrackPointExtension></extensions></trkpt><trkpt lat="54.0924161486" lon="58.3182621840"><ele>695.65</ele><time>2013-07-18T10:12:54Z</time><extensions><gpxtpx:TrackPointExtension><gpxtpx:atemp>0.0</gpxtpx:atemp></gpxtpx:TrackPointExtension></extensions></trkpt><trkpt lat="54.0924376063" lon="58.3182786126"><ele>693.73</ele><time>2013-07-18T10:12:55Z</time><extensions><gpxtpx:TrackPointExtension><gpxtpx:atemp>0.0</gpxtpx:atemp></gpxtpx:TrackPointExtension></extensions></trkpt><trkpt lat="54.0925178211" lon="58.3182884194"><ele>695.65</ele><time>2013-07-18T10:13:01Z</time><extensions><gpxtpx:TrackPointExtension><gpxtpx:atemp>0.0</gpxtpx:atemp></gpxtpx:TrackPointExtension></extensions></trkpt><trkpt lat="54.0925779194" lon="58.3182771876"><ele>692.29</ele><time>2013-07-18T10:13:05Z</time><extensions><gpxtpx:TrackPointExtension><gpxtpx:atemp>0.0</gpxtpx:atemp></gpxtpx:TrackPointExtension></extensions></trkpt><trkpt lat="54.0925925039" lon="58.3182672970"><ele>695.17</ele><time>2013-07-18T10:13:06Z</time><extensions><gpxtpx:TrackPointExtension><gpxtpx:atemp>0.0</gpxtpx:atemp></gpxtpx:TrackPointExtension></extensions></trkpt><trkpt lat="54.0926257800" lon="58.3182333503"><ele>698.53</ele><time>2013-07-18T10:13:09Z</time><extensions><gpxtpx:TrackPointExtension><gpxtpx:atemp>0.0</gpxtpx:atemp></gpxtpx:TrackPointExtension></extensions></trkpt><trkpt lat="54.0926666837" lon="58.3182197716"><ele>696.13</ele><time>2013-07-18T10:13:12Z</time><extensions><gpxtpx:TrackPointExtension><gpxtpx:atemp>0.0</gpxtpx:atemp></gpxtpx:TrackPointExtension></extensions></trkpt><trkpt lat="54.0927272011" lon="58.3181703184"><ele>697.57</ele><time>2013-07-18T10:13:16Z</time><extensions><gpxtpx:TrackPointExtension><gpxtpx:atemp>0.0</gpxtpx:atemp></gpxtpx:TrackPointExtension></extensions></trkpt><trkpt lat="54.0927671827" lon="58.3180960547"><ele>696.61</ele><time>2013-07-18T10:13:20Z</time><extensions><gpxtpx:TrackPointExtension><gpxtpx:atemp>0.0</gpxtpx:atemp></gpxtpx:TrackPointExtension></extensions></trkpt><trkpt lat="54.0927993692" lon="58.3180486970"><ele>700.46</ele><time>2013-07-18T10:13:24Z</time><extensions><gpxtpx:TrackPointExtension><gpxtpx:atemp>0.0</gpxtpx:atemp></gpxtpx:TrackPointExtension></extensions></trkpt><trkpt lat="54.0928055719" lon="58.3180409018"><ele>698.53</ele><time>2013-07-18T10:13:25Z</time><extensions><gpxtpx:TrackPointExtension><gpxtpx:atemp>0.0</gpxtpx:atemp></gpxtpx:TrackPointExtension></extensions></trkpt><trkpt lat="54.0928098466" lon="58.3178948052"><ele>699.02</ele><time>2013-07-18T10:13:48Z</time><extensions><gpxtpx:TrackPointExtension><gpxtpx:atemp>0.0</gpxtpx:atemp></gpxtpx:TrackPointExtension></extensions></trkpt><trkpt lat="54.0927986987" lon="58.3177950606"><ele>699.02</ele><time>2013-07-18T10:14:08Z</time><extensions><gpxtpx:TrackPointExtension><gpxtpx:atemp>0.0</gpxtpx:atemp></gpxtpx:TrackPointExtension></extensions></trkpt><trkpt lat="54.0927775763" lon="58.3176384866"><ele>699.02</ele><time>2013-07-18T10:14:46Z</time><extensions><gpxtpx:TrackPointExtension><gpxtpx:atemp>0.0</gpxtpx:atemp></gpxtpx:TrackPointExtension></extensions></trkpt><trkpt lat="54.0928249341" lon="58.3177254908"><ele>699.50</ele><time>2013-07-18T10:15:19Z</time><extensions><gpxtpx:TrackPointExtension><gpxtpx:atemp>0.0</gpxtpx:atemp></gpxtpx:TrackPointExtension></extensions></trkpt><trkpt lat="54.0928033087" lon="58.3179104794"><ele>699.98</ele><time>2013-07-18T10:15:47Z</time><extensions><gpxtpx:TrackPointExtension><gpxtpx:atemp>0.0</gpxtpx:atemp></gpxtpx:TrackPointExtension></extensions></trkpt><trkpt lat="54.0928217489" lon="58.3180128224"><ele>699.02</ele><time>2013-07-18T10:16:23Z</time><extensions><gpxtpx:TrackPointExtension><gpxtpx:atemp>0.0</gpxtpx:atemp></gpxtpx:TrackPointExtension></extensions></trkpt><trkpt lat="54.0928673465" lon="58.3178708330"><ele>699.50</ele><time>2013-07-18T10:16:53Z</time><extensions><gpxtpx:TrackPointExtension><gpxtpx:atemp>0.0</gpxtpx:atemp></gpxtpx:TrackPointExtension></extensions></trkpt><trkpt lat="54.0928702801" lon="58.3179018460"><ele>699.02</ele><time>2013-07-18T10:17:17Z</time><extensions><gpxtpx:TrackPointExtension><gpxtpx:atemp>0.0</gpxtpx:atemp></gpxtpx:TrackPointExtension></extensions></trkpt><trkpt lat="54.0929259360" lon="58.3178880159"><ele>699.02</ele><time>2013-07-18T10:17:43Z</time><extensions><gpxtpx:TrackPointExtension><gpxtpx:atemp>0.0</gpxtpx:atemp></gpxtpx:TrackPointExtension></extensions></trkpt><trkpt lat="54.0928836074" lon="58.3177693281"><ele>698.53</ele><time>2013-07-18T10:18:00Z</time><extensions><gpxtpx:TrackPointExtension><gpxtpx:atemp>0.0</gpxtpx:atemp></gpxtpx:TrackPointExtension></extensions></trkpt><trkpt lat="54.0929911472" lon="58.3176425099"><ele>700.94</ele><time>2013-07-18T10:18:15Z</time><extensions><gpxtpx:TrackPointExtension><gpxtpx:atemp>0.0</gpxtpx:atemp></gpxtpx:TrackPointExtension></extensions></trkpt><trkpt lat="54.0931097511" lon="58.3175485488"><ele>702.86</ele><time>2013-07-18T10:18:28Z</time><extensions><gpxtpx:TrackPointExtension><gpxtpx:atemp>0.0</gpxtpx:atemp></gpxtpx:TrackPointExtension></extensions></trkpt><trkpt lat="54.0931338910" lon="58.3175414242"><ele>703.82</ele><time>2013-07-18T10:18:30Z</time><extensions><gpxtpx:TrackPointExtension><gpxtpx:atemp>0.0</gpxtpx:atemp></gpxtpx:TrackPointExtension></extensions></trkpt><trkpt lat="54.0933246631" lon="58.3174478821"><ele>706.23</ele><time>2013-07-18T10:18:45Z</time><extensions><gpxtpx:TrackPointExtension><gpxtpx:atemp>0.0</gpxtpx:atemp></gpxtpx:TrackPointExtension></extensions></trkpt><trkpt lat="54.0934895352" lon="58.3172595408"><ele>708.63</ele><time>2013-07-18T10:19:00Z</time><extensions><gpxtpx:TrackPointExtension><gpxtpx:atemp>0.0</gpxtpx:atemp></gpxtpx:TrackPointExtension></extensions></trkpt><trkpt lat="54.0935634635" lon="58.3172067348"><ele>709.11</ele><time>2013-07-18T10:19:05Z</time><extensions><gpxtpx:TrackPointExtension><gpxtpx:atemp>0.0</gpxtpx:atemp></gpxtpx:TrackPointExtension></extensions></trkpt><trkpt lat="54.0937320236" lon="58.3172613010"><ele>711.03</ele><time>2013-07-18T10:19:19Z</time><extensions><gpxtpx:TrackPointExtension><gpxtpx:atemp>0.0</gpxtpx:atemp></gpxtpx:TrackPointExtension></extensions></trkpt><trkpt lat="54.0938500408" lon="58.3172750473"><ele>712.95</ele><time>2013-07-18T10:19:30Z</time><extensions><gpxtpx:TrackPointExtension><gpxtpx:atemp>0.0</gpxtpx:atemp></gpxtpx:TrackPointExtension></extensions></trkpt><trkpt lat="54.0940438304" lon="58.3172448725"><ele>716.32</ele><time>2013-07-18T10:19:45Z</time><extensions><gpxtpx:TrackPointExtension><gpxtpx:atemp>0.0</gpxtpx:atemp></gpxtpx:TrackPointExtension></extensions></trkpt><trkpt lat="54.0942166653" lon="58.3171852771"><ele>718.24</ele><time>2013-07-18T10:19:59Z</time><extensions><gpxtpx:TrackPointExtension><gpxtpx:atemp>0.0</gpxtpx:atemp></gpxtpx:TrackPointExtension></extensions></trkpt><trkpt lat="54.0943574812" lon="58.3172478899"><ele>720.65</ele><time>2013-07-18T10:20:09Z</time><extensions><gpxtpx:TrackPointExtension><gpxtpx:atemp>0.0</gpxtpx:atemp></gpxtpx:TrackPointExtension></extensions></trkpt><trkpt lat="54.0945185814" lon="58.3173626382"><ele>722.57</ele><time>2013-07-18T10:20:24Z</time><extensions><gpxtpx:TrackPointExtension><gpxtpx:atemp>0.0</gpxtpx:atemp></gpxtpx:TrackPointExtension></extensions></trkpt><trkpt lat="54.0947313979" lon="58.3174206410"><ele>725.45</ele><time>2013-07-18T10:20:41Z</time><extensions><gpxtpx:TrackPointExtension><gpxtpx:atemp>0.0</gpxtpx:atemp></gpxtpx:TrackPointExtension></extensions></trkpt><trkpt lat="54.0949355811" lon="58.3173876163"><ele>728.34</ele><time>2013-07-18T10:20:57Z</time><extensions><gpxtpx:TrackPointExtension><gpxtpx:atemp>0.0</gpxtpx:atemp></gpxtpx:TrackPointExtension></extensions></trkpt><trkpt lat="54.0949437115" lon="58.3173771389"><ele>727.86</ele><time>2013-07-18T10:20:58Z</time><extensions><gpxtpx:TrackPointExtension><gpxtpx:atemp>0.0</gpxtpx:atemp></gpxtpx:TrackPointExtension></extensions></trkpt><trkpt lat="54.0951245092" lon="58.3173908014"><ele>730.26</ele><time>2013-07-18T10:21:13Z</time><extensions><gpxtpx:TrackPointExtension><gpxtpx:atemp>0.0</gpxtpx:atemp></gpxtpx:TrackPointExtension></extensions></trkpt><trkpt lat="54.0952128544" lon="58.3175136801"><ele>731.70</ele><time>2013-07-18T10:21:21Z</time><extensions><gpxtpx:TrackPointExtension><gpxtpx:atemp>0.0</gpxtpx:atemp></gpxtpx:TrackPointExtension></extensions></trkpt><trkpt lat="54.0952633135" lon="58.3176042885"><ele>732.66</ele><time>2013-07-18T10:21:28Z</time><extensions><gpxtpx:TrackPointExtension><gpxtpx:atemp>0.0</gpxtpx:atemp></gpxtpx:TrackPointExtension></extensions></trkpt><trkpt lat="54.0952719469" lon="58.3176284283"><ele>732.66</ele><time>2013-07-18T10:21:29Z</time><extensions><gpxtpx:TrackPointExtension><gpxtpx:atemp>0.0</gpxtpx:atemp></gpxtpx:TrackPointExtension></extensions></trkpt><trkpt lat="54.0953157842" lon="58.3177023567"><ele>733.14</ele><time>2013-07-18T10:21:34Z</time><extensions><gpxtpx:TrackPointExtension><gpxtpx:atemp>0.0</gpxtpx:atemp></gpxtpx:TrackPointExtension></extensions></trkpt><trkpt lat="54.0954810753" lon="58.3177704178"><ele>736.51</ele><time>2013-07-18T10:21:50Z</time><extensions><gpxtpx:TrackPointExtension><gpxtpx:atemp>0.0</gpxtpx:atemp></gpxtpx:TrackPointExtension></extensions></trkpt><trkpt lat="54.0955067240" lon="58.3177721780"><ele>737.47</ele><time>2013-07-18T10:21:52Z</time><extensions><gpxtpx:TrackPointExtension><gpxtpx:atemp>0.0</gpxtpx:atemp></gpxtpx:TrackPointExtension></extensions></trkpt><trkpt lat="54.0955192130" lon="58.3177728485"><ele>737.95</ele><time>2013-07-18T10:21:53Z</time><extensions><gpxtpx:TrackPointExtension><gpxtpx:atemp>0.0</gpxtpx:atemp></gpxtpx:TrackPointExtension></extensions></trkpt><trkpt lat="54.0956436004" lon="58.3178157639"><ele>738.91</ele><time>2013-07-18T10:22:05Z</time><extensions><gpxtpx:TrackPointExtension><gpxtpx:atemp>0.0</gpxtpx:atemp></gpxtpx:TrackPointExtension></extensions></trkpt><trkpt lat="54.0956672374" lon="58.3178227209"><ele>739.87</ele><time>2013-07-18T10:22:07Z</time><extensions><gpxtpx:TrackPointExtension><gpxtpx:atemp>0.0</gpxtpx:atemp></gpxtpx:TrackPointExtension></extensions></trkpt><trkpt lat="54.0958277509" lon="58.3177920431"><ele>743.72</ele><time>2013-07-18T10:22:20Z</time><extensions><gpxtpx:TrackPointExtension><gpxtpx:atemp>0.0</gpxtpx:atemp></gpxtpx:TrackPointExtension></extensions></trkpt><trkpt lat="54.0960016754" lon="58.3177491277"><ele>744.68</ele><time>2013-07-18T10:22:35Z</time><extensions><gpxtpx:TrackPointExtension><gpxtpx:atemp>0.0</gpxtpx:atemp></gpxtpx:TrackPointExtension></extensions></trkpt><trkpt lat="54.0960558224" lon="58.3176741097"><ele>746.12</ele><time>2013-07-18T10:22:41Z</time><extensions><gpxtpx:TrackPointExtension><gpxtpx:atemp>0.0</gpxtpx:atemp></gpxtpx:TrackPointExtension></extensions></trkpt><trkpt lat="54.0961099695" lon="58.3176218066"><ele>746.12</ele><time>2013-07-18T10:22:46Z</time><extensions><gpxtpx:TrackPointExtension><gpxtpx:atemp>0.0</gpxtpx:atemp></gpxtpx:TrackPointExtension></extensions></trkpt><trkpt lat="54.0962684713" lon="58.3175670728"><ele>748.04</ele><time>2013-07-18T10:22:58Z</time><extensions><gpxtpx:TrackPointExtension><gpxtpx:atemp>0.0</gpxtpx:atemp></gpxtpx:TrackPointExtension></extensions></trkpt><trkpt lat="54.0964283980" lon="58.3174832538"><ele>750.45</ele><time>2013-07-18T10:23:10Z</time><extensions><gpxtpx:TrackPointExtension><gpxtpx:atemp>0.0</gpxtpx:atemp></gpxtpx:TrackPointExtension></extensions></trkpt><trkpt lat="54.0964822099" lon="58.3174643945"><ele>751.41</ele><time>2013-07-18T10:23:14Z</time><extensions><gpxtpx:TrackPointExtension><gpxtpx:atemp>0.0</gpxtpx:atemp></gpxtpx:TrackPointExtension></extensions></trkpt><trkpt lat="54.0965755843" lon="58.3173457067"><ele>751.89</ele><time>2013-07-18T10:23:26Z</time><extensions><gpxtpx:TrackPointExtension><gpxtpx:atemp>0.0</gpxtpx:atemp></gpxtpx:TrackPointExtension></extensions></trkpt><trkpt lat="54.0966148116" lon="58.3172810823"><ele>752.37</ele><time>2013-07-18T10:23:38Z</time><extensions><gpxtpx:TrackPointExtension><gpxtpx:atemp>0.0</gpxtpx:atemp></gpxtpx:TrackPointExtension></extensions></trkpt><trkpt lat="54.0966775920" lon="58.3171916474"><ele>752.85</ele><time>2013-07-18T10:24:01Z</time><extensions><gpxtpx:TrackPointExtension><gpxtpx:atemp>0.0</gpxtpx:atemp></gpxtpx:TrackPointExtension></extensions></trkpt><trkpt lat="54.0966682043" lon="58.3172126859"><ele>752.37</ele><time>2013-07-18T10:24:17Z</time><extensions><gpxtpx:TrackPointExtension><gpxtpx:atemp>0.0</gpxtpx:atemp></gpxtpx:TrackPointExtension></extensions></trkpt><trkpt lat="54.0966418851" lon="58.3172308747"><ele>752.85</ele><time>2013-07-18T10:24:41Z</time><extensions><gpxtpx:TrackPointExtension><gpxtpx:atemp>0.0</gpxtpx:atemp></gpxtpx:TrackPointExtension></extensions></trkpt><trkpt lat="54.0966640133" lon="58.3172065672"><ele>752.85</ele><time>2013-07-18T10:25:00Z</time><extensions><gpxtpx:TrackPointExtension><gpxtpx:atemp>0.0</gpxtpx:atemp></gpxtpx:TrackPointExtension></extensions></trkpt><trkpt lat="54.0967469942" lon="58.3171242569"><ele>754.77</ele><time>2013-07-18T10:25:10Z</time><extensions><gpxtpx:TrackPointExtension><gpxtpx:atemp>0.0</gpxtpx:atemp></gpxtpx:TrackPointExtension></extensions></trkpt><trkpt lat="54.0967713855" lon="58.3171063196"><ele>755.25</ele><time>2013-07-18T10:25:13Z</time><extensions><gpxtpx:TrackPointExtension><gpxtpx:atemp>0.0</gpxtpx:atemp></gpxtpx:TrackPointExtension></extensions></trkpt><trkpt lat="54.0968226828" lon="58.3170921542"><ele>756.69</ele><time>2013-07-18T10:25:17Z</time><extensions><gpxtpx:TrackPointExtension><gpxtpx:atemp>0.0</gpxtpx:atemp></gpxtpx:TrackPointExtension></extensions></trkpt><trkpt lat="54.0969754849" lon="58.3170941658"><ele>759.10</ele><time>2013-07-18T10:25:31Z</time><extensions><gpxtpx:TrackPointExtension><gpxtpx:atemp>0.0</gpxtpx:atemp></gpxtpx:TrackPointExtension></extensions></trkpt><trkpt lat="54.0970231779" lon="58.3170296252"><ele>759.58</ele><time>2013-07-18T10:25:36Z</time><extensions><gpxtpx:TrackPointExtension><gpxtpx:atemp>0.0</gpxtpx:atemp></gpxtpx:TrackPointExtension></extensions></trkpt><trkpt lat="54.0971007105" lon="58.3168598916"><ele>761.02</ele><time>2013-07-18T10:25:42Z</time><extensions><gpxtpx:TrackPointExtension><gpxtpx:atemp>0.0</gpxtpx:atemp></gpxtpx:TrackPointExtension></extensions></trkpt><trkpt lat="54.0972601343" lon="58.3166371845"><ele>761.98</ele><time>2013-07-18T10:25:55Z</time><extensions><gpxtpx:TrackPointExtension><gpxtpx:atemp>0.0</gpxtpx:atemp></gpxtpx:TrackPointExtension></extensions></trkpt><trkpt lat="54.0972817596" lon="58.3166118711"><ele>762.94</ele><time>2013-07-18T10:25:58Z</time><extensions><gpxtpx:TrackPointExtension><gpxtpx:atemp>0.0</gpxtpx:atemp></gpxtpx:TrackPointExtension></extensions></trkpt><trkpt lat="54.0974518284" lon="58.3165072650"><ele>765.83</ele><time>2013-07-18T10:26:12Z</time><extensions><gpxtpx:TrackPointExtension><gpxtpx:atemp>0.0</gpxtpx:atemp></gpxtpx:TrackPointExtension></extensions></trkpt><trkpt lat="54.0976884495" lon="58.3165079355"><ele>768.71</ele><time>2013-07-18T10:26:26Z</time><extensions><gpxtpx:TrackPointExtension><gpxtpx:atemp>0.0</gpxtpx:atemp></gpxtpx:TrackPointExtension></extensions></trkpt><trkpt lat="54.0978401620" lon="58.3165328298"><ele>771.11</ele><time>2013-07-18T10:26:39Z</time><extensions><gpxtpx:TrackPointExtension><gpxtpx:atemp>0.0</gpxtpx:atemp></gpxtpx:TrackPointExtension></extensions></trkpt><trkpt lat="54.0979750268" lon="58.3165729791"><ele>773.04</ele><time>2013-07-18T10:26:50Z</time><extensions><gpxtpx:TrackPointExtension><gpxtpx:atemp>0.0</gpxtpx:atemp></gpxtpx:TrackPointExtension></extensions></trkpt><trkpt lat="54.0980777051" lon="58.3166031539"><ele>774.48</ele><time>2013-07-18T10:27:01Z</time><extensions><gpxtpx:TrackPointExtension><gpxtpx:atemp>0.0</gpxtpx:atemp></gpxtpx:TrackPointExtension></extensions></trkpt><trkpt lat="54.0981798805" lon="58.3166584745"><ele>777.36</ele><time>2013-07-18T10:27:11Z</time><extensions><gpxtpx:TrackPointExtension><gpxtpx:atemp>0.0</gpxtpx:atemp></gpxtpx:TrackPointExtension></extensions></trkpt><trkpt lat="54.0983079560" lon="58.3166583069"><ele>780.25</ele><time>2013-07-18T10:27:25Z</time><extensions><gpxtpx:TrackPointExtension><gpxtpx:atemp>0.0</gpxtpx:atemp></gpxtpx:TrackPointExtension></extensions></trkpt><trkpt lat="54.0984559804" lon="58.3166909963"><ele>782.65</ele><time>2013-07-18T10:27:39Z</time><extensions><gpxtpx:TrackPointExtension><gpxtpx:atemp>0.0</gpxtpx:atemp></gpxtpx:TrackPointExtension></extensions></trkpt><trkpt lat="54.0985894203" lon="58.3166865539"><ele>786.98</ele><time>2013-07-18T10:27:53Z</time><extensions><gpxtpx:TrackPointExtension><gpxtpx:atemp>0.0</gpxtpx:atemp></gpxtpx:TrackPointExtension></extensions></trkpt><trkpt lat="54.0986009035" lon="58.3166909125"><ele>786.02</ele><time>2013-07-18T10:27:54Z</time><extensions><gpxtpx:TrackPointExtension><gpxtpx:atemp>0.0</gpxtpx:atemp></gpxtpx:TrackPointExtension></extensions></trkpt><trkpt lat="54.0986185055" lon="58.3166865539"><ele>785.05</ele><time>2013-07-18T10:27:56Z</time><extensions><gpxtpx:TrackPointExtension><gpxtpx:atemp>0.0</gpxtpx:atemp></gpxtpx:TrackPointExtension></extensions></trkpt><trkpt lat="54.0987172443" lon="58.3166951872"><ele>786.98</ele><time>2013-07-18T10:28:05Z</time><extensions><gpxtpx:TrackPointExtension><gpxtpx:atemp>0.0</gpxtpx:atemp></gpxtpx:TrackPointExtension></extensions></trkpt><trkpt lat="54.0988076013" lon="58.3167412877"><ele>789.38</ele><time>2013-07-18T10:28:14Z</time><extensions><gpxtpx:TrackPointExtension><gpxtpx:atemp>0.0</gpxtpx:atemp></gpxtpx:TrackPointExtension></extensions></trkpt><trkpt lat="54.0989622474" lon="58.3167485800"><ele>792.74</ele><time>2013-07-18T10:28:27Z</time><extensions><gpxtpx:TrackPointExtension><gpxtpx:atemp>0.0</gpxtpx:atemp></gpxtpx:TrackPointExtension></extensions></trkpt><trkpt lat="54.0990251116" lon="58.3167505916"><ele>793.71</ele><time>2013-07-18T10:28:34Z</time><extensions><gpxtpx:TrackPointExtension><gpxtpx:atemp>0.0</gpxtpx:atemp></gpxtpx:TrackPointExtension></extensions></trkpt><trkpt lat="54.0991691127" lon="58.3168044034"><ele>796.59</ele><time>2013-07-18T10:28:47Z</time><extensions><gpxtpx:TrackPointExtension><gpxtpx:atemp>0.0</gpxtpx:atemp></gpxtpx:TrackPointExtension></extensions></trkpt><trkpt lat="54.0992094297" lon="58.3168155514"><ele>797.55</ele><time>2013-07-18T10:28:51Z</time><extensions><gpxtpx:TrackPointExtension><gpxtpx:atemp>0.0</gpxtpx:atemp></gpxtpx:TrackPointExtension></extensions></trkpt><trkpt lat="54.0993227530" lon="58.3167966921"><ele>799.95</ele><time>2013-07-18T10:29:02Z</time><extensions><gpxtpx:TrackPointExtension><gpxtpx:atemp>0.0</gpxtpx:atemp></gpxtpx:TrackPointExtension></extensions></trkpt><trkpt lat="54.0994663350" lon="58.3168041520"><ele>802.84</ele><time>2013-07-18T10:29:16Z</time><extensions><gpxtpx:TrackPointExtension><gpxtpx:atemp>0.0</gpxtpx:atemp></gpxtpx:TrackPointExtension></extensions></trkpt><trkpt lat="54.0996110067" lon="58.3167303912"><ele>805.72</ele><time>2013-07-18T10:29:30Z</time><extensions><gpxtpx:TrackPointExtension><gpxtpx:atemp>0.0</gpxtpx:atemp></gpxtpx:TrackPointExtension></extensions></trkpt><trkpt lat="54.0997382440" lon="58.3166712150"><ele>807.16</ele><time>2013-07-18T10:29:42Z</time><extensions><gpxtpx:TrackPointExtension><gpxtpx:atemp>0.0</gpxtpx:atemp></gpxtpx:TrackPointExtension></extensions></trkpt><trkpt lat="54.0997821651" lon="58.3166328259"><ele>809.09</ele><time>2013-07-18T10:29:48Z</time><extensions><gpxtpx:TrackPointExtension><gpxtpx:atemp>0.0</gpxtpx:atemp></gpxtpx:TrackPointExtension></extensions></trkpt><trkpt lat="54.0998239908" lon="58.3165973704"><ele>809.57</ele><time>2013-07-18T10:29:52Z</time><extensions><gpxtpx:TrackPointExtension><gpxtpx:atemp>0.0</gpxtpx:atemp></gpxtpx:TrackPointExtension></extensions></trkpt><trkpt lat="54.0999830794" lon="58.3165243641"><ele>812.45</ele><time>2013-07-18T10:30:05Z</time><extensions><gpxtpx:TrackPointExtension><gpxtpx:atemp>0.0</gpxtpx:atemp></gpxtpx:TrackPointExtension></extensions></trkpt><trkpt lat="54.1001509689" lon="58.3163764235"><ele>815.34</ele><time>2013-07-18T10:30:19Z</time><extensions><gpxtpx:TrackPointExtension><gpxtpx:atemp>0.0</gpxtpx:atemp></gpxtpx:TrackPointExtension></extensions></trkpt><trkpt lat="54.1002601851" lon="58.3163011540"><ele>818.22</ele><time>2013-07-18T10:30:31Z</time><extensions><gpxtpx:TrackPointExtension><gpxtpx:atemp>0.0</gpxtpx:atemp></gpxtpx:TrackPointExtension></extensions></trkpt><trkpt lat="54.1003410704" lon="58.3161750063"><ele>820.62</ele><time>2013-07-18T10:30:42Z</time><extensions><gpxtpx:TrackPointExtension><gpxtpx:atemp>0.0</gpxtpx:atemp></gpxtpx:TrackPointExtension></extensions></trkpt><trkpt lat="54.1003582533" lon="58.3160569053"><ele>820.62</ele><time>2013-07-18T10:30:51Z</time><extensions><gpxtpx:TrackPointExtension><gpxtpx:atemp>0.0</gpxtpx:atemp></gpxtpx:TrackPointExtension></extensions></trkpt><trkpt lat="54.1003542300" lon="58.3160103858"><ele>821.10</ele><time>2013-07-18T10:30:53Z</time><extensions><gpxtpx:TrackPointExtension><gpxtpx:atemp>0.0</gpxtpx:atemp></gpxtpx:TrackPointExtension></extensions></trkpt><trkpt lat="54.1004828922" lon="58.3159257285"><ele>823.51</ele><time>2013-07-18T10:31:06Z</time><extensions><gpxtpx:TrackPointExtension><gpxtpx:atemp>0.0</gpxtpx:atemp></gpxtpx:TrackPointExtension></extensions></trkpt><trkpt lat="54.1005460080" lon="58.3158797119"><ele>826.87</ele><time>2013-07-18T10:31:13Z</time><extensions><gpxtpx:TrackPointExtension><gpxtpx:atemp>0.0</gpxtpx:atemp></gpxtpx:TrackPointExtension></extensions></trkpt><trkpt lat="54.1005555633" lon="58.3158712462"><ele>823.03</ele><time>2013-07-18T10:31:14Z</time><extensions><gpxtpx:TrackPointExtension><gpxtpx:atemp>0.0</gpxtpx:atemp></gpxtpx:TrackPointExtension></extensions></trkpt><trkpt lat="54.1005634423" lon="58.3158648759"><ele>826.39</ele><time>2013-07-18T10:31:15Z</time><extensions><gpxtpx:TrackPointExtension><gpxtpx:atemp>0.0</gpxtpx:atemp></gpxtpx:TrackPointExtension></extensions></trkpt><trkpt lat="54.1006627679" lon="58.3158886805"><ele>825.91</ele><time>2013-07-18T10:31:24Z</time><extensions><gpxtpx:TrackPointExtension><gpxtpx:atemp>0.0</gpxtpx:atemp></gpxtpx:TrackPointExtension></extensions></trkpt><trkpt lat="54.1007263027" lon="58.3159300871"><ele>829.76</ele><time>2013-07-18T10:31:29Z</time><extensions><gpxtpx:TrackPointExtension><gpxtpx:atemp>0.0</gpxtpx:atemp></gpxtpx:TrackPointExtension></extensions></trkpt><trkpt lat="54.1007700562" lon="58.3159647044"><ele>828.79</ele><time>2013-07-18T10:31:33Z</time><extensions><gpxtpx:TrackPointExtension><gpxtpx:atemp>0.0</gpxtpx:atemp></gpxtpx:TrackPointExtension></extensions></trkpt><trkpt lat="54.1008042544" lon="58.3159889281"><ele>831.20</ele><time>2013-07-18T10:31:36Z</time><extensions><gpxtpx:TrackPointExtension><gpxtpx:atemp>0.0</gpxtpx:atemp></gpxtpx:TrackPointExtension></extensions></trkpt><trkpt lat="54.1008238681" lon="58.3160114754"><ele>831.20</ele><time>2013-07-18T10:31:38Z</time><extensions><gpxtpx:TrackPointExtension><gpxtpx:atemp>0.0</gpxtpx:atemp></gpxtpx:TrackPointExtension></extensions></trkpt><trkpt lat="54.1009086091" lon="58.3160564862"><ele>833.12</ele><time>2013-07-18T10:31:46Z</time><extensions><gpxtpx:TrackPointExtension><gpxtpx:atemp>0.0</gpxtpx:atemp></gpxtpx:TrackPointExtension></extensions></trkpt><trkpt lat="54.1009206790" lon="58.3160573244"><ele>832.64</ele><time>2013-07-18T10:31:47Z</time><extensions><gpxtpx:TrackPointExtension><gpxtpx:atemp>0.0</gpxtpx:atemp></gpxtpx:TrackPointExtension></extensions></trkpt><trkpt lat="54.1010464076" lon="58.3160624374"><ele>835.04</ele><time>2013-07-18T10:31:58Z</time><extensions><gpxtpx:TrackPointExtension><gpxtpx:atemp>0.0</gpxtpx:atemp></gpxtpx:TrackPointExtension></extensions></trkpt><trkpt lat="54.1011868883" lon="58.3160013333"><ele>838.89</ele><time>2013-07-18T10:32:10Z</time><extensions><gpxtpx:TrackPointExtension><gpxtpx:atemp>0.0</gpxtpx:atemp></gpxtpx:TrackPointExtension></extensions></trkpt><trkpt lat="54.1011963598" lon="58.3160024229"><ele>837.93</ele><time>2013-07-18T10:32:11Z</time><extensions><gpxtpx:TrackPointExtension><gpxtpx:atemp>0.0</gpxtpx:atemp></gpxtpx:TrackPointExtension></extensions></trkpt><trkpt lat="54.1011986230" lon="58.3160875831"><ele>837.93</ele><time>2013-07-18T10:32:25Z</time><extensions><gpxtpx:TrackPointExtension><gpxtpx:atemp>0.0</gpxtpx:atemp></gpxtpx:TrackPointExtension></extensions></trkpt><trkpt lat="54.1011745669" lon="58.3160813805"><ele>838.89</ele><time>2013-07-18T10:32:50Z</time><extensions><gpxtpx:TrackPointExtension><gpxtpx:atemp>0.0</gpxtpx:atemp></gpxtpx:TrackPointExtension></extensions></trkpt><trkpt lat="54.1011405364" lon="58.3161043469"><ele>838.41</ele><time>2013-07-18T10:33:14Z</time><extensions><gpxtpx:TrackPointExtension><gpxtpx:atemp>0.0</gpxtpx:atemp></gpxtpx:TrackPointExtension></extensions></trkpt><trkpt lat="54.1012656782" lon="58.3160509542"><ele>840.81</ele><time>2013-07-18T10:33:28Z</time><extensions><gpxtpx:TrackPointExtension><gpxtpx:atemp>0.0</gpxtpx:atemp></gpxtpx:TrackPointExtension></extensions></trkpt><trkpt lat="54.1013736371" lon="58.3159842342"><ele>845.14</ele><time>2013-07-18T10:33:38Z</time><extensions><gpxtpx:TrackPointExtension><gpxtpx:atemp>0.0</gpxtpx:atemp></gpxtpx:TrackPointExtension></extensions></trkpt><trkpt lat="54.1013888922" lon="58.3159798756"><ele>841.77</ele><time>2013-07-18T10:33:40Z</time><extensions><gpxtpx:TrackPointExtension><gpxtpx:atemp>0.0</gpxtpx:atemp></gpxtpx:TrackPointExtension></extensions></trkpt><trkpt lat="54.1014032252" lon="58.3159845695"><ele>844.18</ele><time>2013-07-18T10:33:42Z</time><extensions><gpxtpx:TrackPointExtension><gpxtpx:atemp>0.0</gpxtpx:atemp></gpxtpx:TrackPointExtension></extensions></trkpt><trkpt lat="54.1014908161" lon="58.3159285784"><ele>847.06</ele><time>2013-07-18T10:33:56Z</time><extensions><gpxtpx:TrackPointExtension><gpxtpx:atemp>0.0</gpxtpx:atemp></gpxtpx:TrackPointExtension></extensions></trkpt><trkpt lat="54.1014970187" lon="58.3159274049"><ele>845.62</ele><time>2013-07-18T10:33:57Z</time><extensions><gpxtpx:TrackPointExtension><gpxtpx:atemp>0.0</gpxtpx:atemp></gpxtpx:TrackPointExtension></extensions></trkpt><trkpt lat="54.1015527584" lon="58.3159131557"><ele>848.98</ele><time>2013-07-18T10:34:02Z</time><extensions><gpxtpx:TrackPointExtension><gpxtpx:atemp>0.0</gpxtpx:atemp></gpxtpx:TrackPointExtension></extensions></trkpt><trkpt lat="54.1016529221" lon="58.3157652151"><ele>849.94</ele><time>2013-07-18T10:34:12Z</time><extensions><gpxtpx:TrackPointExtension><gpxtpx:atemp>0.0</gpxtpx:atemp></gpxtpx:TrackPointExtension></extensions></trkpt><trkpt lat="54.1017311253" lon="58.3156280871"><ele>853.31</ele><time>2013-07-18T10:34:20Z</time><extensions><gpxtpx:TrackPointExtension><gpxtpx:atemp>0.0</gpxtpx:atemp></gpxtpx:TrackPointExtension></extensions></trkpt><trkpt lat="54.1017934866" lon="58.3155879378"><ele>856.19</ele><time>2013-07-18T10:34:27Z</time><extensions><gpxtpx:TrackPointExtension><gpxtpx:atemp>0.0</gpxtpx:atemp></gpxtpx:TrackPointExtension></extensions></trkpt><trkpt lat="54.1018118430" lon="58.3155811485"><ele>852.83</ele><time>2013-07-18T10:34:29Z</time><extensions><gpxtpx:TrackPointExtension><gpxtpx:atemp>0.0</gpxtpx:atemp></gpxtpx:TrackPointExtension></extensions></trkpt><trkpt lat="54.1018483043" lon="58.3155758679"><ele>856.19</ele><time>2013-07-18T10:34:32Z</time><extensions><gpxtpx:TrackPointExtension><gpxtpx:atemp>0.0</gpxtpx:atemp></gpxtpx:TrackPointExtension></extensions></trkpt><trkpt lat="54.1020689160" lon="58.3155938890"><ele>859.56</ele><time>2013-07-18T10:34:47Z</time><extensions><gpxtpx:TrackPointExtension><gpxtpx:atemp>0.0</gpxtpx:atemp></gpxtpx:TrackPointExtension></extensions></trkpt><trkpt lat="54.1021182016" lon="58.3155456930"><ele>859.56</ele><time>2013-07-18T10:34:52Z</time><extensions><gpxtpx:TrackPointExtension><gpxtpx:atemp>0.0</gpxtpx:atemp></gpxtpx:TrackPointExtension></extensions></trkpt><trkpt lat="54.1021918785" lon="58.3154897857"><ele>862.44</ele><time>2013-07-18T10:34:58Z</time><extensions><gpxtpx:TrackPointExtension><gpxtpx:atemp>0.0</gpxtpx:atemp></gpxtpx:TrackPointExtension></extensions></trkpt><trkpt lat="54.1023277491" lon="58.3153182082"><ele>863.88</ele><time>2013-07-18T10:35:10Z</time><extensions><gpxtpx:TrackPointExtension><gpxtpx:atemp>0.0</gpxtpx:atemp></gpxtpx:TrackPointExtension></extensions></trkpt><trkpt lat="54.1023357119" lon="58.3152962476"><ele>861.00</ele><time>2013-07-18T10:35:11Z</time><extensions><gpxtpx:TrackPointExtension><gpxtpx:atemp>0.0</gpxtpx:atemp></gpxtpx:TrackPointExtension></extensions></trkpt><trkpt lat="54.1023637913" lon="58.3152017836"><ele>865.80</ele><time>2013-07-18T10:35:16Z</time><extensions><gpxtpx:TrackPointExtension><gpxtpx:atemp>0.0</gpxtpx:atemp></gpxtpx:TrackPointExtension></extensions></trkpt><trkpt lat="54.1023466084" lon="58.3150508255"><ele>865.80</ele><time>2013-07-18T10:35:22Z</time><extensions><gpxtpx:TrackPointExtension><gpxtpx:atemp>0.0</gpxtpx:atemp></gpxtpx:TrackPointExtension></extensions></trkpt><trkpt lat="54.1023125779" lon="58.3148933295"><ele>860.52</ele><time>2013-07-18T10:35:28Z</time><extensions><gpxtpx:TrackPointExtension><gpxtpx:atemp>0.0</gpxtpx:atemp></gpxtpx:TrackPointExtension></extensions></trkpt><trkpt lat="54.1023125779" lon="58.3148780745"><ele>869.17</ele><time>2013-07-18T10:35:29Z</time><extensions><gpxtpx:TrackPointExtension><gpxtpx:atemp>0.0</gpxtpx:atemp></gpxtpx:TrackPointExtension></extensions></trkpt><trkpt lat="54.1023116559" lon="58.3148610592"><ele>866.29</ele><time>2013-07-18T10:35:30Z</time><extensions><gpxtpx:TrackPointExtension><gpxtpx:atemp>0.0</gpxtpx:atemp></gpxtpx:TrackPointExtension></extensions></trkpt><trkpt lat="54.1023108177" lon="58.3147944231"><ele>865.32</ele><time>2013-07-18T10:35:34Z</time><extensions><gpxtpx:TrackPointExtension><gpxtpx:atemp>0.0</gpxtpx:atemp></gpxtpx:TrackPointExtension></extensions></trkpt><trkpt lat="54.1023098119" lon="58.3147795033"><ele>867.25</ele><time>2013-07-18T10:35:35Z</time><extensions><gpxtpx:TrackPointExtension><gpxtpx:atemp>0.0</gpxtpx:atemp></gpxtpx:TrackPointExtension></extensions></trkpt><trkpt lat="54.1023106501" lon="58.3147734683"><ele>870.61</ele><time>2013-07-18T10:35:36Z</time><extensions><gpxtpx:TrackPointExtension><gpxtpx:atemp>0.0</gpxtpx:atemp></gpxtpx:TrackPointExtension></extensions></trkpt><trkpt lat="54.1023184452" lon="58.3147213329"><ele>866.77</ele><time>2013-07-18T10:35:38Z</time><extensions><gpxtpx:TrackPointExtension><gpxtpx:atemp>0.0</gpxtpx:atemp></gpxtpx:TrackPointExtension></extensions></trkpt><trkpt lat="54.1023199540" lon="58.3146796748"><ele>867.73</ele><time>2013-07-18T10:35:40Z</time><extensions><gpxtpx:TrackPointExtension><gpxtpx:atemp>0.0</gpxtpx:atemp></gpxtpx:TrackPointExtension></extensions></trkpt><trkpt lat="54.1023161821" lon="58.3146461472"><ele>867.25</ele><time>2013-07-18T10:35:42Z</time><extensions><gpxtpx:TrackPointExtension><gpxtpx:atemp>0.0</gpxtpx:atemp></gpxtpx:TrackPointExtension></extensions></trkpt><trkpt lat="54.1023010109" lon="58.3146184031"><ele>867.73</ele><time>2013-07-18T10:35:44Z</time><extensions><gpxtpx:TrackPointExtension><gpxtpx:atemp>0.0</gpxtpx:atemp></gpxtpx:TrackPointExtension></extensions></trkpt><trkpt lat="54.1022751108" lon="58.3145605680"><ele>870.61</ele><time>2013-07-18T10:35:47Z</time><extensions><gpxtpx:TrackPointExtension><gpxtpx:atemp>0.0</gpxtpx:atemp></gpxtpx:TrackPointExtension></extensions></trkpt><trkpt lat="54.1022577602" lon="58.3145281300"><ele>869.17</ele><time>2013-07-18T10:35:49Z</time><extensions><gpxtpx:TrackPointExtension><gpxtpx:atemp>0.0</gpxtpx:atemp></gpxtpx:TrackPointExtension></extensions></trkpt><trkpt lat="54.1022344586" lon="58.3144973684"><ele>871.09</ele><time>2013-07-18T10:35:52Z</time><extensions><gpxtpx:TrackPointExtension><gpxtpx:atemp>0.0</gpxtpx:atemp></gpxtpx:TrackPointExtension></extensions></trkpt><trkpt lat="54.1021278407" lon="58.3143915050"><ele>870.61</ele><time>2013-07-18T10:36:03Z</time><extensions><gpxtpx:TrackPointExtension><gpxtpx:atemp>0.0</gpxtpx:atemp></gpxtpx:TrackPointExtension></extensions></trkpt><trkpt lat="54.1021051258" lon="58.3143811952"><ele>873.98</ele><time>2013-07-18T10:36:06Z</time><extensions><gpxtpx:TrackPointExtension><gpxtpx:atemp>0.0</gpxtpx:atemp></gpxtpx:TrackPointExtension></extensions></trkpt><trkpt lat="54.1021019407" lon="58.3143811114"><ele>872.05</ele><time>2013-07-18T10:36:07Z</time><extensions><gpxtpx:TrackPointExtension><gpxtpx:atemp>0.0</gpxtpx:atemp></gpxtpx:TrackPointExtension></extensions></trkpt><trkpt lat="54.1021449398" lon="58.3143795189"><ele>870.61</ele><time>2013-07-18T10:36:28Z</time><extensions><gpxtpx:TrackPointExtension><gpxtpx:atemp>0.0</gpxtpx:atemp></gpxtpx:TrackPointExtension></extensions></trkpt><trkpt lat="54.1021264996" lon="58.3143941034"><ele>871.09</ele><time>2013-07-18T10:37:01Z</time><extensions><gpxtpx:TrackPointExtension><gpxtpx:atemp>0.0</gpxtpx:atemp></gpxtpx:TrackPointExtension></extensions></trkpt><trkpt lat="54.1020950675" lon="58.3142858092"><ele>874.94</ele><time>2013-07-18T10:37:13Z</time><extensions><gpxtpx:TrackPointExtension><gpxtpx:atemp>0.0</gpxtpx:atemp></gpxtpx:TrackPointExtension></extensions></trkpt><trkpt lat="54.1020705085" lon="58.3141484298"><ele>875.90</ele><time>2013-07-18T10:37:32Z</time><extensions><gpxtpx:TrackPointExtension><gpxtpx:atemp>0.0</gpxtpx:atemp></gpxtpx:TrackPointExtension></extensions></trkpt><trkpt lat="54.1020260844" lon="58.3139946219"><ele>878.78</ele><time>2013-07-18T10:37:42Z</time><extensions><gpxtpx:TrackPointExtension><gpxtpx:atemp>0.0</gpxtpx:atemp></gpxtpx:TrackPointExtension></extensions></trkpt><trkpt lat="54.1019817442" lon="58.3138807956"><ele>879.74</ele><time>2013-07-18T10:37:48Z</time><extensions><gpxtpx:TrackPointExtension><gpxtpx:atemp>0.0</gpxtpx:atemp></gpxtpx:TrackPointExtension></extensions></trkpt><trkpt lat="54.1019812413" lon="58.3138328511"><ele>881.67</ele><time>2013-07-18T10:37:50Z</time><extensions><gpxtpx:TrackPointExtension><gpxtpx:atemp>0.0</gpxtpx:atemp></gpxtpx:TrackPointExtension></extensions></trkpt><trkpt lat="54.1019509826" lon="58.3135267440"><ele>883.11</ele><time>2013-07-18T10:38:04Z</time><extensions><gpxtpx:TrackPointExtension><gpxtpx:atemp>0.0</gpxtpx:atemp></gpxtpx:TrackPointExtension></extensions></trkpt><trkpt lat="54.1019407567" lon="58.3133518137"><ele>885.03</ele><time>2013-07-18T10:38:12Z</time><extensions><gpxtpx:TrackPointExtension><gpxtpx:atemp>0.0</gpxtpx:atemp></gpxtpx:TrackPointExtension></extensions></trkpt><trkpt lat="54.1019095760" lon="58.3132284321"><ele>886.95</ele><time>2013-07-18T10:38:17Z</time><extensions><gpxtpx:TrackPointExtension><gpxtpx:atemp>0.0</gpxtpx:atemp></gpxtpx:TrackPointExtension></extensions></trkpt><trkpt lat="54.1018983442" lon="58.3131683338"><ele>883.59</ele><time>2013-07-18T10:38:20Z</time><extensions><gpxtpx:TrackPointExtension><gpxtpx:atemp>0.0</gpxtpx:atemp></gpxtpx:TrackPointExtension></extensions></trkpt><trkpt lat="54.1019010264" lon="58.3131224010"><ele>886.47</ele><time>2013-07-18T10:38:22Z</time><extensions><gpxtpx:TrackPointExtension><gpxtpx:atemp>0.0</gpxtpx:atemp></gpxtpx:TrackPointExtension></extensions></trkpt><trkpt lat="54.1019032057" lon="58.3130973391"><ele>887.91</ele><time>2013-07-18T10:38:23Z</time><extensions><gpxtpx:TrackPointExtension><gpxtpx:atemp>0.0</gpxtpx:atemp></gpxtpx:TrackPointExtension></extensions></trkpt><trkpt lat="54.1019112524" lon="58.3130421862"><ele>885.51</ele><time>2013-07-18T10:38:25Z</time><extensions><gpxtpx:TrackPointExtension><gpxtpx:atemp>0.0</gpxtpx:atemp></gpxtpx:TrackPointExtension></extensions></trkpt><trkpt lat="54.1019194666" lon="58.3129957505"><ele>885.99</ele><time>2013-07-18T10:38:27Z</time><extensions><gpxtpx:TrackPointExtension><gpxtpx:atemp>0.0</gpxtpx:atemp></gpxtpx:TrackPointExtension></extensions></trkpt><trkpt lat="54.1019437741" lon="58.3129427768"><ele>889.36</ele><time>2013-07-18T10:38:30Z</time><extensions><gpxtpx:TrackPointExtension><gpxtpx:atemp>0.0</gpxtpx:atemp></gpxtpx:TrackPointExtension></extensions></trkpt><trkpt lat="54.1019550059" lon="58.3126890566"><ele>888.40</ele><time>2013-07-18T10:38:43Z</time><extensions><gpxtpx:TrackPointExtension><gpxtpx:atemp>0.0</gpxtpx:atemp></gpxtpx:TrackPointExtension></extensions></trkpt><trkpt lat="54.1019044630" lon="58.3126844466"><ele>887.43</ele><time>2013-07-18T10:39:00Z</time><extensions><gpxtpx:TrackPointExtension><gpxtpx:atemp>0.0</gpxtpx:atemp></gpxtpx:TrackPointExtension></extensions></trkpt><trkpt lat="54.1018911358" lon="58.3126618993"><ele>889.84</ele><time>2013-07-18T10:39:05Z</time><extensions><gpxtpx:TrackPointExtension><gpxtpx:atemp>0.0</gpxtpx:atemp></gpxtpx:TrackPointExtension></extensions></trkpt><trkpt lat="54.1018860228" lon="58.3126582112"><ele>888.40</ele><time>2013-07-18T10:39:07Z</time><extensions><gpxtpx:TrackPointExtension><gpxtpx:atemp>0.0</gpxtpx:atemp></gpxtpx:TrackPointExtension></extensions></trkpt><trkpt lat="54.1019000206" lon="58.3126681857"><ele>889.36</ele><time>2013-07-18T10:39:22Z</time><extensions><gpxtpx:TrackPointExtension><gpxtpx:atemp>0.0</gpxtpx:atemp></gpxtpx:TrackPointExtension></extensions></trkpt><trkpt lat="54.1018912196" lon="58.3127188124"><ele>887.43</ele><time>2013-07-18T10:39:36Z</time><extensions><gpxtpx:TrackPointExtension><gpxtpx:atemp>0.0</gpxtpx:atemp></gpxtpx:TrackPointExtension></extensions></trkpt><trkpt lat="54.1019273456" lon="58.3127231710"><ele>887.91</ele><time>2013-07-18T10:39:56Z</time><extensions><gpxtpx:TrackPointExtension><gpxtpx:atemp>0.0</gpxtpx:atemp></gpxtpx:TrackPointExtension></extensions></trkpt><trkpt lat="54.1019163653" lon="58.3127241768"><ele>888.40</ele><time>2013-07-18T10:40:15Z</time><extensions><gpxtpx:TrackPointExtension><gpxtpx:atemp>0.0</gpxtpx:atemp></gpxtpx:TrackPointExtension></extensions></trkpt><trkpt lat="54.1018626373" lon="58.3127710316"><ele>888.40</ele><time>2013-07-18T10:40:32Z</time><extensions><gpxtpx:TrackPointExtension><gpxtpx:atemp>0.0</gpxtpx:atemp></gpxtpx:TrackPointExtension></extensions></trkpt><trkpt lat="54.1018682532" lon="58.3128263522"><ele>887.43</ele><time>2013-07-18T10:40:57Z</time><extensions><gpxtpx:TrackPointExtension><gpxtpx:atemp>0.0</gpxtpx:atemp></gpxtpx:TrackPointExtension></extensions></trkpt><trkpt lat="54.1018737853" lon="58.3127997816"><ele>887.43</ele><time>2013-07-18T10:41:20Z</time><extensions><gpxtpx:TrackPointExtension><gpxtpx:atemp>0.0</gpxtpx:atemp></gpxtpx:TrackPointExtension></extensions></trkpt><trkpt lat="54.1018663254" lon="58.3127223328"><ele>889.36</ele><time>2013-07-18T10:41:26Z</time><extensions><gpxtpx:TrackPointExtension><gpxtpx:atemp>0.0</gpxtpx:atemp></gpxtpx:TrackPointExtension></extensions></trkpt><trkpt lat="54.1019353084" lon="58.3127269428"><ele>888.88</ele><time>2013-07-18T10:41:42Z</time><extensions><gpxtpx:TrackPointExtension><gpxtpx:atemp>0.0</gpxtpx:atemp></gpxtpx:TrackPointExtension></extensions></trkpt><trkpt lat="54.1019011103" lon="58.3127405215"><ele>887.91</ele><time>2013-07-18T10:41:55Z</time><extensions><gpxtpx:TrackPointExtension><gpxtpx:atemp>0.0</gpxtpx:atemp></gpxtpx:TrackPointExtension></extensions></trkpt><trkpt lat="54.1019320395" lon="58.3127338160"><ele>888.40</ele><time>2013-07-18T10:42:03Z</time><extensions><gpxtpx:TrackPointExtension><gpxtpx:atemp>0.0</gpxtpx:atemp></gpxtpx:TrackPointExtension></extensions></trkpt><trkpt lat="54.1019729432" lon="58.3125830255"><ele>889.36</ele><time>2013-07-18T10:42:09Z</time><extensions><gpxtpx:TrackPointExtension><gpxtpx:atemp>0.0</gpxtpx:atemp></gpxtpx:TrackPointExtension></extensions></trkpt><trkpt lat="54.1019700095" lon="58.3125220053"><ele>889.84</ele><time>2013-07-18T10:42:12Z</time><extensions><gpxtpx:TrackPointExtension><gpxtpx:atemp>0.0</gpxtpx:atemp></gpxtpx:TrackPointExtension></extensions></trkpt><trkpt lat="54.1019926406" lon="58.3121800236"><ele>890.32</ele><time>2013-07-18T10:42:26Z</time><extensions><gpxtpx:TrackPointExtension><gpxtpx:atemp>0.0</gpxtpx:atemp></gpxtpx:TrackPointExtension></extensions></trkpt><trkpt lat="54.1020104941" lon="58.3121274691"><ele>890.32</ele><time>2013-07-18T10:42:29Z</time><extensions><gpxtpx:TrackPointExtension><gpxtpx:atemp>0.0</gpxtpx:atemp></gpxtpx:TrackPointExtension></extensions></trkpt><trkpt lat="54.1020210553" lon="58.3119208552"><ele>890.80</ele><time>2013-07-18T10:42:36Z</time><extensions><gpxtpx:TrackPointExtension><gpxtpx:atemp>0.0</gpxtpx:atemp></gpxtpx:TrackPointExtension></extensions></trkpt><trkpt lat="54.1020415910" lon="58.3116361219"><ele>891.28</ele><time>2013-07-18T10:42:44Z</time><extensions><gpxtpx:TrackPointExtension><gpxtpx:atemp>0.0</gpxtpx:atemp></gpxtpx:TrackPointExtension></extensions></trkpt><trkpt lat="54.1020877752" lon="58.3114673942"><ele>890.32</ele><time>2013-07-18T10:42:52Z</time><extensions><gpxtpx:TrackPointExtension><gpxtpx:atemp>0.0</gpxtpx:atemp></gpxtpx:TrackPointExtension></extensions></trkpt><trkpt lat="54.1022696625" lon="58.3114154264"><ele>891.76</ele><time>2013-07-18T10:43:06Z</time><extensions><gpxtpx:TrackPointExtension><gpxtpx:atemp>0.0</gpxtpx:atemp></gpxtpx:TrackPointExtension></extensions></trkpt><trkpt lat="54.1024137475" lon="58.3112158533"><ele>892.24</ele><time>2013-07-18T10:43:19Z</time><extensions><gpxtpx:TrackPointExtension><gpxtpx:atemp>0.0</gpxtpx:atemp></gpxtpx:TrackPointExtension></extensions></trkpt><trkpt lat="54.1026205290" lon="58.3109272644"><ele>893.68</ele><time>2013-07-18T10:43:33Z</time><extensions><gpxtpx:TrackPointExtension><gpxtpx:atemp>0.0</gpxtpx:atemp></gpxtpx:TrackPointExtension></extensions></trkpt><trkpt lat="54.1026759334" lon="58.3108610474"><ele>894.64</ele><time>2013-07-18T10:43:37Z</time><extensions><gpxtpx:TrackPointExtension><gpxtpx:atemp>0.0</gpxtpx:atemp></gpxtpx:TrackPointExtension></extensions></trkpt><trkpt lat="54.1027484369" lon="58.3105686028"><ele>892.72</ele><time>2013-07-18T10:43:47Z</time><extensions><gpxtpx:TrackPointExtension><gpxtpx:atemp>0.0</gpxtpx:atemp></gpxtpx:TrackPointExtension></extensions></trkpt><trkpt lat="54.1029174160" lon="58.3102982864"><ele>893.20</ele><time>2013-07-18T10:44:00Z</time><extensions><gpxtpx:TrackPointExtension><gpxtpx:atemp>0.0</gpxtpx:atemp></gpxtpx:TrackPointExtension></extensions></trkpt><trkpt lat="54.1030069347" lon="58.3101902436"><ele>893.20</ele><time>2013-07-18T10:44:07Z</time><extensions><gpxtpx:TrackPointExtension><gpxtpx:atemp>0.0</gpxtpx:atemp></gpxtpx:TrackPointExtension></extensions></trkpt><trkpt lat="54.1032236069" lon="58.3100641798"><ele>895.12</ele><time>2013-07-18T10:44:21Z</time><extensions><gpxtpx:TrackPointExtension><gpxtpx:atemp>0.0</gpxtpx:atemp></gpxtpx:TrackPointExtension></extensions></trkpt><trkpt lat="54.1033902392" lon="58.3100265451"><ele>896.57</ele><time>2013-07-18T10:44:32Z</time><extensions><gpxtpx:TrackPointExtension><gpxtpx:atemp>0.0</gpxtpx:atemp></gpxtpx:TrackPointExtension></extensions></trkpt><trkpt lat="54.1035608109" lon="58.3098564763"><ele>897.53</ele><time>2013-07-18T10:44:44Z</time><extensions><gpxtpx:TrackPointExtension><gpxtpx:atemp>0.0</gpxtpx:atemp></gpxtpx:TrackPointExtension></extensions></trkpt><trkpt lat="54.1036964301" lon="58.3097417280"><ele>898.97</ele><time>2013-07-18T10:44:55Z</time><extensions><gpxtpx:TrackPointExtension><gpxtpx:atemp>0.0</gpxtpx:atemp></gpxtpx:TrackPointExtension></extensions></trkpt><trkpt lat="54.1038240865" lon="58.3095928654"><ele>899.93</ele><time>2013-07-18T10:45:07Z</time><extensions><gpxtpx:TrackPointExtension><gpxtpx:atemp>0.0</gpxtpx:atemp></gpxtpx:TrackPointExtension></extensions></trkpt><trkpt lat="54.1040229052" lon="58.3094046079"><ele>901.85</ele><time>2013-07-18T10:45:21Z</time><extensions><gpxtpx:TrackPointExtension><gpxtpx:atemp>0.0</gpxtpx:atemp></gpxtpx:TrackPointExtension></extensions></trkpt><trkpt lat="54.1040607914" lon="58.3093366306"><ele>901.85</ele><time>2013-07-18T10:45:33Z</time><extensions><gpxtpx:TrackPointExtension><gpxtpx:atemp>0.0</gpxtpx:atemp></gpxtpx:TrackPointExtension></extensions></trkpt><trkpt lat="54.1040560137" lon="58.3092986606"><ele>902.82</ele><time>2013-07-18T10:45:48Z</time><extensions><gpxtpx:TrackPointExtension><gpxtpx:atemp>0.0</gpxtpx:atemp></gpxtpx:TrackPointExtension></extensions></trkpt><trkpt lat="54.1040819138" lon="58.3093208726"><ele>902.33</ele><time>2013-07-18T10:46:06Z</time><extensions><gpxtpx:TrackPointExtension><gpxtpx:atemp>0.0</gpxtpx:atemp></gpxtpx:TrackPointExtension></extensions></trkpt><trkpt lat="54.1041532438" lon="58.3093442582"><ele>903.30</ele><time>2013-07-18T10:46:20Z</time><extensions><gpxtpx:TrackPointExtension><gpxtpx:atemp>0.0</gpxtpx:atemp></gpxtpx:TrackPointExtension></extensions></trkpt><trkpt lat="54.1040578578" lon="58.3092802204"><ele>902.82</ele><time>2013-07-18T10:46:30Z</time><extensions><gpxtpx:TrackPointExtension><gpxtpx:atemp>0.0</gpxtpx:atemp></gpxtpx:TrackPointExtension></extensions></trkpt><trkpt lat="54.1040847637" lon="58.3092577569"><ele>902.82</ele><time>2013-07-18T10:46:32Z</time><extensions><gpxtpx:TrackPointExtension><gpxtpx:atemp>0.0</gpxtpx:atemp></gpxtpx:TrackPointExtension></extensions></trkpt><trkpt lat="54.1041699238" lon="58.3092412446"><ele>903.78</ele><time>2013-07-18T10:46:39Z</time><extensions><gpxtpx:TrackPointExtension><gpxtpx:atemp>0.0</gpxtpx:atemp></gpxtpx:TrackPointExtension></extensions></trkpt><trkpt lat="54.1042874381" lon="58.3091640472"><ele>905.22</ele><time>2013-07-18T10:46:50Z</time><extensions><gpxtpx:TrackPointExtension><gpxtpx:atemp>0.0</gpxtpx:atemp></gpxtpx:TrackPointExtension></extensions></trkpt><trkpt lat="54.1044281702" lon="58.3090476226"><ele>906.66</ele><time>2013-07-18T10:46:59Z</time><extensions><gpxtpx:TrackPointExtension><gpxtpx:atemp>0.0</gpxtpx:atemp></gpxtpx:TrackPointExtension></extensions></trkpt><trkpt lat="54.1045083012" lon="58.3090242371"><ele>908.10</ele><time>2013-07-18T10:47:07Z</time><extensions><gpxtpx:TrackPointExtension><gpxtpx:atemp>0.0</gpxtpx:atemp></gpxtpx:TrackPointExtension></extensions></trkpt><trkpt lat="54.1045419127" lon="58.3090214711"><ele>908.58</ele><time>2013-07-18T10:47:10Z</time><extensions><gpxtpx:TrackPointExtension><gpxtpx:atemp>0.0</gpxtpx:atemp></gpxtpx:TrackPointExtension></extensions></trkpt><trkpt lat="54.1046094708" lon="58.3089665696"><ele>910.03</ele><time>2013-07-18T10:47:16Z</time><extensions><gpxtpx:TrackPointExtension><gpxtpx:atemp>0.0</gpxtpx:atemp></gpxtpx:TrackPointExtension></extensions></trkpt><trkpt lat="54.1047099698" lon="58.3089271747"><ele>910.99</ele><time>2013-07-18T10:47:25Z</time><extensions><gpxtpx:TrackPointExtension><gpxtpx:atemp>0.0</gpxtpx:atemp></gpxtpx:TrackPointExtension></extensions></trkpt><trkpt lat="54.1047538072" lon="58.3089393284"><ele>910.51</ele><time>2013-07-18T10:47:28Z</time><extensions><gpxtpx:TrackPointExtension><gpxtpx:atemp>0.0</gpxtpx:atemp></gpxtpx:TrackPointExtension></extensions></trkpt><trkpt lat="54.1048953775" lon="58.3088721056"><ele>911.47</ele><time>2013-07-18T10:47:41Z</time><extensions><gpxtpx:TrackPointExtension><gpxtpx:atemp>0.0</gpxtpx:atemp></gpxtpx:TrackPointExtension></extensions></trkpt><trkpt lat="54.1050599143" lon="58.3086650725"><ele>910.99</ele><time>2013-07-18T10:47:53Z</time><extensions><gpxtpx:TrackPointExtension><gpxtpx:atemp>0.0</gpxtpx:atemp></gpxtpx:TrackPointExtension></extensions></trkpt><trkpt lat="54.1052039154" lon="58.3086068183"><ele>911.95</ele><time>2013-07-18T10:48:03Z</time><extensions><gpxtpx:TrackPointExtension><gpxtpx:atemp>0.0</gpxtpx:atemp></gpxtpx:TrackPointExtension></extensions></trkpt><trkpt lat="54.1052405443" lon="58.3085825946"><ele>912.43</ele><time>2013-07-18T10:48:06Z</time><extensions><gpxtpx:TrackPointExtension><gpxtpx:atemp>0.0</gpxtpx:atemp></gpxtpx:TrackPointExtension></extensions></trkpt><trkpt lat="54.1053275485" lon="58.3084189799"><ele>911.95</ele><time>2013-07-18T10:48:15Z</time><extensions><gpxtpx:TrackPointExtension><gpxtpx:atemp>0.0</gpxtpx:atemp></gpxtpx:TrackPointExtension></extensions></trkpt><trkpt lat="54.1053764988" lon="58.3083880506"><ele>911.47</ele><time>2013-07-18T10:48:18Z</time><extensions><gpxtpx:TrackPointExtension><gpxtpx:atemp>0.0</gpxtpx:atemp></gpxtpx:TrackPointExtension></extensions></trkpt><trkpt lat="54.1055702884" lon="58.3083415311"><ele>913.87</ele><time>2013-07-18T10:48:33Z</time><extensions><gpxtpx:TrackPointExtension><gpxtpx:atemp>0.0</gpxtpx:atemp></gpxtpx:TrackPointExtension></extensions></trkpt><trkpt lat="54.1055849567" lon="58.3083484042"><ele>913.87</ele><time>2013-07-18T10:48:34Z</time><extensions><gpxtpx:TrackPointExtension><gpxtpx:atemp>0.0</gpxtpx:atemp></gpxtpx:TrackPointExtension></extensions></trkpt><trkpt lat="54.1056463961" lon="58.3083137870"><ele>914.83</ele><time>2013-07-18T10:48:39Z</time><extensions><gpxtpx:TrackPointExtension><gpxtpx:atemp>0.0</gpxtpx:atemp></gpxtpx:TrackPointExtension></extensions></trkpt><trkpt lat="54.1058749706" lon="58.3082195744"><ele>916.75</ele><time>2013-07-18T10:48:57Z</time><extensions><gpxtpx:TrackPointExtension><gpxtpx:atemp>0.0</gpxtpx:atemp></gpxtpx:TrackPointExtension></extensions></trkpt><trkpt lat="54.1059130244" lon="58.3082080912"><ele>917.72</ele><time>2013-07-18T10:48:59Z</time><extensions><gpxtpx:TrackPointExtension><gpxtpx:atemp>0.0</gpxtpx:atemp></gpxtpx:TrackPointExtension></extensions></trkpt><trkpt lat="54.1061105859" lon="58.3082453907"><ele>920.12</ele><time>2013-07-18T10:49:14Z</time><extensions><gpxtpx:TrackPointExtension><gpxtpx:atemp>0.0</gpxtpx:atemp></gpxtpx:TrackPointExtension></extensions></trkpt><trkpt lat="54.1062993463" lon="58.3083801717"><ele>923.96</ele><time>2013-07-18T10:49:29Z</time><extensions><gpxtpx:TrackPointExtension><gpxtpx:atemp>0.0</gpxtpx:atemp></gpxtpx:TrackPointExtension></extensions></trkpt><trkpt lat="54.1064907890" lon="58.3085279446"><ele>924.45</ele><time>2013-07-18T10:49:44Z</time><extensions><gpxtpx:TrackPointExtension><gpxtpx:atemp>0.0</gpxtpx:atemp></gpxtpx:TrackPointExtension></extensions></trkpt><trkpt lat="54.1065618675" lon="58.3085296210"><ele>927.33</ele><time>2013-07-18T10:49:51Z</time><extensions><gpxtpx:TrackPointExtension><gpxtpx:atemp>0.0</gpxtpx:atemp></gpxtpx:TrackPointExtension></extensions></trkpt><trkpt lat="54.1066700779" lon="58.3085518330"><ele>928.77</ele><time>2013-07-18T10:50:00Z</time><extensions><gpxtpx:TrackPointExtension><gpxtpx:atemp>0.0</gpxtpx:atemp></gpxtpx:TrackPointExtension></extensions></trkpt><trkpt lat="54.1068089660" lon="58.3086467162"><ele>930.69</ele><time>2013-07-18T10:50:12Z</time><extensions><gpxtpx:TrackPointExtension><gpxtpx:atemp>0.0</gpxtpx:atemp></gpxtpx:TrackPointExtension></extensions></trkpt><trkpt lat="54.1069103032" lon="58.3086904697"><ele>932.14</ele><time>2013-07-18T10:50:21Z</time><extensions><gpxtpx:TrackPointExtension><gpxtpx:atemp>0.0</gpxtpx:atemp></gpxtpx:TrackPointExtension></extensions></trkpt><trkpt lat="54.1069638636" lon="58.3087200578"><ele>933.10</ele><time>2013-07-18T10:50:25Z</time><extensions><gpxtpx:TrackPointExtension><gpxtpx:atemp>0.0</gpxtpx:atemp></gpxtpx:TrackPointExtension></extensions></trkpt><trkpt lat="54.1071475111" lon="58.3087634761"><ele>934.54</ele><time>2013-07-18T10:50:40Z</time><extensions><gpxtpx:TrackPointExtension><gpxtpx:atemp>0.0</gpxtpx:atemp></gpxtpx:TrackPointExtension></extensions></trkpt><trkpt lat="54.1072906740" lon="58.3088193834"><ele>936.94</ele><time>2013-07-18T10:50:53Z</time><extensions><gpxtpx:TrackPointExtension><gpxtpx:atemp>0.0</gpxtpx:atemp></gpxtpx:TrackPointExtension></extensions></trkpt><trkpt lat="54.1073599085" lon="58.3088962454"><ele>937.42</ele><time>2013-07-18T10:51:00Z</time><extensions><gpxtpx:TrackPointExtension><gpxtpx:atemp>0.0</gpxtpx:atemp></gpxtpx:TrackPointExtension></extensions></trkpt><trkpt lat="54.1075130459" lon="58.3090256620"><ele>940.79</ele><time>2013-07-18T10:51:12Z</time><extensions><gpxtpx:TrackPointExtension><gpxtpx:atemp>0.0</gpxtpx:atemp></gpxtpx:TrackPointExtension></extensions></trkpt><trkpt lat="54.1076350864" lon="58.3091117442"><ele>941.27</ele><time>2013-07-18T10:51:25Z</time><extensions><gpxtpx:TrackPointExtension><gpxtpx:atemp>0.0</gpxtpx:atemp></gpxtpx:TrackPointExtension></extensions></trkpt><trkpt lat="54.1077824403" lon="58.3092051186"><ele>944.15</ele><time>2013-07-18T10:51:37Z</time><extensions><gpxtpx:TrackPointExtension><gpxtpx:atemp>0.0</gpxtpx:atemp></gpxtpx:TrackPointExtension></extensions></trkpt><trkpt lat="54.1078809276" lon="58.3092408255"><ele>945.11</ele><time>2013-07-18T10:51:45Z</time><extensions><gpxtpx:TrackPointExtension><gpxtpx:atemp>0.0</gpxtpx:atemp></gpxtpx:TrackPointExtension></extensions></trkpt><trkpt lat="54.1079969332" lon="58.3094236348"><ele>947.52</ele><time>2013-07-18T10:51:58Z</time><extensions><gpxtpx:TrackPointExtension><gpxtpx:atemp>0.0</gpxtpx:atemp></gpxtpx:TrackPointExtension></extensions></trkpt><trkpt lat="54.1081258468" lon="58.3095089626"><ele>950.88</ele><time>2013-07-18T10:52:12Z</time><extensions><gpxtpx:TrackPointExtension><gpxtpx:atemp>0.0</gpxtpx:atemp></gpxtpx:TrackPointExtension></extensions></trkpt><trkpt lat="54.1081433650" lon="58.3095124830"><ele>950.88</ele><time>2013-07-18T10:52:14Z</time><extensions><gpxtpx:TrackPointExtension><gpxtpx:atemp>0.0</gpxtpx:atemp></gpxtpx:TrackPointExtension></extensions></trkpt><trkpt lat="54.1083429381" lon="58.3096490242"><ele>952.80</ele><time>2013-07-18T10:52:28Z</time><extensions><gpxtpx:TrackPointExtension><gpxtpx:atemp>0.0</gpxtpx:atemp></gpxtpx:TrackPointExtension></extensions></trkpt><trkpt lat="54.1085258313" lon="58.3097579889"><ele>955.69</ele><time>2013-07-18T10:52:42Z</time><extensions><gpxtpx:TrackPointExtension><gpxtpx:atemp>0.0</gpxtpx:atemp></gpxtpx:TrackPointExtension></extensions></trkpt><trkpt lat="54.1086367238" lon="58.3098252118"><ele>956.65</ele><time>2013-07-18T10:52:51Z</time><extensions><gpxtpx:TrackPointExtension><gpxtpx:atemp>0.0</gpxtpx:atemp></gpxtpx:TrackPointExtension></extensions></trkpt><trkpt lat="54.1088396497" lon="58.3098746650"><ele>959.53</ele><time>2013-07-18T10:53:07Z</time><extensions><gpxtpx:TrackPointExtension><gpxtpx:atemp>0.0</gpxtpx:atemp></gpxtpx:TrackPointExtension></extensions></trkpt><trkpt lat="54.1089667194" lon="58.3099811152"><ele>961.46</ele><time>2013-07-18T10:53:16Z</time><extensions><gpxtpx:TrackPointExtension><gpxtpx:atemp>0.0</gpxtpx:atemp></gpxtpx:TrackPointExtension></extensions></trkpt><trkpt lat="54.1089803819" lon="58.3100084402"><ele>961.94</ele><time>2013-07-18T10:53:18Z</time><extensions><gpxtpx:TrackPointExtension><gpxtpx:atemp>0.0</gpxtpx:atemp></gpxtpx:TrackPointExtension></extensions></trkpt><trkpt lat="54.1091059428" lon="58.3099877369"><ele>962.90</ele><time>2013-07-18T10:53:27Z</time><extensions><gpxtpx:TrackPointExtension><gpxtpx:atemp>0.0</gpxtpx:atemp></gpxtpx:TrackPointExtension></extensions></trkpt><trkpt lat="54.1091728304" lon="58.3100008965"><ele>963.86</ele><time>2013-07-18T10:53:32Z</time><extensions><gpxtpx:TrackPointExtension><gpxtpx:atemp>0.0</gpxtpx:atemp></gpxtpx:TrackPointExtension></extensions></trkpt><trkpt lat="54.1093662009" lon="58.3100283053"><ele>966.74</ele><time>2013-07-18T10:53:47Z</time><extensions><gpxtpx:TrackPointExtension><gpxtpx:atemp>0.0</gpxtpx:atemp></gpxtpx:TrackPointExtension></extensions></trkpt><trkpt lat="54.1094741598" lon="58.3100687899"><ele>967.22</ele><time>2013-07-18T10:53:53Z</time><extensions><gpxtpx:TrackPointExtension><gpxtpx:atemp>0.0</gpxtpx:atemp></gpxtpx:TrackPointExtension></extensions></trkpt><trkpt lat="54.1095293127" lon="58.3101097774"><ele>967.70</ele><time>2013-07-18T10:53:58Z</time><extensions><gpxtpx:TrackPointExtension><gpxtpx:atemp>0.0</gpxtpx:atemp></gpxtpx:TrackPointExtension></extensions></trkpt><trkpt lat="54.1096753255" lon="58.3102138806"><ele>970.59</ele><time>2013-07-18T10:54:11Z</time><extensions><gpxtpx:TrackPointExtension><gpxtpx:atemp>0.0</gpxtpx:atemp></gpxtpx:TrackPointExtension></extensions></trkpt><trkpt lat="54.1096949391" lon="58.3102189098"><ele>971.55</ele><time>2013-07-18T10:54:13Z</time><extensions><gpxtpx:TrackPointExtension><gpxtpx:atemp>0.0</gpxtpx:atemp></gpxtpx:TrackPointExtension></extensions></trkpt><trkpt lat="54.1097178217" lon="58.3102183230"><ele>971.07</ele><time>2013-07-18T10:54:15Z</time><extensions><gpxtpx:TrackPointExtension><gpxtpx:atemp>0.0</gpxtpx:atemp></gpxtpx:TrackPointExtension></extensions></trkpt><trkpt lat="54.1098823585" lon="58.3101702109"><ele>972.99</ele><time>2013-07-18T10:54:28Z</time><extensions><gpxtpx:TrackPointExtension><gpxtpx:atemp>0.0</gpxtpx:atemp></gpxtpx:TrackPointExtension></extensions></trkpt><trkpt lat="54.1100256890" lon="58.3102311473"><ele>974.91</ele><time>2013-07-18T10:54:40Z</time><extensions><gpxtpx:TrackPointExtension><gpxtpx:atemp>0.0</gpxtpx:atemp></gpxtpx:TrackPointExtension></extensions></trkpt><trkpt lat="54.1101590451" lon="58.3102699555"><ele>977.32</ele><time>2013-07-18T10:54:51Z</time><extensions><gpxtpx:TrackPointExtension><gpxtpx:atemp>0.0</gpxtpx:atemp></gpxtpx:TrackPointExtension></extensions></trkpt><trkpt lat="54.1103690956" lon="58.3103827760"><ele>979.24</ele><time>2013-07-18T10:55:07Z</time><extensions><gpxtpx:TrackPointExtension><gpxtpx:atemp>0.0</gpxtpx:atemp></gpxtpx:TrackPointExtension></extensions></trkpt><trkpt lat="54.1104365699" lon="58.3103410341"><ele>979.24</ele><time>2013-07-18T10:55:11Z</time><extensions><gpxtpx:TrackPointExtension><gpxtpx:atemp>0.0</gpxtpx:atemp></gpxtpx:TrackPointExtension></extensions></trkpt><trkpt lat="54.1105536651" lon="58.3103421237"><ele>980.68</ele><time>2013-07-18T10:55:20Z</time><extensions><gpxtpx:TrackPointExtension><gpxtpx:atemp>0.0</gpxtpx:atemp></gpxtpx:TrackPointExtension></extensions></trkpt><trkpt lat="54.1105766315" lon="58.3103538584"><ele>980.20</ele><time>2013-07-18T10:55:22Z</time><extensions><gpxtpx:TrackPointExtension><gpxtpx:atemp>0.0</gpxtpx:atemp></gpxtpx:TrackPointExtension></extensions></trkpt><trkpt lat="54.1107570939" lon="58.3104045689"><ele>981.64</ele><time>2013-07-18T10:55:36Z</time><extensions><gpxtpx:TrackPointExtension><gpxtpx:atemp>0.0</gpxtpx:atemp></gpxtpx:TrackPointExtension></extensions></trkpt><trkpt lat="54.1109351255" lon="58.3103329875"><ele>982.12</ele><time>2013-07-18T10:55:48Z</time><extensions><gpxtpx:TrackPointExtension><gpxtpx:atemp>0.0</gpxtpx:atemp></gpxtpx:TrackPointExtension></extensions></trkpt><trkpt lat="54.1110031027" lon="58.3103119489"><ele>982.60</ele><time>2013-07-18T10:55:53Z</time><extensions><gpxtpx:TrackPointExtension><gpxtpx:atemp>0.0</gpxtpx:atemp></gpxtpx:TrackPointExtension></extensions></trkpt><trkpt lat="54.1110302601" lon="58.3102987055"><ele>983.09</ele><time>2013-07-18T10:55:56Z</time><extensions><gpxtpx:TrackPointExtension><gpxtpx:atemp>0.0</gpxtpx:atemp></gpxtpx:TrackPointExtension></extensions></trkpt><trkpt lat="54.1110924538" lon="58.3103313949"><ele>983.57</ele><time>2013-07-18T10:56:00Z</time><extensions><gpxtpx:TrackPointExtension><gpxtpx:atemp>0.0</gpxtpx:atemp></gpxtpx:TrackPointExtension></extensions></trkpt><trkpt lat="54.1112582479" lon="58.3102653455"><ele>984.53</ele><time>2013-07-18T10:56:12Z</time><extensions><gpxtpx:TrackPointExtension><gpxtpx:atemp>0.0</gpxtpx:atemp></gpxtpx:TrackPointExtension></extensions></trkpt><trkpt lat="54.1112716589" lon="58.3102614898"><ele>985.01</ele><time>2013-07-18T10:56:13Z</time><extensions><gpxtpx:TrackPointExtension><gpxtpx:atemp>0.0</gpxtpx:atemp></gpxtpx:TrackPointExtension></extensions></trkpt><trkpt lat="54.1113662068" lon="58.3102839533"><ele>985.97</ele><time>2013-07-18T10:56:20Z</time><extensions><gpxtpx:TrackPointExtension><gpxtpx:atemp>0.0</gpxtpx:atemp></gpxtpx:TrackPointExtension></extensions></trkpt><trkpt lat="54.1115449928" lon="58.3103456441"><ele>987.89</ele><time>2013-07-18T10:56:32Z</time><extensions><gpxtpx:TrackPointExtension><gpxtpx:atemp>0.0</gpxtpx:atemp></gpxtpx:TrackPointExtension></extensions></trkpt><trkpt lat="54.1117483377" lon="58.3103424590"><ele>989.81</ele><time>2013-07-18T10:56:45Z</time><extensions><gpxtpx:TrackPointExtension><gpxtpx:atemp>0.0</gpxtpx:atemp></gpxtpx:TrackPointExtension></extensions></trkpt><trkpt lat="54.1118604876" lon="58.3102958556"><ele>990.30</ele><time>2013-07-18T10:56:52Z</time><extensions><gpxtpx:TrackPointExtension><gpxtpx:atemp>0.0</gpxtpx:atemp></gpxtpx:TrackPointExtension></extensions></trkpt><trkpt lat="54.1119332425" lon="58.3102808520"><ele>991.26</ele><time>2013-07-18T10:56:57Z</time><extensions><gpxtpx:TrackPointExtension><gpxtpx:atemp>0.0</gpxtpx:atemp></gpxtpx:TrackPointExtension></extensions></trkpt><trkpt lat="54.1120054107" lon="58.3103015553"><ele>991.26</ele><time>2013-07-18T10:57:02Z</time><extensions><gpxtpx:TrackPointExtension><gpxtpx:atemp>0.0</gpxtpx:atemp></gpxtpx:TrackPointExtension></extensions></trkpt><trkpt lat="54.1121934168" lon="58.3104007971"><ele>994.14</ele><time>2013-07-18T10:57:17Z</time><extensions><gpxtpx:TrackPointExtension><gpxtpx:atemp>0.0</gpxtpx:atemp></gpxtpx:TrackPointExtension></extensions></trkpt><trkpt lat="54.1122720391" lon="58.3104224224"><ele>994.14</ele><time>2013-07-18T10:57:22Z</time><extensions><gpxtpx:TrackPointExtension><gpxtpx:atemp>0.0</gpxtpx:atemp></gpxtpx:TrackPointExtension></extensions></trkpt><trkpt lat="54.1123792436" lon="58.3103817701"><ele>996.06</ele><time>2013-07-18T10:57:31Z</time><extensions><gpxtpx:TrackPointExtension><gpxtpx:atemp>0.0</gpxtpx:atemp></gpxtpx:TrackPointExtension></extensions></trkpt><trkpt lat="54.1124017071" lon="58.3103980310"><ele>996.06</ele><time>2013-07-18T10:57:33Z</time><extensions><gpxtpx:TrackPointExtension><gpxtpx:atemp>0.0</gpxtpx:atemp></gpxtpx:TrackPointExtension></extensions></trkpt><trkpt lat="54.1124551836" lon="58.3104831073"><ele>997.51</ele><time>2013-07-18T10:57:37Z</time><extensions><gpxtpx:TrackPointExtension><gpxtpx:atemp>0.0</gpxtpx:atemp></gpxtpx:TrackPointExtension></extensions></trkpt><trkpt lat="54.1125633940" lon="58.3106230851"><ele>1000.39</ele><time>2013-07-18T10:57:49Z</time><extensions><gpxtpx:TrackPointExtension><gpxtpx:atemp>0.0</gpxtpx:atemp></gpxtpx:TrackPointExtension></extensions></trkpt><trkpt lat="54.1126482189" lon="58.3107005339"><ele>1001.83</ele><time>2013-07-18T10:57:57Z</time><extensions><gpxtpx:TrackPointExtension><gpxtpx:atemp>0.0</gpxtpx:atemp></gpxtpx:TrackPointExtension></extensions></trkpt><trkpt lat="54.1127058864" lon="58.3107263502"><ele>1002.31</ele><time>2013-07-18T10:58:02Z</time><extensions><gpxtpx:TrackPointExtension><gpxtpx:atemp>0.0</gpxtpx:atemp></gpxtpx:TrackPointExtension></extensions></trkpt><trkpt lat="54.1128968261" lon="58.3106335625"><ele>1003.27</ele><time>2013-07-18T10:58:16Z</time><extensions><gpxtpx:TrackPointExtension><gpxtpx:atemp>0.0</gpxtpx:atemp></gpxtpx:TrackPointExtension></extensions></trkpt><trkpt lat="54.1130878497" lon="58.3104356658"><ele>1002.31</ele><time>2013-07-18T10:58:29Z</time><extensions><gpxtpx:TrackPointExtension><gpxtpx:atemp>0.0</gpxtpx:atemp></gpxtpx:TrackPointExtension></extensions></trkpt><trkpt lat="54.1131402366" lon="58.3104376774"><ele>1002.79</ele><time>2013-07-18T10:58:34Z</time><extensions><gpxtpx:TrackPointExtension><gpxtpx:atemp>0.0</gpxtpx:atemp></gpxtpx:TrackPointExtension></extensions></trkpt><trkpt lat="54.1132978164" lon="58.3104172256"><ele>1005.20</ele><time>2013-07-18T10:58:46Z</time><extensions><gpxtpx:TrackPointExtension><gpxtpx:atemp>0.0</gpxtpx:atemp></gpxtpx:TrackPointExtension></extensions></trkpt><trkpt lat="54.1134678014" lon="58.3102595620"><ele>1005.20</ele><time>2013-07-18T10:59:00Z</time><extensions><gpxtpx:TrackPointExtension><gpxtpx:atemp>0.0</gpxtpx:atemp></gpxtpx:TrackPointExtension></extensions></trkpt><trkpt lat="54.1135791969" lon="58.3100006450"><ele>1005.20</ele><time>2013-07-18T10:59:13Z</time><extensions><gpxtpx:TrackPointExtension><gpxtpx:atemp>0.0</gpxtpx:atemp></gpxtpx:TrackPointExtension></extensions></trkpt><trkpt lat="54.1136243753" lon="58.3099771757"><ele>1003.75</ele><time>2013-07-18T10:59:15Z</time><extensions><gpxtpx:TrackPointExtension><gpxtpx:atemp>0.0</gpxtpx:atemp></gpxtpx:TrackPointExtension></extensions></trkpt><trkpt lat="54.1136577353" lon="58.3099578135"><ele>1005.20</ele><time>2013-07-18T10:59:17Z</time><extensions><gpxtpx:TrackPointExtension><gpxtpx:atemp>0.0</gpxtpx:atemp></gpxtpx:TrackPointExtension></extensions></trkpt><trkpt lat="54.1137286462" lon="58.3099008165"><ele>1005.68</ele><time>2013-07-18T10:59:23Z</time><extensions><gpxtpx:TrackPointExtension><gpxtpx:atemp>0.0</gpxtpx:atemp></gpxtpx:TrackPointExtension></extensions></trkpt><trkpt lat="54.1137963720" lon="58.3098004013"><ele>1005.68</ele><time>2013-07-18T10:59:30Z</time><extensions><gpxtpx:TrackPointExtension><gpxtpx:atemp>0.0</gpxtpx:atemp></gpxtpx:TrackPointExtension></extensions></trkpt><trkpt lat="54.1139894072" lon="58.3097089548"><ele>1006.64</ele><time>2013-07-18T10:59:43Z</time><extensions><gpxtpx:TrackPointExtension><gpxtpx:atemp>0.0</gpxtpx:atemp></gpxtpx:TrackPointExtension></extensions></trkpt><trkpt lat="54.1141017247" lon="58.3096138202"><ele>1006.16</ele><time>2013-07-18T10:59:51Z</time><extensions><gpxtpx:TrackPointExtension><gpxtpx:atemp>0.0</gpxtpx:atemp></gpxtpx:TrackPointExtension></extensions></trkpt><trkpt lat="54.1141554527" lon="58.3095990680"><ele>1006.16</ele><time>2013-07-18T10:59:55Z</time><extensions><gpxtpx:TrackPointExtension><gpxtpx:atemp>0.0</gpxtpx:atemp></gpxtpx:TrackPointExtension></extensions></trkpt><trkpt lat="54.1141690314" lon="58.3095990680"><ele>1007.12</ele><time>2013-07-18T10:59:56Z</time><extensions><gpxtpx:TrackPointExtension><gpxtpx:atemp>0.0</gpxtpx:atemp></gpxtpx:TrackPointExtension></extensions></trkpt><trkpt lat="54.1143783275" lon="58.3095834777"><ele>1008.08</ele><time>2013-07-18T11:00:11Z</time><extensions><gpxtpx:TrackPointExtension><gpxtpx:atemp>0.0</gpxtpx:atemp></gpxtpx:TrackPointExtension></extensions></trkpt><trkpt lat="54.1145796608" lon="58.3096877486"><ele>1010.00</ele><time>2013-07-18T11:00:23Z</time><extensions><gpxtpx:TrackPointExtension><gpxtpx:atemp>0.0</gpxtpx:atemp></gpxtpx:TrackPointExtension></extensions></trkpt><trkpt lat="54.1146436986" lon="58.3097194321"><ele>1010.96</ele><time>2013-07-18T11:00:28Z</time><extensions><gpxtpx:TrackPointExtension><gpxtpx:atemp>0.0</gpxtpx:atemp></gpxtpx:TrackPointExtension></extensions></trkpt><trkpt lat="54.1148089059" lon="58.3098648582"><ele>1014.81</ele><time>2013-07-18T11:00:43Z</time><extensions><gpxtpx:TrackPointExtension><gpxtpx:atemp>0.0</gpxtpx:atemp></gpxtpx:TrackPointExtension></extensions></trkpt><trkpt lat="54.1149469558" lon="58.3101089392"><ele>1018.17</ele><time>2013-07-18T11:00:57Z</time><extensions><gpxtpx:TrackPointExtension><gpxtpx:atemp>0.0</gpxtpx:atemp></gpxtpx:TrackPointExtension></extensions></trkpt><trkpt lat="54.1150797252" lon="58.3101350069"><ele>1020.10</ele><time>2013-07-18T11:01:09Z</time><extensions><gpxtpx:TrackPointExtension><gpxtpx:atemp>0.0</gpxtpx:atemp></gpxtpx:TrackPointExtension></extensions></trkpt><trkpt lat="54.1152046155" lon="58.3101348393"><ele>1021.54</ele><time>2013-07-18T11:01:24Z</time><extensions><gpxtpx:TrackPointExtension><gpxtpx:atemp>0.0</gpxtpx:atemp></gpxtpx:TrackPointExtension></extensions></trkpt><trkpt lat="54.1153406538" lon="58.3101524413"><ele>1023.46</ele><time>2013-07-18T11:01:35Z</time><extensions><gpxtpx:TrackPointExtension><gpxtpx:atemp>0.0</gpxtpx:atemp></gpxtpx:TrackPointExtension></extensions></trkpt><trkpt lat="54.1156032588" lon="58.3101306483"><ele>1024.90</ele><time>2013-07-18T11:01:52Z</time><extensions><gpxtpx:TrackPointExtension><gpxtpx:atemp>0.0</gpxtpx:atemp></gpxtpx:TrackPointExtension></extensions></trkpt><trkpt lat="54.1156820487" lon="58.3101165667"><ele>1025.38</ele><time>2013-07-18T11:01:57Z</time><extensions><gpxtpx:TrackPointExtension><gpxtpx:atemp>0.0</gpxtpx:atemp></gpxtpx:TrackPointExtension></extensions></trkpt><trkpt lat="54.1158273909" lon="58.3101149742"><ele>1026.34</ele><time>2013-07-18T11:02:07Z</time><extensions><gpxtpx:TrackPointExtension><gpxtpx:atemp>0.0</gpxtpx:atemp></gpxtpx:TrackPointExtension></extensions></trkpt><trkpt lat="54.1160044167" lon="58.3101605717"><ele>1027.31</ele><time>2013-07-18T11:02:20Z</time><extensions><gpxtpx:TrackPointExtension><gpxtpx:atemp>0.0</gpxtpx:atemp></gpxtpx:TrackPointExtension></extensions></trkpt><trkpt lat="54.1160893254" lon="58.3102195803"><ele>1029.71</ele><time>2013-07-18T11:02:30Z</time><extensions><gpxtpx:TrackPointExtension><gpxtpx:atemp>0.0</gpxtpx:atemp></gpxtpx:TrackPointExtension></extensions></trkpt><trkpt lat="54.1162446421" lon="58.3102860488"><ele>1031.15</ele><time>2013-07-18T11:02:42Z</time><extensions><gpxtpx:TrackPointExtension><gpxtpx:atemp>0.0</gpxtpx:atemp></gpxtpx:TrackPointExtension></extensions></trkpt><trkpt lat="54.1164327320" lon="58.3103497513"><ele>1033.07</ele><time>2013-07-18T11:02:56Z</time><extensions><gpxtpx:TrackPointExtension><gpxtpx:atemp>0.0</gpxtpx:atemp></gpxtpx:TrackPointExtension></extensions></trkpt><trkpt lat="54.1166314669" lon="58.3103882242"><ele>1033.55</ele><time>2013-07-18T11:03:09Z</time><extensions><gpxtpx:TrackPointExtension><gpxtpx:atemp>0.0</gpxtpx:atemp></gpxtpx:TrackPointExtension></extensions></trkpt><trkpt lat="54.1167170461" lon="58.3103480749"><ele>1035.00</ele><time>2013-07-18T11:03:15Z</time><extensions><gpxtpx:TrackPointExtension><gpxtpx:atemp>0.0</gpxtpx:atemp></gpxtpx:TrackPointExtension></extensions></trkpt><trkpt lat="54.1169296950" lon="58.3103444707"><ele>1036.92</ele><time>2013-07-18T11:03:29Z</time><extensions><gpxtpx:TrackPointExtension><gpxtpx:atemp>0.0</gpxtpx:atemp></gpxtpx:TrackPointExtension></extensions></trkpt><trkpt lat="54.1170851793" lon="58.3103407826"><ele>1038.36</ele><time>2013-07-18T11:03:42Z</time><extensions><gpxtpx:TrackPointExtension><gpxtpx:atemp>0.0</gpxtpx:atemp></gpxtpx:TrackPointExtension></extensions></trkpt><trkpt lat="54.1170947347" lon="58.3103634976"><ele>1038.36</ele><time>2013-07-18T11:03:56Z</time><extensions><gpxtpx:TrackPointExtension><gpxtpx:atemp>0.0</gpxtpx:atemp></gpxtpx:TrackPointExtension></extensions></trkpt><trkpt lat="54.1171098221" lon="58.3103002980"><ele>1038.84</ele><time>2013-07-18T11:04:08Z</time><extensions><gpxtpx:TrackPointExtension><gpxtpx:atemp>0.0</gpxtpx:atemp></gpxtpx:TrackPointExtension></extensions></trkpt><trkpt lat="54.1171210539" lon="58.3103427943"><ele>1039.80</ele><time>2013-07-18T11:04:21Z</time><extensions><gpxtpx:TrackPointExtension><gpxtpx:atemp>0.0</gpxtpx:atemp></gpxtpx:TrackPointExtension></extensions></trkpt><trkpt lat="54.1171252448" lon="58.3103577141"><ele>1039.80</ele><time>2013-07-18T11:04:22Z</time><extensions><gpxtpx:TrackPointExtension><gpxtpx:atemp>0.0</gpxtpx:atemp></gpxtpx:TrackPointExtension></extensions></trkpt><trkpt lat="54.1171502229" lon="58.3103779983"><ele>1040.28</ele><time>2013-07-18T11:04:24Z</time><extensions><gpxtpx:TrackPointExtension><gpxtpx:atemp>0.0</gpxtpx:atemp></gpxtpx:TrackPointExtension></extensions></trkpt><trkpt lat="54.1171735246" lon="58.3103690296"><ele>1040.28</ele><time>2013-07-18T11:04:27Z</time><extensions><gpxtpx:TrackPointExtension><gpxtpx:atemp>0.0</gpxtpx:atemp></gpxtpx:TrackPointExtension></extensions></trkpt><trkpt lat="54.1172187030" lon="58.3103790041"><ele>1040.76</ele><time>2013-07-18T11:04:38Z</time><extensions><gpxtpx:TrackPointExtension><gpxtpx:atemp>0.0</gpxtpx:atemp></gpxtpx:TrackPointExtension></extensions></trkpt><trkpt lat="54.1172766220" lon="58.3104339894"><ele>1042.21</ele><time>2013-07-18T11:04:43Z</time><extensions><gpxtpx:TrackPointExtension><gpxtpx:atemp>0.0</gpxtpx:atemp></gpxtpx:TrackPointExtension></extensions></trkpt><trkpt lat="54.1173104011" lon="58.3103291318"><ele>1041.25</ele><time>2013-07-18T11:04:53Z</time><extensions><gpxtpx:TrackPointExtension><gpxtpx:atemp>0.0</gpxtpx:atemp></gpxtpx:TrackPointExtension></extensions></trkpt><trkpt lat="54.1172980797" lon="58.3103045728"><ele>1039.80</ele><time>2013-07-18T11:04:57Z</time><extensions><gpxtpx:TrackPointExtension><gpxtpx:atemp>0.0</gpxtpx:atemp></gpxtpx:TrackPointExtension></extensions></trkpt><trkpt lat="54.1173077188" lon="58.3103365917"><ele>1041.25</ele><time>2013-07-18T11:04:59Z</time><extensions><gpxtpx:TrackPointExtension><gpxtpx:atemp>0.0</gpxtpx:atemp></gpxtpx:TrackPointExtension></extensions></trkpt><trkpt lat="54.1173540708" lon="58.3103301376"><ele>1041.25</ele><time>2013-07-18T11:05:10Z</time><extensions><gpxtpx:TrackPointExtension><gpxtpx:atemp>0.0</gpxtpx:atemp></gpxtpx:TrackPointExtension></extensions></trkpt><trkpt lat="54.1173463594" lon="58.3103277069"><ele>1039.32</ele><time>2013-07-18T11:05:16Z</time><extensions><gpxtpx:TrackPointExtension><gpxtpx:atemp>0.0</gpxtpx:atemp></gpxtpx:TrackPointExtension></extensions></trkpt><trkpt lat="54.1173378099" lon="58.3103270363"><ele>1040.76</ele><time>2013-07-18T11:05:17Z</time><extensions><gpxtpx:TrackPointExtension><gpxtpx:atemp>0.0</gpxtpx:atemp></gpxtpx:TrackPointExtension></extensions></trkpt><trkpt lat="54.1173295956" lon="58.3103202470"><ele>1043.17</ele><time>2013-07-18T11:05:19Z</time><extensions><gpxtpx:TrackPointExtension><gpxtpx:atemp>0.0</gpxtpx:atemp></gpxtpx:TrackPointExtension></extensions></trkpt><trkpt lat="54.1173281707" lon="58.3103163913"><ele>1041.25</ele><time>2013-07-18T11:05:20Z</time><extensions><gpxtpx:TrackPointExtension><gpxtpx:atemp>0.0</gpxtpx:atemp></gpxtpx:TrackPointExtension></extensions></trkpt><trkpt lat="54.1173290927" lon="58.3103267848"><ele>1040.28</ele><time>2013-07-18T11:05:22Z</time><extensions><gpxtpx:TrackPointExtension><gpxtpx:atemp>0.0</gpxtpx:atemp></gpxtpx:TrackPointExtension></extensions></trkpt><trkpt lat="54.1173256561" lon="58.3103392739"><ele>1031.63</ele><time>2013-07-18T11:05:23Z</time><extensions><gpxtpx:TrackPointExtension><gpxtpx:atemp>0.0</gpxtpx:atemp></gpxtpx:TrackPointExtension></extensions></trkpt><trkpt lat="54.1173235606" lon="58.3103515115"><ele>1031.63</ele><time>2013-07-18T11:05:24Z</time><extensions><gpxtpx:TrackPointExtension><gpxtpx:atemp>0.0</gpxtpx:atemp></gpxtpx:TrackPointExtension></extensions></trkpt><trkpt lat="54.1173192021" lon="58.3103598095"><ele>1037.88</ele><time>2013-07-18T11:05:25Z</time><extensions><gpxtpx:TrackPointExtension><gpxtpx:atemp>0.0</gpxtpx:atemp></gpxtpx:TrackPointExtension></extensions></trkpt><trkpt lat="54.1173253208" lon="58.3103584684"><ele>1047.49</ele><time>2013-07-18T11:05:26Z</time><extensions><gpxtpx:TrackPointExtension><gpxtpx:atemp>0.0</gpxtpx:atemp></gpxtpx:TrackPointExtension></extensions></trkpt><trkpt lat="54.1173274163" lon="58.3103526849"><ele>1035.48</ele><time>2013-07-18T11:05:27Z</time><extensions><gpxtpx:TrackPointExtension><gpxtpx:atemp>0.0</gpxtpx:atemp></gpxtpx:TrackPointExtension></extensions></trkpt><trkpt lat="54.1173255723" lon="58.3103681915"><ele>1047.49</ele><time>2013-07-18T11:05:28Z</time><extensions><gpxtpx:TrackPointExtension><gpxtpx:atemp>0.0</gpxtpx:atemp></gpxtpx:TrackPointExtension></extensions></trkpt><trkpt lat="54.1173377261" lon="58.3103676047"><ele>1037.88</ele><time>2013-07-18T11:05:29Z</time><extensions><gpxtpx:TrackPointExtension><gpxtpx:atemp>0.0</gpxtpx:atemp></gpxtpx:TrackPointExtension></extensions></trkpt><trkpt lat="54.1173384804" lon="58.3103706222"><ele>1044.61</ele><time>2013-07-18T11:05:30Z</time><extensions><gpxtpx:TrackPointExtension><gpxtpx:atemp>0.0</gpxtpx:atemp></gpxtpx:TrackPointExtension></extensions></trkpt><trkpt lat="54.1173387319" lon="58.3103645872"><ele>1036.92</ele><time>2013-07-18T11:05:31Z</time><extensions><gpxtpx:TrackPointExtension><gpxtpx:atemp>0.0</gpxtpx:atemp></gpxtpx:TrackPointExtension></extensions></trkpt><trkpt lat="54.1173400730" lon="58.3103632461"><ele>1045.57</ele><time>2013-07-18T11:05:32Z</time><extensions><gpxtpx:TrackPointExtension><gpxtpx:atemp>0.0</gpxtpx:atemp></gpxtpx:TrackPointExtension></extensions></trkpt><trkpt lat="54.1173387319" lon="58.3103635814"><ele>1042.21</ele><time>2013-07-18T11:05:33Z</time><extensions><gpxtpx:TrackPointExtension><gpxtpx:atemp>0.0</gpxtpx:atemp></gpxtpx:TrackPointExtension></extensions></trkpt><trkpt lat="54.1172848362" lon="58.3103292994"><ele>1041.25</ele><time>2013-07-18T11:05:51Z</time><extensions><gpxtpx:TrackPointExtension><gpxtpx:atemp>0.0</gpxtpx:atemp></gpxtpx:TrackPointExtension></extensions></trkpt><trkpt lat="54.1173398215" lon="58.3103557024"><ele>1041.25</ele><time>2013-07-18T11:06:10Z</time><extensions><gpxtpx:TrackPointExtension><gpxtpx:atemp>0.0</gpxtpx:atemp></gpxtpx:TrackPointExtension></extensions></trkpt><trkpt lat="54.1172919609" lon="58.3103272878"><ele>1041.73</ele><time>2013-07-18T11:06:29Z</time><extensions><gpxtpx:TrackPointExtension><gpxtpx:atemp>0.0</gpxtpx:atemp></gpxtpx:TrackPointExtension></extensions></trkpt><trkpt lat="54.1172983311" lon="58.3103125356"><ele>1040.76</ele><time>2013-07-18T11:06:50Z</time><extensions><gpxtpx:TrackPointExtension><gpxtpx:atemp>0.0</gpxtpx:atemp></gpxtpx:TrackPointExtension></extensions></trkpt><trkpt lat="54.1173061263" lon="58.3103794232"><ele>1031.63</ele><time>2013-07-18T11:07:10Z</time><extensions><gpxtpx:TrackPointExtension><gpxtpx:atemp>0.0</gpxtpx:atemp></gpxtpx:TrackPointExtension></extensions></trkpt><trkpt lat="54.1173096467" lon="58.3103904035"><ele>1031.15</ele><time>2013-07-18T11:07:40Z</time><extensions><gpxtpx:TrackPointExtension><gpxtpx:atemp>0.0</gpxtpx:atemp></gpxtpx:TrackPointExtension></extensions></trkpt><trkpt lat="54.1173586808" lon="58.3104382642"><ele>1032.11</ele><time>2013-07-18T11:07:45Z</time><extensions><gpxtpx:TrackPointExtension><gpxtpx:atemp>0.0</gpxtpx:atemp></gpxtpx:TrackPointExtension></extensions></trkpt><trkpt lat="54.1173856705" lon="58.3104519267"><ele>1032.11</ele><time>2013-07-18T11:07:48Z</time><extensions><gpxtpx:TrackPointExtension><gpxtpx:atemp>0.0</gpxtpx:atemp></gpxtpx:TrackPointExtension></extensions></trkpt><trkpt lat="54.1175376344" lon="58.3104835264"><ele>1035.00</ele><time>2013-07-18T11:07:59Z</time><extensions><gpxtpx:TrackPointExtension><gpxtpx:atemp>0.0</gpxtpx:atemp></gpxtpx:TrackPointExtension></extensions></trkpt><trkpt lat="54.1176815517" lon="58.3105667587"><ele>1038.36</ele><time>2013-07-18T11:08:11Z</time><extensions><gpxtpx:TrackPointExtension><gpxtpx:atemp>0.0</gpxtpx:atemp></gpxtpx:TrackPointExtension></extensions></trkpt><trkpt lat="54.1178061906" lon="58.3106438722"><ele>1039.80</ele><time>2013-07-18T11:08:23Z</time><extensions><gpxtpx:TrackPointExtension><gpxtpx:atemp>0.0</gpxtpx:atemp></gpxtpx:TrackPointExtension></extensions></trkpt><trkpt lat="54.1179377027" lon="58.3106826805"><ele>1042.21</ele><time>2013-07-18T11:08:35Z</time><extensions><gpxtpx:TrackPointExtension><gpxtpx:atemp>0.0</gpxtpx:atemp></gpxtpx:TrackPointExtension></extensions></trkpt><trkpt lat="54.1179605853" lon="58.3106872067"><ele>1043.17</ele><time>2013-07-18T11:08:37Z</time><extensions><gpxtpx:TrackPointExtension><gpxtpx:atemp>0.0</gpxtpx:atemp></gpxtpx:TrackPointExtension></extensions></trkpt><trkpt lat="54.1180616710" lon="58.3106916491"><ele>1043.65</ele><time>2013-07-18T11:08:45Z</time><extensions><gpxtpx:TrackPointExtension><gpxtpx:atemp>0.0</gpxtpx:atemp></gpxtpx:TrackPointExtension></extensions></trkpt><trkpt lat="54.1182425525" lon="58.3106696047"><ele>1046.05</ele><time>2013-07-18T11:08:59Z</time><extensions><gpxtpx:TrackPointExtension><gpxtpx:atemp>0.0</gpxtpx:atemp></gpxtpx:TrackPointExtension></extensions></trkpt><trkpt lat="54.1184018925" lon="58.3106123563"><ele>1047.97</ele><time>2013-07-18T11:09:11Z</time><extensions><gpxtpx:TrackPointExtension><gpxtpx:atemp>0.0</gpxtpx:atemp></gpxtpx:TrackPointExtension></extensions></trkpt><trkpt lat="54.1184758209" lon="58.3106297068"><ele>1048.45</ele><time>2013-07-18T11:09:16Z</time><extensions><gpxtpx:TrackPointExtension><gpxtpx:atemp>0.0</gpxtpx:atemp></gpxtpx:TrackPointExtension></extensions></trkpt><trkpt lat="54.1185266152" lon="58.3106375858"><ele>1049.42</ele><time>2013-07-18T11:09:21Z</time><extensions><gpxtpx:TrackPointExtension><gpxtpx:atemp>0.0</gpxtpx:atemp></gpxtpx:TrackPointExtension></extensions></trkpt><trkpt lat="54.1186964326" lon="58.3108251728"><ele>1053.26</ele><time>2013-07-18T11:09:37Z</time><extensions><gpxtpx:TrackPointExtension><gpxtpx:atemp>0.0</gpxtpx:atemp></gpxtpx:TrackPointExtension></extensions></trkpt><trkpt lat="54.1188302916" lon="58.3109456208"><ele>1056.63</ele><time>2013-07-18T11:09:49Z</time><extensions><gpxtpx:TrackPointExtension><gpxtpx:atemp>0.0</gpxtpx:atemp></gpxtpx:TrackPointExtension></extensions></trkpt><trkpt lat="54.1189308744" lon="58.3110441081"><ele>1057.59</ele><time>2013-07-18T11:09:59Z</time><extensions><gpxtpx:TrackPointExtension><gpxtpx:atemp>0.0</gpxtpx:atemp></gpxtpx:TrackPointExtension></extensions></trkpt><trkpt lat="54.1189681739" lon="58.3110890351"><ele>1059.51</ele><time>2013-07-18T11:10:03Z</time><extensions><gpxtpx:TrackPointExtension><gpxtpx:atemp>0.0</gpxtpx:atemp></gpxtpx:TrackPointExtension></extensions></trkpt><trkpt lat="54.1189983487" lon="58.3111065533"><ele>1059.99</ele><time>2013-07-18T11:10:06Z</time><extensions><gpxtpx:TrackPointExtension><gpxtpx:atemp>0.0</gpxtpx:atemp></gpxtpx:TrackPointExtension></extensions></trkpt><trkpt lat="54.1190335527" lon="58.3111458644"><ele>1060.95</ele><time>2013-07-18T11:10:09Z</time><extensions><gpxtpx:TrackPointExtension><gpxtpx:atemp>0.0</gpxtpx:atemp></gpxtpx:TrackPointExtension></extensions></trkpt><trkpt lat="54.1191561799" lon="58.3112470340"><ele>1063.84</ele><time>2013-07-18T11:10:21Z</time><extensions><gpxtpx:TrackPointExtension><gpxtpx:atemp>0.0</gpxtpx:atemp></gpxtpx:TrackPointExtension></extensions></trkpt><trkpt lat="54.1192825790" lon="58.3113357145"><ele>1066.72</ele><time>2013-07-18T11:10:34Z</time><extensions><gpxtpx:TrackPointExtension><gpxtpx:atemp>0.0</gpxtpx:atemp></gpxtpx:TrackPointExtension></extensions></trkpt><trkpt lat="54.1192997620" lon="58.3113549929"><ele>1067.20</ele><time>2013-07-18T11:10:36Z</time><extensions><gpxtpx:TrackPointExtension><gpxtpx:atemp>0.0</gpxtpx:atemp></gpxtpx:TrackPointExtension></extensions></trkpt><trkpt lat="54.1194477864" lon="58.3113535680"><ele>1069.60</ele><time>2013-07-18T11:10:50Z</time><extensions><gpxtpx:TrackPointExtension><gpxtpx:atemp>0.0</gpxtpx:atemp></gpxtpx:TrackPointExtension></extensions></trkpt><trkpt lat="54.1195340361" lon="58.3114435896"><ele>1072.49</ele><time>2013-07-18T11:10:59Z</time><extensions><gpxtpx:TrackPointExtension><gpxtpx:atemp>0.0</gpxtpx:atemp></gpxtpx:TrackPointExtension></extensions></trkpt><trkpt lat="54.1196577530" lon="58.3115339465"><ele>1074.41</ele><time>2013-07-18T11:11:11Z</time><extensions><gpxtpx:TrackPointExtension><gpxtpx:atemp>0.0</gpxtpx:atemp></gpxtpx:TrackPointExtension></extensions></trkpt><trkpt lat="54.1197858285" lon="58.3116002474"><ele>1075.85</ele><time>2013-07-18T11:11:23Z</time><extensions><gpxtpx:TrackPointExtension><gpxtpx:atemp>0.0</gpxtpx:atemp></gpxtpx:TrackPointExtension></extensions></trkpt><trkpt lat="54.1198032629" lon="58.3116061985"><ele>1076.81</ele><time>2013-07-18T11:11:25Z</time><extensions><gpxtpx:TrackPointExtension><gpxtpx:atemp>0.0</gpxtpx:atemp></gpxtpx:TrackPointExtension></extensions></trkpt><trkpt lat="54.1198723298" lon="58.3116569929"><ele>1078.74</ele><time>2013-07-18T11:11:31Z</time><extensions><gpxtpx:TrackPointExtension><gpxtpx:atemp>0.0</gpxtpx:atemp></gpxtpx:TrackPointExtension></extensions></trkpt><trkpt lat="54.1200127266" lon="58.3117763512"><ele>1080.66</ele><time>2013-07-18T11:11:44Z</time><extensions><gpxtpx:TrackPointExtension><gpxtpx:atemp>0.0</gpxtpx:atemp></gpxtpx:TrackPointExtension></extensions></trkpt><trkpt lat="54.1201525368" lon="58.3118977211"><ele>1082.58</ele><time>2013-07-18T11:11:57Z</time><extensions><gpxtpx:TrackPointExtension><gpxtpx:atemp>0.0</gpxtpx:atemp></gpxtpx:TrackPointExtension></extensions></trkpt><trkpt lat="54.1202608310" lon="58.3119810373"><ele>1085.47</ele><time>2013-07-18T11:12:08Z</time><extensions><gpxtpx:TrackPointExtension><gpxtpx:atemp>0.0</gpxtpx:atemp></gpxtpx:TrackPointExtension></extensions></trkpt><trkpt lat="54.1203371063" lon="58.3120258804"><ele>1087.39</ele><time>2013-07-18T11:12:15Z</time><extensions><gpxtpx:TrackPointExtension><gpxtpx:atemp>0.0</gpxtpx:atemp></gpxtpx:TrackPointExtension></extensions></trkpt><trkpt lat="54.1204345878" lon="58.3120055962"><ele>1087.87</ele><time>2013-07-18T11:12:26Z</time><extensions><gpxtpx:TrackPointExtension><gpxtpx:atemp>0.0</gpxtpx:atemp></gpxtpx:TrackPointExtension></extensions></trkpt><trkpt lat="54.1203020699" lon="58.3119435702"><ele>1086.43</ele><time>2013-07-18T11:12:36Z</time><extensions><gpxtpx:TrackPointExtension><gpxtpx:atemp>0.0</gpxtpx:atemp></gpxtpx:TrackPointExtension></extensions></trkpt><trkpt lat="54.1202605795" lon="58.3119801991"><ele>1085.47</ele><time>2013-07-18T11:12:43Z</time><extensions><gpxtpx:TrackPointExtension><gpxtpx:atemp>0.0</gpxtpx:atemp></gpxtpx:TrackPointExtension></extensions></trkpt><trkpt lat="54.1201129742" lon="58.3118816279"><ele>1082.10</ele><time>2013-07-18T11:12:53Z</time><extensions><gpxtpx:TrackPointExtension><gpxtpx:atemp>0.0</gpxtpx:atemp></gpxtpx:TrackPointExtension></extensions></trkpt><trkpt lat="54.1200535465" lon="58.3119792771"><ele>1081.14</ele><time>2013-07-18T11:13:04Z</time><extensions><gpxtpx:TrackPointExtension><gpxtpx:atemp>0.0</gpxtpx:atemp></gpxtpx:TrackPointExtension></extensions></trkpt><trkpt lat="54.1200916842" lon="58.3119183406"><ele>1082.10</ele><time>2013-07-18T11:13:08Z</time><extensions><gpxtpx:TrackPointExtension><gpxtpx:atemp>0.0</gpxtpx:atemp></gpxtpx:TrackPointExtension></extensions></trkpt><trkpt lat="54.1201529559" lon="58.3118750062"><ele>1082.58</ele><time>2013-07-18T11:13:13Z</time><extensions><gpxtpx:TrackPointExtension><gpxtpx:atemp>0.0</gpxtpx:atemp></gpxtpx:TrackPointExtension></extensions></trkpt><trkpt lat="54.1202124674" lon="58.3119460009"><ele>1084.50</ele><time>2013-07-18T11:13:18Z</time><extensions><gpxtpx:TrackPointExtension><gpxtpx:atemp>0.0</gpxtpx:atemp></gpxtpx:TrackPointExtension></extensions></trkpt><trkpt lat="54.1202920955" lon="58.3120022435"><ele>1085.95</ele><time>2013-07-18T11:13:25Z</time><extensions><gpxtpx:TrackPointExtension><gpxtpx:atemp>0.0</gpxtpx:atemp></gpxtpx:TrackPointExtension></extensions></trkpt><trkpt lat="54.1204473283" lon="58.3120461646"><ele>1087.87</ele><time>2013-07-18T11:13:38Z</time><extensions><gpxtpx:TrackPointExtension><gpxtpx:atemp>0.0</gpxtpx:atemp></gpxtpx:TrackPointExtension></extensions></trkpt><trkpt lat="54.1204737313" lon="58.3120339271"><ele>1088.35</ele><time>2013-07-18T11:13:40Z</time><extensions><gpxtpx:TrackPointExtension><gpxtpx:atemp>0.0</gpxtpx:atemp></gpxtpx:TrackPointExtension></extensions></trkpt><trkpt lat="54.1205965262" lon="58.3120808657"><ele>1089.31</ele><time>2013-07-18T11:13:50Z</time><extensions><gpxtpx:TrackPointExtension><gpxtpx:atemp>0.0</gpxtpx:atemp></gpxtpx:TrackPointExtension></extensions></trkpt><trkpt lat="54.1206194926" lon="58.3120983839"><ele>1090.75</ele><time>2013-07-18T11:13:52Z</time><extensions><gpxtpx:TrackPointExtension><gpxtpx:atemp>0.0</gpxtpx:atemp></gpxtpx:TrackPointExtension></extensions></trkpt><trkpt lat="54.1207695287" lon="58.3121940214"><ele>1092.20</ele><time>2013-07-18T11:14:05Z</time><extensions><gpxtpx:TrackPointExtension><gpxtpx:atemp>0.0</gpxtpx:atemp></gpxtpx:TrackPointExtension></extensions></trkpt><trkpt lat="54.1207955126" lon="58.3122119587"><ele>1092.68</ele><time>2013-07-18T11:14:07Z</time><extensions><gpxtpx:TrackPointExtension><gpxtpx:atemp>0.0</gpxtpx:atemp></gpxtpx:TrackPointExtension></extensions></trkpt><trkpt lat="54.1208426189" lon="58.3122423012"><ele>1093.16</ele><time>2013-07-18T11:14:12Z</time><extensions><gpxtpx:TrackPointExtension><gpxtpx:atemp>0.0</gpxtpx:atemp></gpxtpx:TrackPointExtension></extensions></trkpt><trkpt lat="54.1209825128" lon="58.3122061752"><ele>1095.08</ele><time>2013-07-18T11:14:25Z</time><extensions><gpxtpx:TrackPointExtension><gpxtpx:atemp>0.0</gpxtpx:atemp></gpxtpx:TrackPointExtension></extensions></trkpt><trkpt lat="54.1211116780" lon="58.3120387048"><ele>1096.52</ele><time>2013-07-18T11:14:39Z</time><extensions><gpxtpx:TrackPointExtension><gpxtpx:atemp>0.0</gpxtpx:atemp></gpxtpx:TrackPointExtension></extensions></trkpt><trkpt lat="54.1212219838" lon="58.3118461724"><ele>1096.52</ele><time>2013-07-18T11:14:53Z</time><extensions><gpxtpx:TrackPointExtension><gpxtpx:atemp>0.0</gpxtpx:atemp></gpxtpx:TrackPointExtension></extensions></trkpt><trkpt lat="54.1213325411" lon="58.3116345294"><ele>1096.04</ele><time>2013-07-18T11:15:07Z</time><extensions><gpxtpx:TrackPointExtension><gpxtpx:atemp>0.0</gpxtpx:atemp></gpxtpx:TrackPointExtension></extensions></trkpt><trkpt lat="54.1214775480" lon="58.3114254847"><ele>1095.56</ele><time>2013-07-18T11:15:22Z</time><extensions><gpxtpx:TrackPointExtension><gpxtpx:atemp>0.0</gpxtpx:atemp></gpxtpx:TrackPointExtension></extensions></trkpt><trkpt lat="54.1215583496" lon="58.3112974092"><ele>1095.56</ele><time>2013-07-18T11:15:31Z</time><extensions><gpxtpx:TrackPointExtension><gpxtpx:atemp>0.0</gpxtpx:atemp></gpxtpx:TrackPointExtension></extensions></trkpt><trkpt lat="54.1217106488" lon="58.3111502230"><ele>1097.00</ele><time>2013-07-18T11:15:46Z</time><extensions><gpxtpx:TrackPointExtension><gpxtpx:atemp>0.0</gpxtpx:atemp></gpxtpx:TrackPointExtension></extensions></trkpt><trkpt lat="54.1218626127" lon="58.3110196330"><ele>1097.96</ele><time>2013-07-18T11:16:00Z</time><extensions><gpxtpx:TrackPointExtension><gpxtpx:atemp>0.0</gpxtpx:atemp></gpxtpx:TrackPointExtension></extensions></trkpt><trkpt lat="54.1219886765" lon="58.3108740393"><ele>1099.40</ele><time>2013-07-18T11:16:13Z</time><extensions><gpxtpx:TrackPointExtension><gpxtpx:atemp>0.0</gpxtpx:atemp></gpxtpx:TrackPointExtension></extensions></trkpt><trkpt lat="54.1221408918" lon="58.3107570279"><ele>1100.37</ele><time>2013-07-18T11:16:27Z</time><extensions><gpxtpx:TrackPointExtension><gpxtpx:atemp>0.0</gpxtpx:atemp></gpxtpx:TrackPointExtension></extensions></trkpt><trkpt lat="54.1222397145" lon="58.3106999472"><ele>1100.85</ele><time>2013-07-18T11:16:37Z</time><extensions><gpxtpx:TrackPointExtension><gpxtpx:atemp>0.0</gpxtpx:atemp></gpxtpx:TrackPointExtension></extensions></trkpt><trkpt lat="54.1223697178" lon="58.3105419483"><ele>1101.33</ele><time>2013-07-18T11:16:51Z</time><extensions><gpxtpx:TrackPointExtension><gpxtpx:atemp>0.0</gpxtpx:atemp></gpxtpx:TrackPointExtension></extensions></trkpt><trkpt lat="54.1223666165" lon="58.3105453849"><ele>1100.85</ele><time>2013-07-18T11:17:07Z</time><extensions><gpxtpx:TrackPointExtension><gpxtpx:atemp>0.0</gpxtpx:atemp></gpxtpx:TrackPointExtension></extensions></trkpt><trkpt lat="54.1223648563" lon="58.3105378412"><ele>1101.81</ele><time>2013-07-18T11:17:40Z</time><extensions><gpxtpx:TrackPointExtension><gpxtpx:atemp>0.0</gpxtpx:atemp></gpxtpx:TrackPointExtension></extensions></trkpt><trkpt lat="54.1223719809" lon="58.3105337340"><ele>1101.33</ele><time>2013-07-18T11:17:46Z</time><extensions><gpxtpx:TrackPointExtension><gpxtpx:atemp>0.0</gpxtpx:atemp></gpxtpx:TrackPointExtension></extensions></trkpt><trkpt lat="54.1225039959" lon="58.3102874737"><ele>1101.33</ele><time>2013-07-18T11:18:00Z</time><extensions><gpxtpx:TrackPointExtension><gpxtpx:atemp>0.0</gpxtpx:atemp></gpxtpx:TrackPointExtension></extensions></trkpt><trkpt lat="54.1225320753" lon="58.3102328237"><ele>1101.81</ele><time>2013-07-18T11:18:03Z</time><extensions><gpxtpx:TrackPointExtension><gpxtpx:atemp>0.0</gpxtpx:atemp></gpxtpx:TrackPointExtension></extensions></trkpt><trkpt lat="54.1225852165" lon="58.3101283014"><ele>1101.33</ele><time>2013-07-18T11:18:11Z</time><extensions><gpxtpx:TrackPointExtension><gpxtpx:atemp>0.0</gpxtpx:atemp></gpxtpx:TrackPointExtension></extensions></trkpt><trkpt lat="54.1226942651" lon="58.3100002259"><ele>1102.29</ele><time>2013-07-18T11:18:19Z</time><extensions><gpxtpx:TrackPointExtension><gpxtpx:atemp>0.0</gpxtpx:atemp></gpxtpx:TrackPointExtension></extensions></trkpt><trkpt lat="54.1228400264" lon="58.3098231163"><ele>1102.29</ele><time>2013-07-18T11:18:34Z</time><extensions><gpxtpx:TrackPointExtension><gpxtpx:atemp>0.0</gpxtpx:atemp></gpxtpx:TrackPointExtension></extensions></trkpt><trkpt lat="54.1229855362" lon="58.3097402193"><ele>1103.73</ele><time>2013-07-18T11:18:45Z</time><extensions><gpxtpx:TrackPointExtension><gpxtpx:atemp>0.0</gpxtpx:atemp></gpxtpx:TrackPointExtension></extensions></trkpt><trkpt lat="54.1231365781" lon="58.3096477669"><ele>1106.61</ele><time>2013-07-18T11:18:58Z</time><extensions><gpxtpx:TrackPointExtension><gpxtpx:atemp>0.0</gpxtpx:atemp></gpxtpx:TrackPointExtension></extensions></trkpt><trkpt lat="54.1232083272" lon="58.3096015826"><ele>1107.10</ele><time>2013-07-18T11:19:04Z</time><extensions><gpxtpx:TrackPointExtension><gpxtpx:atemp>0.0</gpxtpx:atemp></gpxtpx:TrackPointExtension></extensions></trkpt><trkpt lat="54.1233756300" lon="58.3095266484"><ele>1109.02</ele><time>2013-07-18T11:19:17Z</time><extensions><gpxtpx:TrackPointExtension><gpxtpx:atemp>0.0</gpxtpx:atemp></gpxtpx:TrackPointExtension></extensions></trkpt><trkpt lat="54.1234017815" lon="58.3095236309"><ele>1108.54</ele><time>2013-07-18T11:19:20Z</time><extensions><gpxtpx:TrackPointExtension><gpxtpx:atemp>0.0</gpxtpx:atemp></gpxtpx:TrackPointExtension></extensions></trkpt><trkpt lat="54.1235322040" lon="58.3095412329"><ele>1110.94</ele><time>2013-07-18T11:19:30Z</time><extensions><gpxtpx:TrackPointExtension><gpxtpx:atemp>0.0</gpxtpx:atemp></gpxtpx:TrackPointExtension></extensions></trkpt><trkpt lat="54.1236311104" lon="58.3095553145"><ele>1112.38</ele><time>2013-07-18T11:19:38Z</time><extensions><gpxtpx:TrackPointExtension><gpxtpx:atemp>0.0</gpxtpx:atemp></gpxtpx:TrackPointExtension></extensions></trkpt><trkpt lat="54.1236976627" lon="58.3095871657"><ele>1113.82</ele><time>2013-07-18T11:19:43Z</time><extensions><gpxtpx:TrackPointExtension><gpxtpx:atemp>0.0</gpxtpx:atemp></gpxtpx:TrackPointExtension></extensions></trkpt><trkpt lat="54.1237458587" lon="58.3096316736"><ele>1114.31</ele><time>2013-07-18T11:19:47Z</time><extensions><gpxtpx:TrackPointExtension><gpxtpx:atemp>0.0</gpxtpx:atemp></gpxtpx:TrackPointExtension></extensions></trkpt><trkpt lat="54.1237737704" lon="58.3096547239"><ele>1115.27</ele><time>2013-07-18T11:19:50Z</time><extensions><gpxtpx:TrackPointExtension><gpxtpx:atemp>0.0</gpxtpx:atemp></gpxtpx:TrackPointExtension></extensions></trkpt><trkpt lat="54.1238891892" lon="58.3098277263"><ele>1117.19</ele><time>2013-07-18T11:20:03Z</time><extensions><gpxtpx:TrackPointExtension><gpxtpx:atemp>0.0</gpxtpx:atemp></gpxtpx:TrackPointExtension></extensions></trkpt><trkpt lat="54.1239800490" lon="58.3100103680"><ele>1120.55</ele><time>2013-07-18T11:20:15Z</time><extensions><gpxtpx:TrackPointExtension><gpxtpx:atemp>0.0</gpxtpx:atemp></gpxtpx:TrackPointExtension></extensions></trkpt><trkpt lat="54.1240713280" lon="58.3101793472"><ele>1122.48</ele><time>2013-07-18T11:20:27Z</time><extensions><gpxtpx:TrackPointExtension><gpxtpx:atemp>0.0</gpxtpx:atemp></gpxtpx:TrackPointExtension></extensions></trkpt><trkpt lat="54.1241212841" lon="58.3102943469"><ele>1123.92</ele><time>2013-07-18T11:20:34Z</time><extensions><gpxtpx:TrackPointExtension><gpxtpx:atemp>0.0</gpxtpx:atemp></gpxtpx:TrackPointExtension></extensions></trkpt><trkpt lat="54.1241723299" lon="58.3103469014"><ele>1125.36</ele><time>2013-07-18T11:20:40Z</time><extensions><gpxtpx:TrackPointExtension><gpxtpx:atemp>0.0</gpxtpx:atemp></gpxtpx:TrackPointExtension></extensions></trkpt><trkpt lat="54.1242590826" lon="58.3104634937"><ele>1127.28</ele><time>2013-07-18T11:20:49Z</time><extensions><gpxtpx:TrackPointExtension><gpxtpx:atemp>0.0</gpxtpx:atemp></gpxtpx:TrackPointExtension></extensions></trkpt><trkpt lat="54.1243192647" lon="58.3107022103"><ele>1130.65</ele><time>2013-07-18T11:21:02Z</time><extensions><gpxtpx:TrackPointExtension><gpxtpx:atemp>0.0</gpxtpx:atemp></gpxtpx:TrackPointExtension></extensions></trkpt><trkpt lat="54.1243382916" lon="58.3107592911"><ele>1130.65</ele><time>2013-07-18T11:21:06Z</time><extensions><gpxtpx:TrackPointExtension><gpxtpx:atemp>0.0</gpxtpx:atemp></gpxtpx:TrackPointExtension></extensions></trkpt><trkpt lat="54.1244167462" lon="58.3108798228"><ele>1133.05</ele><time>2013-07-18T11:21:16Z</time><extensions><gpxtpx:TrackPointExtension><gpxtpx:atemp>0.0</gpxtpx:atemp></gpxtpx:TrackPointExtension></extensions></trkpt><trkpt lat="54.1244880762" lon="58.3110408392"><ele>1134.97</ele><time>2013-07-18T11:21:26Z</time><extensions><gpxtpx:TrackPointExtension><gpxtpx:atemp>0.0</gpxtpx:atemp></gpxtpx:TrackPointExtension></extensions></trkpt><trkpt lat="54.1245040856" lon="58.3110630512"><ele>1134.97</ele><time>2013-07-18T11:21:28Z</time><extensions><gpxtpx:TrackPointExtension><gpxtpx:atemp>0.0</gpxtpx:atemp></gpxtpx:TrackPointExtension></extensions></trkpt><trkpt lat="54.1245154850" lon="58.3110907953"><ele>1134.97</ele><time>2013-07-18T11:21:30Z</time><extensions><gpxtpx:TrackPointExtension><gpxtpx:atemp>0.0</gpxtpx:atemp></gpxtpx:TrackPointExtension></extensions></trkpt><trkpt lat="54.1246170737" lon="58.3112059627"><ele>1137.86</ele><time>2013-07-18T11:21:42Z</time><extensions><gpxtpx:TrackPointExtension><gpxtpx:atemp>0.0</gpxtpx:atemp></gpxtpx:TrackPointExtension></extensions></trkpt><trkpt lat="54.1247087717" lon="58.3113420010"><ele>1140.26</ele><time>2013-07-18T11:21:54Z</time><extensions><gpxtpx:TrackPointExtension><gpxtpx:atemp>0.0</gpxtpx:atemp></gpxtpx:TrackPointExtension></extensions></trkpt><trkpt lat="54.1247668583" lon="58.3115629479"><ele>1143.14</ele><time>2013-07-18T11:22:07Z</time><extensions><gpxtpx:TrackPointExtension><gpxtpx:atemp>0.0</gpxtpx:atemp></gpxtpx:TrackPointExtension></extensions></trkpt><trkpt lat="54.1248236038" lon="58.3117186837"><ele>1144.59</ele><time>2013-07-18T11:22:17Z</time><extensions><gpxtpx:TrackPointExtension><gpxtpx:atemp>0.0</gpxtpx:atemp></gpxtpx:TrackPointExtension></extensions></trkpt><trkpt lat="54.1248776671" lon="58.3119088691"><ele>1147.47</ele><time>2013-07-18T11:22:28Z</time><extensions><gpxtpx:TrackPointExtension><gpxtpx:atemp>0.0</gpxtpx:atemp></gpxtpx:TrackPointExtension></extensions></trkpt><trkpt lat="54.1249089316" lon="58.3120132238"><ele>1148.43</ele><time>2013-07-18T11:22:35Z</time><extensions><gpxtpx:TrackPointExtension><gpxtpx:atemp>0.0</gpxtpx:atemp></gpxtpx:TrackPointExtension></extensions></trkpt><trkpt lat="54.1250018869" lon="58.3121627569"><ele>1151.80</ele><time>2013-07-18T11:22:46Z</time><extensions><gpxtpx:TrackPointExtension><gpxtpx:atemp>0.0</gpxtpx:atemp></gpxtpx:TrackPointExtension></extensions></trkpt><trkpt lat="54.1250199918" lon="58.3122240286"><ele>1151.80</ele><time>2013-07-18T11:22:50Z</time><extensions><gpxtpx:TrackPointExtension><gpxtpx:atemp>0.0</gpxtpx:atemp></gpxtpx:TrackPointExtension></extensions></trkpt><trkpt lat="54.1250368394" lon="58.3123317361"><ele>1152.76</ele><time>2013-07-18T11:22:56Z</time><extensions><gpxtpx:TrackPointExtension><gpxtpx:atemp>0.0</gpxtpx:atemp></gpxtpx:TrackPointExtension></extensions></trkpt><trkpt lat="54.1250513401" lon="58.3123651799"><ele>1153.24</ele><time>2013-07-18T11:22:58Z</time><extensions><gpxtpx:TrackPointExtension><gpxtpx:atemp>0.0</gpxtpx:atemp></gpxtpx:TrackPointExtension></extensions></trkpt><trkpt lat="54.1250998713" lon="58.3124233503"><ele>1153.72</ele><time>2013-07-18T11:23:03Z</time><extensions><gpxtpx:TrackPointExtension><gpxtpx:atemp>0.0</gpxtpx:atemp></gpxtpx:TrackPointExtension></extensions></trkpt><trkpt lat="54.1251971852" lon="58.3124003001"><ele>1155.16</ele><time>2013-07-18T11:23:11Z</time><extensions><gpxtpx:TrackPointExtension><gpxtpx:atemp>0.0</gpxtpx:atemp></gpxtpx:TrackPointExtension></extensions></trkpt><trkpt lat="54.1252442077" lon="58.3123639226"><ele>1155.16</ele><time>2013-07-18T11:23:15Z</time><extensions><gpxtpx:TrackPointExtension><gpxtpx:atemp>0.0</gpxtpx:atemp></gpxtpx:TrackPointExtension></extensions></trkpt><trkpt lat="54.1253207345" lon="58.3122909162"><ele>1155.16</ele><time>2013-07-18T11:23:22Z</time><extensions><gpxtpx:TrackPointExtension><gpxtpx:atemp>0.0</gpxtpx:atemp></gpxtpx:TrackPointExtension></extensions></trkpt><trkpt lat="54.1253686789" lon="58.3122774214"><ele>1155.64</ele><time>2013-07-18T11:23:26Z</time><extensions><gpxtpx:TrackPointExtension><gpxtpx:atemp>0.0</gpxtpx:atemp></gpxtpx:TrackPointExtension></extensions></trkpt><trkpt lat="54.1254123487" lon="58.3122991305"><ele>1155.64</ele><time>2013-07-18T11:23:30Z</time><extensions><gpxtpx:TrackPointExtension><gpxtpx:atemp>0.0</gpxtpx:atemp></gpxtpx:TrackPointExtension></extensions></trkpt><trkpt lat="54.1254847683" lon="58.3123676945"><ele>1158.05</ele><time>2013-07-18T11:23:43Z</time><extensions><gpxtpx:TrackPointExtension><gpxtpx:atemp>0.0</gpxtpx:atemp></gpxtpx:TrackPointExtension></extensions></trkpt><trkpt lat="54.1254662443" lon="58.3123881463"><ele>1158.05</ele><time>2013-07-18T11:24:02Z</time><extensions><gpxtpx:TrackPointExtension><gpxtpx:atemp>0.0</gpxtpx:atemp></gpxtpx:TrackPointExtension></extensions></trkpt><trkpt lat="54.1254665796" lon="58.3123946842"><ele>1158.05</ele><time>2013-07-18T11:24:35Z</time><extensions><gpxtpx:TrackPointExtension><gpxtpx:atemp>0.0</gpxtpx:atemp></gpxtpx:TrackPointExtension></extensions></trkpt><trkpt lat="54.1254630592" lon="58.3124059159"><ele>1156.60</ele><time>2013-07-18T11:24:54Z</time><extensions><gpxtpx:TrackPointExtension><gpxtpx:atemp>0.0</gpxtpx:atemp></gpxtpx:TrackPointExtension></extensions></trkpt><trkpt lat="54.1254599579" lon="58.3124196623"><ele>1158.53</ele><time>2013-07-18T11:24:57Z</time><extensions><gpxtpx:TrackPointExtension><gpxtpx:atemp>0.0</gpxtpx:atemp></gpxtpx:TrackPointExtension></extensions></trkpt><trkpt lat="54.1254584491" lon="58.3124556206"><ele>1157.56</ele><time>2013-07-18T11:25:19Z</time><extensions><gpxtpx:TrackPointExtension><gpxtpx:atemp>0.0</gpxtpx:atemp></gpxtpx:TrackPointExtension></extensions></trkpt><trkpt lat="54.1254694294" lon="58.3123894874"><ele>1157.56</ele><time>2013-07-18T11:25:42Z</time><extensions><gpxtpx:TrackPointExtension><gpxtpx:atemp>0.0</gpxtpx:atemp></gpxtpx:TrackPointExtension></extensions></trkpt><trkpt lat="54.1256504785" lon="58.3124211710"><ele>1159.49</ele><time>2013-07-18T11:25:54Z</time><extensions><gpxtpx:TrackPointExtension><gpxtpx:atemp>0.0</gpxtpx:atemp></gpxtpx:TrackPointExtension></extensions></trkpt><trkpt lat="54.1257851757" lon="58.3125405293"><ele>1161.89</ele><time>2013-07-18T11:26:06Z</time><extensions><gpxtpx:TrackPointExtension><gpxtpx:atemp>0.0</gpxtpx:atemp></gpxtpx:TrackPointExtension></extensions></trkpt><trkpt lat="54.1258554161" lon="58.3125970233"><ele>1162.85</ele><time>2013-07-18T11:26:12Z</time><extensions><gpxtpx:TrackPointExtension><gpxtpx:atemp>0.0</gpxtpx:atemp></gpxtpx:TrackPointExtension></extensions></trkpt><trkpt lat="54.1259779595" lon="58.3126847818"><ele>1165.26</ele><time>2013-07-18T11:26:23Z</time><extensions><gpxtpx:TrackPointExtension><gpxtpx:atemp>0.0</gpxtpx:atemp></gpxtpx:TrackPointExtension></extensions></trkpt><trkpt lat="54.1260178573" lon="58.3127416950"><ele>1166.70</ele><time>2013-07-18T11:26:27Z</time><extensions><gpxtpx:TrackPointExtension><gpxtpx:atemp>0.0</gpxtpx:atemp></gpxtpx:TrackPointExtension></extensions></trkpt><trkpt lat="54.1261684801" lon="58.3128832653"><ele>1168.14</ele><time>2013-07-18T11:26:41Z</time><extensions><gpxtpx:TrackPointExtension><gpxtpx:atemp>0.0</gpxtpx:atemp></gpxtpx:TrackPointExtension></extensions></trkpt><trkpt lat="54.1262262315" lon="58.3129454590"><ele>1169.58</ele><time>2013-07-18T11:26:46Z</time><extensions><gpxtpx:TrackPointExtension><gpxtpx:atemp>0.0</gpxtpx:atemp></gpxtpx:TrackPointExtension></extensions></trkpt><trkpt lat="54.1262817197" lon="58.3129934873"><ele>1169.58</ele><time>2013-07-18T11:26:51Z</time><extensions><gpxtpx:TrackPointExtension><gpxtpx:atemp>0.0</gpxtpx:atemp></gpxtpx:TrackPointExtension></extensions></trkpt><trkpt lat="54.1264463402" lon="58.3131200541"><ele>1172.47</ele><time>2013-07-18T11:27:05Z</time><extensions><gpxtpx:TrackPointExtension><gpxtpx:atemp>0.0</gpxtpx:atemp></gpxtpx:TrackPointExtension></extensions></trkpt><trkpt lat="54.1265517008" lon="58.3132014424"><ele>1173.43</ele><time>2013-07-18T11:27:14Z</time><extensions><gpxtpx:TrackPointExtension><gpxtpx:atemp>0.0</gpxtpx:atemp></gpxtpx:TrackPointExtension></extensions></trkpt><trkpt lat="54.1266402137" lon="58.3133638836"><ele>1175.83</ele><time>2013-07-18T11:27:24Z</time><extensions><gpxtpx:TrackPointExtension><gpxtpx:atemp>0.0</gpxtpx:atemp></gpxtpx:TrackPointExtension></extensions></trkpt><trkpt lat="54.1266777646" lon="58.3134477865"><ele>1174.87</ele><time>2013-07-18T11:27:28Z</time><extensions><gpxtpx:TrackPointExtension><gpxtpx:atemp>0.0</gpxtpx:atemp></gpxtpx:TrackPointExtension></extensions></trkpt><trkpt lat="54.1268199217" lon="58.3136541490"><ele>1178.71</ele><time>2013-07-18T11:27:43Z</time><extensions><gpxtpx:TrackPointExtension><gpxtpx:atemp>0.0</gpxtpx:atemp></gpxtpx:TrackPointExtension></extensions></trkpt><trkpt lat="54.1269310657" lon="58.3138624392"><ele>1180.64</ele><time>2013-07-18T11:27:56Z</time><extensions><gpxtpx:TrackPointExtension><gpxtpx:atemp>0.0</gpxtpx:atemp></gpxtpx:TrackPointExtension></extensions></trkpt><trkpt lat="54.1270226799" lon="58.3139419835"><ele>1181.60</ele><time>2013-07-18T11:28:04Z</time><extensions><gpxtpx:TrackPointExtension><gpxtpx:atemp>0.0</gpxtpx:atemp></gpxtpx:TrackPointExtension></extensions></trkpt><trkpt lat="54.1270938423" lon="58.3140403032"><ele>1183.52</ele><time>2013-07-18T11:28:11Z</time><extensions><gpxtpx:TrackPointExtension><gpxtpx:atemp>0.0</gpxtpx:atemp></gpxtpx:TrackPointExtension></extensions></trkpt><trkpt lat="54.1271723807" lon="58.3141022455"><ele>1184.00</ele><time>2013-07-18T11:28:18Z</time><extensions><gpxtpx:TrackPointExtension><gpxtpx:atemp>0.0</gpxtpx:atemp></gpxtpx:TrackPointExtension></extensions></trkpt><trkpt lat="54.1273427848" lon="58.3140069433"><ele>1183.52</ele><time>2013-07-18T11:28:29Z</time><extensions><gpxtpx:TrackPointExtension><gpxtpx:atemp>0.0</gpxtpx:atemp></gpxtpx:TrackPointExtension></extensions></trkpt><trkpt lat="54.1274044756" lon="58.3139800373"><ele>1183.52</ele><time>2013-07-18T11:28:33Z</time><extensions><gpxtpx:TrackPointExtension><gpxtpx:atemp>0.0</gpxtpx:atemp></gpxtpx:TrackPointExtension></extensions></trkpt><trkpt lat="54.1276108380" lon="58.3138097171"><ele>1183.52</ele><time>2013-07-18T11:28:42Z</time><extensions><gpxtpx:TrackPointExtension><gpxtpx:atemp>0.0</gpxtpx:atemp></gpxtpx:TrackPointExtension></extensions></trkpt><trkpt lat="54.1278993431" lon="58.3139103837"><ele>1184.48</ele><time>2013-07-18T11:28:52Z</time><extensions><gpxtpx:TrackPointExtension><gpxtpx:atemp>0.0</gpxtpx:atemp></gpxtpx:TrackPointExtension></extensions></trkpt><trkpt lat="54.1280835774" lon="58.3141698875"><ele>1185.44</ele><time>2013-07-18T11:29:03Z</time><extensions><gpxtpx:TrackPointExtension><gpxtpx:atemp>0.0</gpxtpx:atemp></gpxtpx:TrackPointExtension></extensions></trkpt><trkpt lat="54.1281107347" lon="58.3141919319"><ele>1184.48</ele><time>2013-07-18T11:29:05Z</time><extensions><gpxtpx:TrackPointExtension><gpxtpx:atemp>0.0</gpxtpx:atemp></gpxtpx:TrackPointExtension></extensions></trkpt><trkpt lat="54.1281450167" lon="58.3142398763"><ele>1185.44</ele><time>2013-07-18T11:29:09Z</time><extensions><gpxtpx:TrackPointExtension><gpxtpx:atemp>0.0</gpxtpx:atemp></gpxtpx:TrackPointExtension></extensions></trkpt><trkpt lat="54.1281701624" lon="58.3143452369"><ele>1184.48</ele><time>2013-07-18T11:29:22Z</time><extensions><gpxtpx:TrackPointExtension><gpxtpx:atemp>0.0</gpxtpx:atemp></gpxtpx:TrackPointExtension></extensions></trkpt><trkpt lat="54.1283053625" lon="58.3145971131"><ele>1186.88</ele><time>2013-07-18T11:29:37Z</time><extensions><gpxtpx:TrackPointExtension><gpxtpx:atemp>0.0</gpxtpx:atemp></gpxtpx:TrackPointExtension></extensions></trkpt><trkpt lat="54.1283306759" lon="58.3146605641"><ele>1187.37</ele><time>2013-07-18T11:29:40Z</time><extensions><gpxtpx:TrackPointExtension><gpxtpx:atemp>0.0</gpxtpx:atemp></gpxtpx:TrackPointExtension></extensions></trkpt><trkpt lat="54.1283371300" lon="58.3147113584"><ele>1189.29</ele><time>2013-07-18T11:29:42Z</time><extensions><gpxtpx:TrackPointExtension><gpxtpx:atemp>0.0</gpxtpx:atemp></gpxtpx:TrackPointExtension></extensions></trkpt><trkpt lat="54.1283403989" lon="58.3147451375"><ele>1190.25</ele><time>2013-07-18T11:29:44Z</time><extensions><gpxtpx:TrackPointExtension><gpxtpx:atemp>0.0</gpxtpx:atemp></gpxtpx:TrackPointExtension></extensions></trkpt><trkpt lat="54.1283655446" lon="58.3148770686"><ele>1192.17</ele><time>2013-07-18T11:29:48Z</time><extensions><gpxtpx:TrackPointExtension><gpxtpx:atemp>0.0</gpxtpx:atemp></gpxtpx:TrackPointExtension></extensions></trkpt><trkpt lat="54.1283456795" lon="58.3151207305"><ele>1194.58</ele><time>2013-07-18T11:29:57Z</time><extensions><gpxtpx:TrackPointExtension><gpxtpx:atemp>0.0</gpxtpx:atemp></gpxtpx:TrackPointExtension></extensions></trkpt><trkpt lat="54.1283535585" lon="58.3153451141"><ele>1196.50</ele><time>2013-07-18T11:30:07Z</time><extensions><gpxtpx:TrackPointExtension><gpxtpx:atemp>0.0</gpxtpx:atemp></gpxtpx:TrackPointExtension></extensions></trkpt><trkpt lat="54.1283356212" lon="58.3154226467"><ele>1196.98</ele><time>2013-07-18T11:30:12Z</time><extensions><gpxtpx:TrackPointExtension><gpxtpx:atemp>0.0</gpxtpx:atemp></gpxtpx:TrackPointExtension></extensions></trkpt><trkpt lat="54.1283290833" lon="58.3154705074"><ele>1198.42</ele><time>2013-07-18T11:30:14Z</time><extensions><gpxtpx:TrackPointExtension><gpxtpx:atemp>0.0</gpxtpx:atemp></gpxtpx:TrackPointExtension></extensions></trkpt><trkpt lat="54.1283341963" lon="58.3156216331"><ele>1200.34</ele><time>2013-07-18T11:30:21Z</time><extensions><gpxtpx:TrackPointExtension><gpxtpx:atemp>0.0</gpxtpx:atemp></gpxtpx:TrackPointExtension></extensions></trkpt><trkpt lat="54.1282985732" lon="58.3157442603"><ele>1203.71</ele><time>2013-07-18T11:30:33Z</time><extensions><gpxtpx:TrackPointExtension><gpxtpx:atemp>0.0</gpxtpx:atemp></gpxtpx:TrackPointExtension></extensions></trkpt><trkpt lat="54.1282992437" lon="58.3159336913"><ele>1207.07</ele><time>2013-07-18T11:30:47Z</time><extensions><gpxtpx:TrackPointExtension><gpxtpx:atemp>0.0</gpxtpx:atemp></gpxtpx:TrackPointExtension></extensions></trkpt><trkpt lat="54.1282896046" lon="58.3159849048"><ele>1208.51</ele><time>2013-07-18T11:31:09Z</time><extensions><gpxtpx:TrackPointExtension><gpxtpx:atemp>0.0</gpxtpx:atemp></gpxtpx:TrackPointExtension></extensions></trkpt><trkpt lat="54.1282824799" lon="58.3159856591"><ele>1212.84</ele><time>2013-07-18T11:31:15Z</time><extensions><gpxtpx:TrackPointExtension><gpxtpx:atemp>0.0</gpxtpx:atemp></gpxtpx:TrackPointExtension></extensions></trkpt><trkpt lat="54.1282788757" lon="58.3159938734"><ele>1210.44</ele><time>2013-07-18T11:31:16Z</time><extensions><gpxtpx:TrackPointExtension><gpxtpx:atemp>0.0</gpxtpx:atemp></gpxtpx:TrackPointExtension></extensions></trkpt><trkpt lat="54.1282923706" lon="58.3160856552"><ele>1212.84</ele><time>2013-07-18T11:31:23Z</time><extensions><gpxtpx:TrackPointExtension><gpxtpx:atemp>0.0</gpxtpx:atemp></gpxtpx:TrackPointExtension></extensions></trkpt><trkpt lat="54.1282444261" lon="58.3161701448"><ele>1215.24</ele><time>2013-07-18T11:31:35Z</time><extensions><gpxtpx:TrackPointExtension><gpxtpx:atemp>0.0</gpxtpx:atemp></gpxtpx:TrackPointExtension></extensions></trkpt><trkpt lat="54.1282528080" lon="58.3162749186"><ele>1218.61</ele><time>2013-07-18T11:31:47Z</time><extensions><gpxtpx:TrackPointExtension><gpxtpx:atemp>0.0</gpxtpx:atemp></gpxtpx:TrackPointExtension></extensions></trkpt><trkpt lat="54.1281976551" lon="58.3163508587"><ele>1220.05</ele><time>2013-07-18T11:32:00Z</time><extensions><gpxtpx:TrackPointExtension><gpxtpx:atemp>0.0</gpxtpx:atemp></gpxtpx:TrackPointExtension></extensions></trkpt><trkpt lat="54.1281579249" lon="58.3164573926"><ele>1223.42</ele><time>2013-07-18T11:32:12Z</time><extensions><gpxtpx:TrackPointExtension><gpxtpx:atemp>0.0</gpxtpx:atemp></gpxtpx:TrackPointExtension></extensions></trkpt><trkpt lat="54.1281845793" lon="58.3165642619"><ele>1226.78</ele><time>2013-07-18T11:32:25Z</time><extensions><gpxtpx:TrackPointExtension><gpxtpx:atemp>0.0</gpxtpx:atemp></gpxtpx:TrackPointExtension></extensions></trkpt><trkpt lat="54.1282051150" lon="58.3166280482"><ele>1228.70</ele><time>2013-07-18T11:32:38Z</time><extensions><gpxtpx:TrackPointExtension><gpxtpx:atemp>0.0</gpxtpx:atemp></gpxtpx:TrackPointExtension></extensions></trkpt><trkpt lat="54.1281993315" lon="58.3166589774"><ele>1230.62</ele><time>2013-07-18T11:32:42Z</time><extensions><gpxtpx:TrackPointExtension><gpxtpx:atemp>0.0</gpxtpx:atemp></gpxtpx:TrackPointExtension></extensions></trkpt><trkpt lat="54.1282096412" lon="58.3167378511"><ele>1233.03</ele><time>2013-07-18T11:32:53Z</time><extensions><gpxtpx:TrackPointExtension><gpxtpx:atemp>0.0</gpxtpx:atemp></gpxtpx:TrackPointExtension></extensions></trkpt><trkpt lat="54.1281951405" lon="58.3168748952"><ele>1235.91</ele><time>2013-07-18T11:33:06Z</time><extensions><gpxtpx:TrackPointExtension><gpxtpx:atemp>0.0</gpxtpx:atemp></gpxtpx:TrackPointExtension></extensions></trkpt><trkpt lat="54.1281761136" lon="58.3169950079"><ele>1239.28</ele><time>2013-07-18T11:33:20Z</time><extensions><gpxtpx:TrackPointExtension><gpxtpx:atemp>0.0</gpxtpx:atemp></gpxtpx:TrackPointExtension></extensions></trkpt><trkpt lat="54.1281854175" lon="58.3170913160"><ele>1241.20</ele><time>2013-07-18T11:33:30Z</time><extensions><gpxtpx:TrackPointExtension><gpxtpx:atemp>0.0</gpxtpx:atemp></gpxtpx:TrackPointExtension></extensions></trkpt><trkpt lat="54.1282341164" lon="58.3171623107"><ele>1244.56</ele><time>2013-07-18T11:33:41Z</time><extensions><gpxtpx:TrackPointExtension><gpxtpx:atemp>0.0</gpxtpx:atemp></gpxtpx:TrackPointExtension></extensions></trkpt><trkpt lat="54.1282849107" lon="58.3172729518"><ele>1246.97</ele><time>2013-07-18T11:33:55Z</time><extensions><gpxtpx:TrackPointExtension><gpxtpx:atemp>0.0</gpxtpx:atemp></gpxtpx:TrackPointExtension></extensions></trkpt><trkpt lat="54.1283289157" lon="58.3174537495"><ele>1250.33</ele><time>2013-07-18T11:34:09Z</time><extensions><gpxtpx:TrackPointExtension><gpxtpx:atemp>0.0</gpxtpx:atemp></gpxtpx:TrackPointExtension></extensions></trkpt><trkpt lat="54.1283388902" lon="58.3175804839"><ele>1253.22</ele><time>2013-07-18T11:34:22Z</time><extensions><gpxtpx:TrackPointExtension><gpxtpx:atemp>0.0</gpxtpx:atemp></gpxtpx:TrackPointExtension></extensions></trkpt><trkpt lat="54.1283469368" lon="58.3177183662"><ele>1255.14</ele><time>2013-07-18T11:34:35Z</time><extensions><gpxtpx:TrackPointExtension><gpxtpx:atemp>0.0</gpxtpx:atemp></gpxtpx:TrackPointExtension></extensions></trkpt><trkpt lat="54.1283445060" lon="58.3178460225"><ele>1258.50</ele><time>2013-07-18T11:34:45Z</time><extensions><gpxtpx:TrackPointExtension><gpxtpx:atemp>0.0</gpxtpx:atemp></gpxtpx:TrackPointExtension></extensions></trkpt><trkpt lat="54.1283689812" lon="58.3179912809"><ele>1260.43</ele><time>2013-07-18T11:34:56Z</time><extensions><gpxtpx:TrackPointExtension><gpxtpx:atemp>0.0</gpxtpx:atemp></gpxtpx:TrackPointExtension></extensions></trkpt><trkpt lat="54.1283631977" lon="58.3181127347"><ele>1263.79</ele><time>2013-07-18T11:35:07Z</time><extensions><gpxtpx:TrackPointExtension><gpxtpx:atemp>0.0</gpxtpx:atemp></gpxtpx:TrackPointExtension></extensions></trkpt><trkpt lat="54.1283513792" lon="58.3182103839"><ele>1266.19</ele><time>2013-07-18T11:35:18Z</time><extensions><gpxtpx:TrackPointExtension><gpxtpx:atemp>0.0</gpxtpx:atemp></gpxtpx:TrackPointExtension></extensions></trkpt><trkpt lat="54.1283328552" lon="58.3183544688"><ele>1267.16</ele><time>2013-07-18T11:35:29Z</time><extensions><gpxtpx:TrackPointExtension><gpxtpx:atemp>0.0</gpxtpx:atemp></gpxtpx:TrackPointExtension></extensions></trkpt><trkpt lat="54.1283339448" lon="58.3184181713"><ele>1270.52</ele><time>2013-07-18T11:35:33Z</time><extensions><gpxtpx:TrackPointExtension><gpxtpx:atemp>0.0</gpxtpx:atemp></gpxtpx:TrackPointExtension></extensions></trkpt><trkpt lat="54.1283304244" lon="58.3184392098"><ele>1270.04</ele><time>2013-07-18T11:35:35Z</time><extensions><gpxtpx:TrackPointExtension><gpxtpx:atemp>0.0</gpxtpx:atemp></gpxtpx:TrackPointExtension></extensions></trkpt><trkpt lat="54.1282457672" lon="58.3184812870"><ele>1271.48</ele><time>2013-07-18T11:35:46Z</time><extensions><gpxtpx:TrackPointExtension><gpxtpx:atemp>0.0</gpxtpx:atemp></gpxtpx:TrackPointExtension></extensions></trkpt><trkpt lat="54.1281737667" lon="58.3185039181"><ele>1274.85</ele><time>2013-07-18T11:35:55Z</time><extensions><gpxtpx:TrackPointExtension><gpxtpx:atemp>0.0</gpxtpx:atemp></gpxtpx:TrackPointExtension></extensions></trkpt><trkpt lat="54.1281120759" lon="58.3185745776"><ele>1276.29</ele><time>2013-07-18T11:36:08Z</time><extensions><gpxtpx:TrackPointExtension><gpxtpx:atemp>0.0</gpxtpx:atemp></gpxtpx:TrackPointExtension></extensions></trkpt><trkpt lat="54.1280560847" lon="58.3185661957"><ele>1278.21</ele><time>2013-07-18T11:36:19Z</time><extensions><gpxtpx:TrackPointExtension><gpxtpx:atemp>0.0</gpxtpx:atemp></gpxtpx:TrackPointExtension></extensions></trkpt><trkpt lat="54.1280354653" lon="58.3185406309"><ele>1281.57</ele><time>2013-07-18T11:36:27Z</time><extensions><gpxtpx:TrackPointExtension><gpxtpx:atemp>0.0</gpxtpx:atemp></gpxtpx:TrackPointExtension></extensions></trkpt><trkpt lat="54.1279610340" lon="58.3185259625"><ele>1283.98</ele><time>2013-07-18T11:36:39Z</time><extensions><gpxtpx:TrackPointExtension><gpxtpx:atemp>0.0</gpxtpx:atemp></gpxtpx:TrackPointExtension></extensions></trkpt><trkpt lat="54.1279262491" lon="58.3184604999"><ele>1286.86</ele><time>2013-07-18T11:36:51Z</time><extensions><gpxtpx:TrackPointExtension><gpxtpx:atemp>0.0</gpxtpx:atemp></gpxtpx:TrackPointExtension></extensions></trkpt><trkpt lat="54.1279012710" lon="58.3184587397"><ele>1289.75</ele><time>2013-07-18T11:37:05Z</time><extensions><gpxtpx:TrackPointExtension><gpxtpx:atemp>0.0</gpxtpx:atemp></gpxtpx:TrackPointExtension></extensions></trkpt><trkpt lat="54.1278337128" lon="58.3184522856"><ele>1291.67</ele><time>2013-07-18T11:37:16Z</time><extensions><gpxtpx:TrackPointExtension><gpxtpx:atemp>0.0</gpxtpx:atemp></gpxtpx:TrackPointExtension></extensions></trkpt><trkpt lat="54.1277765483" lon="58.3184300736"><ele>1293.59</ele><time>2013-07-18T11:37:27Z</time><extensions><gpxtpx:TrackPointExtension><gpxtpx:atemp>0.0</gpxtpx:atemp></gpxtpx:TrackPointExtension></extensions></trkpt><trkpt lat="54.1277886182" lon="58.3184291515"><ele>1294.55</ele><time>2013-07-18T11:37:48Z</time><extensions><gpxtpx:TrackPointExtension><gpxtpx:atemp>0.0</gpxtpx:atemp></gpxtpx:TrackPointExtension></extensions></trkpt><trkpt lat="54.1278041247" lon="58.3184129745"><ele>1293.11</ele><time>2013-07-18T11:38:01Z</time><extensions><gpxtpx:TrackPointExtension><gpxtpx:atemp>0.0</gpxtpx:atemp></gpxtpx:TrackPointExtension></extensions></trkpt><trkpt lat="54.1278059687" lon="58.3184099570"><ele>1293.11</ele><time>2013-07-18T11:38:24Z</time><extensions><gpxtpx:TrackPointExtension><gpxtpx:atemp>0.0</gpxtpx:atemp></gpxtpx:TrackPointExtension></extensions></trkpt><trkpt lat="54.1278018616" lon="58.3184281457"><ele>1293.59</ele><time>2013-07-18T11:38:53Z</time><extensions><gpxtpx:TrackPointExtension><gpxtpx:atemp>0.0</gpxtpx:atemp></gpxtpx:TrackPointExtension></extensions></trkpt><trkpt lat="54.1278105788" lon="58.3184439875"><ele>1293.59</ele><time>2013-07-18T11:39:17Z</time><extensions><gpxtpx:TrackPointExtension><gpxtpx:atemp>0.0</gpxtpx:atemp></gpxtpx:TrackPointExtension></extensions></trkpt><trkpt lat="54.1278394125" lon="58.3184077777"><ele>1293.11</ele><time>2013-07-18T11:39:33Z</time><extensions><gpxtpx:TrackPointExtension><gpxtpx:atemp>0.0</gpxtpx:atemp></gpxtpx:TrackPointExtension></extensions></trkpt><trkpt lat="54.1278408375" lon="58.3184265532"><ele>1292.63</ele><time>2013-07-18T11:40:01Z</time><extensions><gpxtpx:TrackPointExtension><gpxtpx:atemp>0.0</gpxtpx:atemp></gpxtpx:TrackPointExtension></extensions></trkpt><trkpt lat="54.1278384905" lon="58.3184463345"><ele>1293.59</ele><time>2013-07-18T11:40:36Z</time><extensions><gpxtpx:TrackPointExtension><gpxtpx:atemp>0.0</gpxtpx:atemp></gpxtpx:TrackPointExtension></extensions></trkpt><trkpt lat="54.1278327908" lon="58.3184404671"><ele>1292.15</ele><time>2013-07-18T11:40:56Z</time><extensions><gpxtpx:TrackPointExtension><gpxtpx:atemp>0.0</gpxtpx:atemp></gpxtpx:TrackPointExtension></extensions></trkpt><trkpt lat="54.1278208885" lon="58.3184243739"><ele>1293.11</ele><time>2013-07-18T11:41:34Z</time><extensions><gpxtpx:TrackPointExtension><gpxtpx:atemp>0.0</gpxtpx:atemp></gpxtpx:TrackPointExtension></extensions></trkpt><trkpt lat="54.1278083157" lon="58.3184217755"><ele>1292.63</ele><time>2013-07-18T11:42:20Z</time><extensions><gpxtpx:TrackPointExtension><gpxtpx:atemp>0.0</gpxtpx:atemp></gpxtpx:TrackPointExtension></extensions></trkpt><trkpt lat="54.1278096568" lon="58.3184361085"><ele>1292.15</ele><time>2013-07-18T11:43:00Z</time><extensions><gpxtpx:TrackPointExtension><gpxtpx:atemp>0.0</gpxtpx:atemp></gpxtpx:TrackPointExtension></extensions></trkpt><trkpt lat="54.1278048791" lon="58.3184318338"><ele>1293.11</ele><time>2013-07-18T11:43:35Z</time><extensions><gpxtpx:TrackPointExtension><gpxtpx:atemp>0.0</gpxtpx:atemp></gpxtpx:TrackPointExtension></extensions></trkpt><trkpt lat="54.1277990956" lon="58.3184337616"><ele>1292.63</ele><time>2013-07-18T11:44:12Z</time><extensions><gpxtpx:TrackPointExtension><gpxtpx:atemp>0.0</gpxtpx:atemp></gpxtpx:TrackPointExtension></extensions></trkpt><trkpt lat="54.1277900431" lon="58.3184403833"><ele>1293.11</ele><time>2013-07-18T11:44:47Z</time><extensions><gpxtpx:TrackPointExtension><gpxtpx:atemp>0.0</gpxtpx:atemp></gpxtpx:TrackPointExtension></extensions></trkpt><trkpt lat="54.1277885344" lon="58.3184625115"><ele>1294.07</ele><time>2013-07-18T11:45:15Z</time><extensions><gpxtpx:TrackPointExtension><gpxtpx:atemp>0.0</gpxtpx:atemp></gpxtpx:TrackPointExtension></extensions></trkpt><trkpt lat="54.1277887020" lon="58.3184545487"><ele>1293.59</ele><time>2013-07-18T11:45:53Z</time><extensions><gpxtpx:TrackPointExtension><gpxtpx:atemp>0.0</gpxtpx:atemp></gpxtpx:TrackPointExtension></extensions></trkpt><trkpt lat="54.1278113332" lon="58.3184298221"><ele>1294.07</ele><time>2013-07-18T11:46:37Z</time><extensions><gpxtpx:TrackPointExtension><gpxtpx:atemp>0.0</gpxtpx:atemp></gpxtpx:TrackPointExtension></extensions></trkpt></trkseg></trk></gpx>