<?xml version="1.0" encoding="UTF-8"?>
<gpx
  version="1.0"
  creator="GPSBabel - http://www.gpsbabel.org"
  xmlns:xsi="http://www.w3.org/2001/XMLSchema-instance"
  xmlns="http://www.topografix.com/GPX/1/0"
  xsi:schemaLocation="http://www.topografix.com/GPX/1/0 http://www.topografix.com/GPX/1/0/gpx.xsd">
<time>2017-08-26T15:52:50Z</time>
<bounds minlat="52.200738000" minlon="87.134153000" maxlat="52.247345000" maxlon="87.161950000"/>
<trk>
  <name>По хребту Салопа</name>
<trkseg>
<trkpt lat="52.247321000" lon="87.134153000">
  <ele>243.535200</ele>
  <time>2017-07-22T03:37:46Z</time>
</trkpt>
<trkpt lat="52.247345000" lon="87.134177000">
  <ele>243.535200</ele>
  <time>2017-07-22T03:37:50Z</time>
</trkpt>
<trkpt lat="52.247340000" lon="87.134181000">
  <ele>243.535200</ele>
  <time>2017-07-22T03:38:06Z</time>
</trkpt>
<trkpt lat="52.247336000" lon="87.134197000">
  <ele>243.840000</ele>
  <time>2017-07-22T03:38:14Z</time>
</trkpt>
<trkpt lat="52.247298000" lon="87.134278000">
  <ele>243.840000</ele>
  <time>2017-07-22T03:38:17Z</time>
</trkpt>
<trkpt lat="52.247196000" lon="87.134387000">
  <ele>243.840000</ele>
  <time>2017-07-22T03:38:20Z</time>
</trkpt>
<trkpt lat="52.247036000" lon="87.134539000">
  <ele>243.840000</ele>
  <time>2017-07-22T03:38:23Z</time>
</trkpt>
<trkpt lat="52.246893000" lon="87.134717000">
  <ele>243.840000</ele>
  <time>2017-07-22T03:38:26Z</time>
</trkpt>
<trkpt lat="52.246703000" lon="87.134944000">
  <ele>243.840000</ele>
  <time>2017-07-22T03:38:29Z</time>
</trkpt>
<trkpt lat="52.246528000" lon="87.135101000">
  <ele>243.840000</ele>
  <time>2017-07-22T03:38:32Z</time>
</trkpt>
<trkpt lat="52.246346000" lon="87.135227000">
  <ele>243.840000</ele>
  <time>2017-07-22T03:38:35Z</time>
</trkpt>
<trkpt lat="52.246195000" lon="87.135276000">
  <ele>243.840000</ele>
  <time>2017-07-22T03:38:38Z</time>
</trkpt>
<trkpt lat="52.246074000" lon="87.135258000">
  <ele>243.840000</ele>
  <time>2017-07-22T03:38:41Z</time>
</trkpt>
<trkpt lat="52.245920000" lon="87.135253000">
  <ele>243.840000</ele>
  <time>2017-07-22T03:38:44Z</time>
</trkpt>
<trkpt lat="52.245766000" lon="87.135242000">
  <ele>243.840000</ele>
  <time>2017-07-22T03:38:47Z</time>
</trkpt>
<trkpt lat="52.245632000" lon="87.135136000">
  <ele>243.840000</ele>
  <time>2017-07-22T03:38:50Z</time>
</trkpt>
<trkpt lat="52.245469000" lon="87.135031000">
  <ele>244.144800</ele>
  <time>2017-07-22T03:38:53Z</time>
</trkpt>
<trkpt lat="52.245269000" lon="87.134972000">
  <ele>244.144800</ele>
  <time>2017-07-22T03:38:56Z</time>
</trkpt>
<trkpt lat="52.245063000" lon="87.134935000">
  <ele>244.449600</ele>
  <time>2017-07-22T03:38:59Z</time>
</trkpt>
<trkpt lat="52.244849000" lon="87.134911000">
  <ele>244.754400</ele>
  <time>2017-07-22T03:39:02Z</time>
</trkpt>
<trkpt lat="52.244603000" lon="87.134949000">
  <ele>245.059200</ele>
  <time>2017-07-22T03:39:05Z</time>
</trkpt>
<trkpt lat="52.244350000" lon="87.135042000">
  <ele>245.364000</ele>
  <time>2017-07-22T03:39:08Z</time>
</trkpt>
<trkpt lat="52.244108000" lon="87.135149000">
  <ele>246.278400</ele>
  <time>2017-07-22T03:39:11Z</time>
</trkpt>
<trkpt lat="52.243864000" lon="87.135242000">
  <ele>247.497600</ele>
  <time>2017-07-22T03:39:14Z</time>
</trkpt>
<trkpt lat="52.243659000" lon="87.135333000">
  <ele>249.326400</ele>
  <time>2017-07-22T03:39:17Z</time>
</trkpt>
<trkpt lat="52.243475000" lon="87.135439000">
  <ele>250.545600</ele>
  <time>2017-07-22T03:39:20Z</time>
</trkpt>
<trkpt lat="52.243285000" lon="87.135615000">
  <ele>250.850400</ele>
  <time>2017-07-22T03:39:23Z</time>
</trkpt>
<trkpt lat="52.243109000" lon="87.135847000">
  <ele>250.850400</ele>
  <time>2017-07-22T03:39:26Z</time>
</trkpt>
<trkpt lat="52.242958000" lon="87.136112000">
  <ele>250.850400</ele>
  <time>2017-07-22T03:39:29Z</time>
</trkpt>
<trkpt lat="52.242780000" lon="87.136397000">
  <ele>251.460000</ele>
  <time>2017-07-22T03:39:32Z</time>
</trkpt>
<trkpt lat="52.242598000" lon="87.136670000">
  <ele>253.288800</ele>
  <time>2017-07-22T03:39:35Z</time>
</trkpt>
<trkpt lat="52.242429000" lon="87.136929000">
  <ele>254.812800</ele>
  <time>2017-07-22T03:39:38Z</time>
</trkpt>
<trkpt lat="52.242309000" lon="87.137171000">
  <ele>256.641600</ele>
  <time>2017-07-22T03:39:41Z</time>
</trkpt>
<trkpt lat="52.242220000" lon="87.137296000">
  <ele>257.860800</ele>
  <time>2017-07-22T03:39:44Z</time>
</trkpt>
<trkpt lat="52.242192000" lon="87.137341000">
  <ele>257.860800</ele>
  <time>2017-07-22T03:39:47Z</time>
</trkpt>
<trkpt lat="52.242146000" lon="87.137377000">
  <ele>258.470400</ele>
  <time>2017-07-22T03:40:09Z</time>
</trkpt>
<trkpt lat="52.242049000" lon="87.137496000">
  <ele>259.080000</ele>
  <time>2017-07-22T03:40:12Z</time>
</trkpt>
<trkpt lat="52.241918000" lon="87.137640000">
  <ele>263.652000</ele>
  <time>2017-07-22T03:40:15Z</time>
</trkpt>
<trkpt lat="52.241758000" lon="87.137825000">
  <ele>267.309600</ele>
  <time>2017-07-22T03:40:18Z</time>
</trkpt>
<trkpt lat="52.241562000" lon="87.137991000">
  <ele>269.443200</ele>
  <time>2017-07-22T03:40:21Z</time>
</trkpt>
<trkpt lat="52.241343000" lon="87.138183000">
  <ele>270.662400</ele>
  <time>2017-07-22T03:40:24Z</time>
</trkpt>
<trkpt lat="52.241143000" lon="87.138475000">
  <ele>271.576800</ele>
  <time>2017-07-22T03:40:27Z</time>
</trkpt>
<trkpt lat="52.240992000" lon="87.138847000">
  <ele>272.491200</ele>
  <time>2017-07-22T03:40:30Z</time>
</trkpt>
<trkpt lat="52.240906000" lon="87.139268000">
  <ele>273.100800</ele>
  <time>2017-07-22T03:40:33Z</time>
</trkpt>
<trkpt lat="52.240835000" lon="87.139705000">
  <ele>274.015200</ele>
  <time>2017-07-22T03:40:36Z</time>
</trkpt>
<trkpt lat="52.240759000" lon="87.140109000">
  <ele>275.234400</ele>
  <time>2017-07-22T03:40:39Z</time>
</trkpt>
<trkpt lat="52.240692000" lon="87.140462000">
  <ele>276.148800</ele>
  <time>2017-07-22T03:40:42Z</time>
</trkpt>
<trkpt lat="52.240613000" lon="87.140836000">
  <ele>277.063200</ele>
  <time>2017-07-22T03:40:45Z</time>
</trkpt>
<trkpt lat="52.240520000" lon="87.141279000">
  <ele>277.977600</ele>
  <time>2017-07-22T03:40:48Z</time>
</trkpt>
<trkpt lat="52.240428000" lon="87.141706000">
  <ele>279.196800</ele>
  <time>2017-07-22T03:40:51Z</time>
</trkpt>
<trkpt lat="52.240346000" lon="87.142135000">
  <ele>280.111200</ele>
  <time>2017-07-22T03:40:54Z</time>
</trkpt>
<trkpt lat="52.240299000" lon="87.142519000">
  <ele>281.025600</ele>
  <time>2017-07-22T03:40:57Z</time>
</trkpt>
<trkpt lat="52.240227000" lon="87.142903000">
  <ele>282.244800</ele>
  <time>2017-07-22T03:41:00Z</time>
</trkpt>
<trkpt lat="52.240144000" lon="87.143269000">
  <ele>283.464000</ele>
  <time>2017-07-22T03:41:03Z</time>
</trkpt>
<trkpt lat="52.240050000" lon="87.143614000">
  <ele>284.683200</ele>
  <time>2017-07-22T03:41:06Z</time>
</trkpt>
<trkpt lat="52.239946000" lon="87.143938000">
  <ele>285.902400</ele>
  <time>2017-07-22T03:41:09Z</time>
</trkpt>
<trkpt lat="52.239829000" lon="87.144247000">
  <ele>287.426400</ele>
  <time>2017-07-22T03:41:12Z</time>
</trkpt>
<trkpt lat="52.239696000" lon="87.144549000">
  <ele>288.645600</ele>
  <time>2017-07-22T03:41:15Z</time>
</trkpt>
<trkpt lat="52.239601000" lon="87.144710000">
  <ele>288.950400</ele>
  <time>2017-07-22T03:41:18Z</time>
</trkpt>
<trkpt lat="52.239585000" lon="87.144737000">
  <ele>289.560000</ele>
  <time>2017-07-22T03:42:06Z</time>
</trkpt>
<trkpt lat="52.239582000" lon="87.144701000">
  <ele>289.560000</ele>
  <time>2017-07-22T03:42:21Z</time>
</trkpt>
<trkpt lat="52.239604000" lon="87.144693000">
  <ele>289.864800</ele>
  <time>2017-07-22T03:42:50Z</time>
</trkpt>
<trkpt lat="52.239625000" lon="87.144665000">
  <ele>289.864800</ele>
  <time>2017-07-22T03:43:10Z</time>
</trkpt>
<trkpt lat="52.239647000" lon="87.144675000">
  <ele>290.169600</ele>
  <time>2017-07-22T03:43:34Z</time>
</trkpt>
<trkpt lat="52.239639000" lon="87.144687000">
  <ele>290.474400</ele>
  <time>2017-07-22T03:43:55Z</time>
</trkpt>
<trkpt lat="52.239621000" lon="87.144707000">
  <ele>290.779200</ele>
  <time>2017-07-22T03:44:19Z</time>
</trkpt>
<trkpt lat="52.239612000" lon="87.144721000">
  <ele>291.084000</ele>
  <time>2017-07-22T03:44:54Z</time>
</trkpt>
<trkpt lat="52.239593000" lon="87.144700000">
  <ele>291.693600</ele>
  <time>2017-07-22T03:45:17Z</time>
</trkpt>
<trkpt lat="52.239588000" lon="87.144673000">
  <ele>291.998400</ele>
  <time>2017-07-22T03:45:44Z</time>
</trkpt>
<trkpt lat="52.239585000" lon="87.144699000">
  <ele>292.608000</ele>
  <time>2017-07-22T03:46:25Z</time>
</trkpt>
<trkpt lat="52.239612000" lon="87.144697000">
  <ele>292.912800</ele>
  <time>2017-07-22T03:46:45Z</time>
</trkpt>
<trkpt lat="52.239639000" lon="87.144695000">
  <ele>292.912800</ele>
  <time>2017-07-22T03:46:59Z</time>
</trkpt>
<trkpt lat="52.239645000" lon="87.144712000">
  <ele>293.522400</ele>
  <time>2017-07-22T03:47:29Z</time>
</trkpt>
<trkpt lat="52.239642000" lon="87.144746000">
  <ele>293.522400</ele>
  <time>2017-07-22T03:47:48Z</time>
</trkpt>
<trkpt lat="52.239632000" lon="87.144727000">
  <ele>293.827200</ele>
  <time>2017-07-22T03:48:13Z</time>
</trkpt>
<trkpt lat="52.239615000" lon="87.144735000">
  <ele>294.132000</ele>
  <time>2017-07-22T03:48:41Z</time>
</trkpt>
<trkpt lat="52.239614000" lon="87.144738000">
  <ele>294.741600</ele>
  <time>2017-07-22T03:49:24Z</time>
</trkpt>
<trkpt lat="52.239601000" lon="87.144710000">
  <ele>295.046400</ele>
  <time>2017-07-22T03:49:53Z</time>
</trkpt>
<trkpt lat="52.239604000" lon="87.144728000">
  <ele>295.656000</ele>
  <time>2017-07-22T03:50:41Z</time>
</trkpt>
<trkpt lat="52.239600000" lon="87.144771000">
  <ele>295.656000</ele>
  <time>2017-07-22T03:51:11Z</time>
</trkpt>
<trkpt lat="52.239590000" lon="87.144741000">
  <ele>295.960800</ele>
  <time>2017-07-22T03:51:41Z</time>
</trkpt>
<trkpt lat="52.239589000" lon="87.144717000">
  <ele>296.265600</ele>
  <time>2017-07-22T03:52:14Z</time>
</trkpt>
<trkpt lat="52.239598000" lon="87.144744000">
  <ele>296.570400</ele>
  <time>2017-07-22T03:52:39Z</time>
</trkpt>
<trkpt lat="52.239604000" lon="87.144783000">
  <ele>296.570400</ele>
  <time>2017-07-22T03:53:02Z</time>
</trkpt>
<trkpt lat="52.239539000" lon="87.144857000">
  <ele>296.875200</ele>
  <time>2017-07-22T03:53:05Z</time>
</trkpt>
<trkpt lat="52.239452000" lon="87.144841000">
  <ele>297.180000</ele>
  <time>2017-07-22T03:53:08Z</time>
</trkpt>
<trkpt lat="52.239389000" lon="87.144855000">
  <ele>297.180000</ele>
  <time>2017-07-22T03:53:11Z</time>
</trkpt>
<trkpt lat="52.239347000" lon="87.144875000">
  <ele>297.484800</ele>
  <time>2017-07-22T03:53:14Z</time>
</trkpt>
<trkpt lat="52.239292000" lon="87.144904000">
  <ele>297.484800</ele>
  <time>2017-07-22T03:53:17Z</time>
</trkpt>
<trkpt lat="52.239241000" lon="87.144938000">
  <ele>297.789600</ele>
  <time>2017-07-22T03:53:20Z</time>
</trkpt>
<trkpt lat="52.239185000" lon="87.145012000">
  <ele>297.789600</ele>
  <time>2017-07-22T03:53:23Z</time>
</trkpt>
<trkpt lat="52.239105000" lon="87.145137000">
  <ele>297.789600</ele>
  <time>2017-07-22T03:53:26Z</time>
</trkpt>
<trkpt lat="52.239030000" lon="87.145257000">
  <ele>298.399200</ele>
  <time>2017-07-22T03:53:29Z</time>
</trkpt>
<trkpt lat="52.238942000" lon="87.145460000">
  <ele>299.313600</ele>
  <time>2017-07-22T03:53:32Z</time>
</trkpt>
<trkpt lat="52.238839000" lon="87.145635000">
  <ele>299.618400</ele>
  <time>2017-07-22T03:53:35Z</time>
</trkpt>
<trkpt lat="52.238696000" lon="87.145795000">
  <ele>299.923200</ele>
  <time>2017-07-22T03:53:38Z</time>
</trkpt>
<trkpt lat="52.238530000" lon="87.145941000">
  <ele>299.923200</ele>
  <time>2017-07-22T03:53:41Z</time>
</trkpt>
<trkpt lat="52.238354000" lon="87.146057000">
  <ele>300.228000</ele>
  <time>2017-07-22T03:53:44Z</time>
</trkpt>
<trkpt lat="52.238172000" lon="87.146135000">
  <ele>300.532800</ele>
  <time>2017-07-22T03:53:47Z</time>
</trkpt>
<trkpt lat="52.237972000" lon="87.146189000">
  <ele>300.837600</ele>
  <time>2017-07-22T03:53:50Z</time>
</trkpt>
<trkpt lat="52.237774000" lon="87.146196000">
  <ele>301.447200</ele>
  <time>2017-07-22T03:53:53Z</time>
</trkpt>
<trkpt lat="52.237575000" lon="87.146180000">
  <ele>302.056800</ele>
  <time>2017-07-22T03:53:56Z</time>
</trkpt>
<trkpt lat="52.237373000" lon="87.146143000">
  <ele>302.666400</ele>
  <time>2017-07-22T03:53:59Z</time>
</trkpt>
<trkpt lat="52.237180000" lon="87.146162000">
  <ele>303.580800</ele>
  <time>2017-07-22T03:54:02Z</time>
</trkpt>
<trkpt lat="52.236995000" lon="87.146239000">
  <ele>304.495200</ele>
  <time>2017-07-22T03:54:05Z</time>
</trkpt>
<trkpt lat="52.236830000" lon="87.146359000">
  <ele>305.104800</ele>
  <time>2017-07-22T03:54:08Z</time>
</trkpt>
<trkpt lat="52.236699000" lon="87.146499000">
  <ele>305.409600</ele>
  <time>2017-07-22T03:54:11Z</time>
</trkpt>
<trkpt lat="52.236557000" lon="87.146644000">
  <ele>305.409600</ele>
  <time>2017-07-22T03:54:14Z</time>
</trkpt>
<trkpt lat="52.236410000" lon="87.146778000">
  <ele>305.714400</ele>
  <time>2017-07-22T03:54:17Z</time>
</trkpt>
<trkpt lat="52.236278000" lon="87.146948000">
  <ele>304.800000</ele>
  <time>2017-07-22T03:54:20Z</time>
</trkpt>
<trkpt lat="52.236127000" lon="87.147118000">
  <ele>303.276000</ele>
  <time>2017-07-22T03:54:23Z</time>
</trkpt>
<trkpt lat="52.235987000" lon="87.147257000">
  <ele>302.666400</ele>
  <time>2017-07-22T03:54:26Z</time>
</trkpt>
<trkpt lat="52.235862000" lon="87.147478000">
  <ele>302.666400</ele>
  <time>2017-07-22T03:54:29Z</time>
</trkpt>
<trkpt lat="52.235714000" lon="87.147688000">
  <ele>302.666400</ele>
  <time>2017-07-22T03:54:32Z</time>
</trkpt>
<trkpt lat="52.235528000" lon="87.147802000">
  <ele>302.666400</ele>
  <time>2017-07-22T03:54:35Z</time>
</trkpt>
<trkpt lat="52.235326000" lon="87.147869000">
  <ele>301.142400</ele>
  <time>2017-07-22T03:54:38Z</time>
</trkpt>
<trkpt lat="52.235137000" lon="87.147885000">
  <ele>300.532800</ele>
  <time>2017-07-22T03:54:41Z</time>
</trkpt>
<trkpt lat="52.234942000" lon="87.147884000">
  <ele>300.837600</ele>
  <time>2017-07-22T03:54:44Z</time>
</trkpt>
<trkpt lat="52.234742000" lon="87.147960000">
  <ele>300.837600</ele>
  <time>2017-07-22T03:54:47Z</time>
</trkpt>
<trkpt lat="52.234574000" lon="87.148072000">
  <ele>302.056800</ele>
  <time>2017-07-22T03:54:50Z</time>
</trkpt>
<trkpt lat="52.234424000" lon="87.148188000">
  <ele>303.885600</ele>
  <time>2017-07-22T03:54:53Z</time>
</trkpt>
<trkpt lat="52.234275000" lon="87.148309000">
  <ele>305.714400</ele>
  <time>2017-07-22T03:54:56Z</time>
</trkpt>
<trkpt lat="52.234144000" lon="87.148446000">
  <ele>307.543200</ele>
  <time>2017-07-22T03:54:59Z</time>
</trkpt>
<trkpt lat="52.234094000" lon="87.148553000">
  <ele>307.543200</ele>
  <time>2017-07-22T03:55:02Z</time>
</trkpt>
<trkpt lat="52.234032000" lon="87.148660000">
  <ele>309.372000</ele>
  <time>2017-07-22T03:55:05Z</time>
</trkpt>
<trkpt lat="52.233908000" lon="87.148624000">
  <ele>310.896000</ele>
  <time>2017-07-22T03:55:08Z</time>
</trkpt>
<trkpt lat="52.233779000" lon="87.148559000">
  <ele>310.591200</ele>
  <time>2017-07-22T03:55:11Z</time>
</trkpt>
<trkpt lat="52.233638000" lon="87.148478000">
  <ele>308.762400</ele>
  <time>2017-07-22T03:55:14Z</time>
</trkpt>
<trkpt lat="52.233483000" lon="87.148383000">
  <ele>307.848000</ele>
  <time>2017-07-22T03:55:17Z</time>
</trkpt>
<trkpt lat="52.233345000" lon="87.148311000">
  <ele>307.238400</ele>
  <time>2017-07-22T03:55:20Z</time>
</trkpt>
<trkpt lat="52.233242000" lon="87.148279000">
  <ele>306.933600</ele>
  <time>2017-07-22T03:55:23Z</time>
</trkpt>
<trkpt lat="52.233151000" lon="87.148252000">
  <ele>306.933600</ele>
  <time>2017-07-22T03:55:26Z</time>
</trkpt>
<trkpt lat="52.233071000" lon="87.148164000">
  <ele>307.238400</ele>
  <time>2017-07-22T03:55:29Z</time>
</trkpt>
<trkpt lat="52.233010000" lon="87.148089000">
  <ele>307.238400</ele>
  <time>2017-07-22T03:55:32Z</time>
</trkpt>
<trkpt lat="52.232934000" lon="87.148042000">
  <ele>307.543200</ele>
  <time>2017-07-22T03:55:35Z</time>
</trkpt>
<trkpt lat="52.232897000" lon="87.148044000">
  <ele>307.543200</ele>
  <time>2017-07-22T03:55:38Z</time>
</trkpt>
<trkpt lat="52.232824000" lon="87.148044000">
  <ele>307.543200</ele>
  <time>2017-07-22T03:55:41Z</time>
</trkpt>
<trkpt lat="52.232748000" lon="87.148050000">
  <ele>307.848000</ele>
  <time>2017-07-22T03:55:44Z</time>
</trkpt>
<trkpt lat="52.232624000" lon="87.148056000">
  <ele>309.372000</ele>
  <time>2017-07-22T03:55:47Z</time>
</trkpt>
<trkpt lat="52.232507000" lon="87.148055000">
  <ele>310.286400</ele>
  <time>2017-07-22T03:55:50Z</time>
</trkpt>
<trkpt lat="52.232395000" lon="87.148049000">
  <ele>311.200800</ele>
  <time>2017-07-22T03:55:53Z</time>
</trkpt>
<trkpt lat="52.232271000" lon="87.148022000">
  <ele>312.115200</ele>
  <time>2017-07-22T03:55:56Z</time>
</trkpt>
<trkpt lat="52.232170000" lon="87.147969000">
  <ele>312.115200</ele>
  <time>2017-07-22T03:55:59Z</time>
</trkpt>
<trkpt lat="52.232082000" lon="87.147849000">
  <ele>312.724800</ele>
  <time>2017-07-22T03:56:02Z</time>
</trkpt>
<trkpt lat="52.232047000" lon="87.147731000">
  <ele>312.724800</ele>
  <time>2017-07-22T03:56:05Z</time>
</trkpt>
<trkpt lat="52.232009000" lon="87.147620000">
  <ele>313.029600</ele>
  <time>2017-07-22T03:56:08Z</time>
</trkpt>
<trkpt lat="52.231910000" lon="87.147461000">
  <ele>313.639200</ele>
  <time>2017-07-22T03:56:11Z</time>
</trkpt>
<trkpt lat="52.231815000" lon="87.147243000">
  <ele>314.248800</ele>
  <time>2017-07-22T03:56:14Z</time>
</trkpt>
<trkpt lat="52.231728000" lon="87.147031000">
  <ele>314.553600</ele>
  <time>2017-07-22T03:56:17Z</time>
</trkpt>
<trkpt lat="52.231657000" lon="87.146859000">
  <ele>314.858400</ele>
  <time>2017-07-22T03:56:20Z</time>
</trkpt>
<trkpt lat="52.231607000" lon="87.146659000">
  <ele>315.163200</ele>
  <time>2017-07-22T03:56:23Z</time>
</trkpt>
<trkpt lat="52.231552000" lon="87.146424000">
  <ele>315.163200</ele>
  <time>2017-07-22T03:56:26Z</time>
</trkpt>
<trkpt lat="52.231498000" lon="87.146154000">
  <ele>315.468000</ele>
  <time>2017-07-22T03:56:29Z</time>
</trkpt>
<trkpt lat="52.231441000" lon="87.145848000">
  <ele>315.772800</ele>
  <time>2017-07-22T03:56:32Z</time>
</trkpt>
<trkpt lat="52.231390000" lon="87.145551000">
  <ele>316.382400</ele>
  <time>2017-07-22T03:56:35Z</time>
</trkpt>
<trkpt lat="52.231348000" lon="87.145378000">
  <ele>316.687200</ele>
  <time>2017-07-22T03:56:38Z</time>
</trkpt>
<trkpt lat="52.231250000" lon="87.145357000">
  <ele>317.906400</ele>
  <time>2017-07-22T03:56:41Z</time>
</trkpt>
<trkpt lat="52.231099000" lon="87.145359000">
  <ele>319.735200</ele>
  <time>2017-07-22T03:56:44Z</time>
</trkpt>
<trkpt lat="52.230946000" lon="87.145326000">
  <ele>321.259200</ele>
  <time>2017-07-22T03:56:47Z</time>
</trkpt>
<trkpt lat="52.230826000" lon="87.145270000">
  <ele>321.259200</ele>
  <time>2017-07-22T03:56:50Z</time>
</trkpt>
<trkpt lat="52.230721000" lon="87.145223000">
  <ele>321.564000</ele>
  <time>2017-07-22T03:56:53Z</time>
</trkpt>
<trkpt lat="52.230627000" lon="87.145220000">
  <ele>321.868800</ele>
  <time>2017-07-22T03:56:56Z</time>
</trkpt>
<trkpt lat="52.230519000" lon="87.145238000">
  <ele>323.392800</ele>
  <time>2017-07-22T03:56:59Z</time>
</trkpt>
<trkpt lat="52.230389000" lon="87.145243000">
  <ele>326.136000</ele>
  <time>2017-07-22T03:57:02Z</time>
</trkpt>
<trkpt lat="52.230248000" lon="87.145262000">
  <ele>327.660000</ele>
  <time>2017-07-22T03:57:05Z</time>
</trkpt>
<trkpt lat="52.230113000" lon="87.145242000">
  <ele>328.574400</ele>
  <time>2017-07-22T03:57:08Z</time>
</trkpt>
<trkpt lat="52.230016000" lon="87.145203000">
  <ele>328.574400</ele>
  <time>2017-07-22T03:57:11Z</time>
</trkpt>
<trkpt lat="52.229982000" lon="87.145152000">
  <ele>328.574400</ele>
  <time>2017-07-22T03:57:14Z</time>
</trkpt>
<trkpt lat="52.229950000" lon="87.145134000">
  <ele>328.879200</ele>
  <time>2017-07-22T03:57:18Z</time>
</trkpt>
<trkpt lat="52.229923000" lon="87.145146000">
  <ele>328.879200</ele>
  <time>2017-07-22T03:57:35Z</time>
</trkpt>
<trkpt lat="52.229901000" lon="87.145120000">
  <ele>329.184000</ele>
  <time>2017-07-22T03:57:42Z</time>
</trkpt>
<trkpt lat="52.229907000" lon="87.145125000">
  <ele>329.488800</ele>
  <time>2017-07-22T03:58:01Z</time>
</trkpt>
<trkpt lat="52.229909000" lon="87.145134000">
  <ele>330.403200</ele>
  <time>2017-07-22T03:58:22Z</time>
</trkpt>
<trkpt lat="52.229927000" lon="87.145135000">
  <ele>331.012800</ele>
  <time>2017-07-22T03:58:38Z</time>
</trkpt>
<trkpt lat="52.229933000" lon="87.145155000">
  <ele>331.622400</ele>
  <time>2017-07-22T03:59:26Z</time>
</trkpt>
<trkpt lat="52.229944000" lon="87.145158000">
  <ele>333.146400</ele>
  <time>2017-07-22T04:00:33Z</time>
</trkpt>
<trkpt lat="52.229952000" lon="87.145168000">
  <ele>333.756000</ele>
  <time>2017-07-22T04:01:29Z</time>
</trkpt>
<trkpt lat="52.229962000" lon="87.145147000">
  <ele>334.670400</ele>
  <time>2017-07-22T04:02:26Z</time>
</trkpt>
<trkpt lat="52.229953000" lon="87.145169000">
  <ele>335.280000</ele>
  <time>2017-07-22T04:02:57Z</time>
</trkpt>
<trkpt lat="52.229937000" lon="87.145201000">
  <ele>335.889600</ele>
  <time>2017-07-22T04:03:02Z</time>
</trkpt>
<trkpt lat="52.229944000" lon="87.145214000">
  <ele>336.804000</ele>
  <time>2017-07-22T04:03:54Z</time>
</trkpt>
<trkpt lat="52.229943000" lon="87.145216000">
  <ele>337.413600</ele>
  <time>2017-07-22T04:04:28Z</time>
</trkpt>
<trkpt lat="52.229934000" lon="87.145223000">
  <ele>338.328000</ele>
  <time>2017-07-22T04:05:06Z</time>
</trkpt>
<trkpt lat="52.229929000" lon="87.145218000">
  <ele>339.242400</ele>
  <time>2017-07-22T04:05:53Z</time>
</trkpt>
<trkpt lat="52.229923000" lon="87.145270000">
  <ele>339.547200</ele>
  <time>2017-07-22T04:05:59Z</time>
</trkpt>
<trkpt lat="52.229915000" lon="87.145270000">
  <ele>340.156800</ele>
  <time>2017-07-22T04:06:20Z</time>
</trkpt>
<trkpt lat="52.229919000" lon="87.145238000">
  <ele>341.071200</ele>
  <time>2017-07-22T04:07:00Z</time>
</trkpt>
<trkpt lat="52.229916000" lon="87.145207000">
  <ele>341.985600</ele>
  <time>2017-07-22T04:07:57Z</time>
</trkpt>
<trkpt lat="52.229921000" lon="87.145232000">
  <ele>342.290400</ele>
  <time>2017-07-22T04:08:26Z</time>
</trkpt>
<trkpt lat="52.229918000" lon="87.145194000">
  <ele>342.900000</ele>
  <time>2017-07-22T04:09:01Z</time>
</trkpt>
<trkpt lat="52.229909000" lon="87.145159000">
  <ele>343.814400</ele>
  <time>2017-07-22T04:09:10Z</time>
</trkpt>
<trkpt lat="52.229902000" lon="87.145158000">
  <ele>344.119200</ele>
  <time>2017-07-22T04:09:24Z</time>
</trkpt>
<trkpt lat="52.229909000" lon="87.145170000">
  <ele>344.424000</ele>
  <time>2017-07-22T04:09:29Z</time>
</trkpt>
<trkpt lat="52.229925000" lon="87.145211000">
  <ele>344.728800</ele>
  <time>2017-07-22T04:09:38Z</time>
</trkpt>
<trkpt lat="52.229950000" lon="87.145231000">
  <ele>345.033600</ele>
  <time>2017-07-22T04:10:23Z</time>
</trkpt>
<trkpt lat="52.229961000" lon="87.145216000">
  <ele>345.338400</ele>
  <time>2017-07-22T04:10:40Z</time>
</trkpt>
<trkpt lat="52.229951000" lon="87.145194000">
  <ele>345.643200</ele>
  <time>2017-07-22T04:10:53Z</time>
</trkpt>
<trkpt lat="52.229955000" lon="87.145144000">
  <ele>345.948000</ele>
  <time>2017-07-22T04:11:05Z</time>
</trkpt>
<trkpt lat="52.229961000" lon="87.145095000">
  <ele>346.252800</ele>
  <time>2017-07-22T04:11:21Z</time>
</trkpt>
<trkpt lat="52.229966000" lon="87.145091000">
  <ele>346.557600</ele>
  <time>2017-07-22T04:11:26Z</time>
</trkpt>
<trkpt lat="52.229952000" lon="87.145086000">
  <ele>347.167200</ele>
  <time>2017-07-22T04:11:41Z</time>
</trkpt>
<trkpt lat="52.229931000" lon="87.145117000">
  <ele>347.167200</ele>
  <time>2017-07-22T04:11:45Z</time>
</trkpt>
<trkpt lat="52.229926000" lon="87.145101000">
  <ele>347.472000</ele>
  <time>2017-07-22T04:12:01Z</time>
</trkpt>
<trkpt lat="52.229943000" lon="87.145108000">
  <ele>347.776800</ele>
  <time>2017-07-22T04:12:27Z</time>
</trkpt>
<trkpt lat="52.229969000" lon="87.145140000">
  <ele>347.776800</ele>
  <time>2017-07-22T04:12:40Z</time>
</trkpt>
<trkpt lat="52.229981000" lon="87.145170000">
  <ele>348.081600</ele>
  <time>2017-07-22T04:13:08Z</time>
</trkpt>
<trkpt lat="52.229961000" lon="87.145159000">
  <ele>348.081600</ele>
  <time>2017-07-22T04:13:23Z</time>
</trkpt>
<trkpt lat="52.229934000" lon="87.145131000">
  <ele>348.386400</ele>
  <time>2017-07-22T04:13:27Z</time>
</trkpt>
<trkpt lat="52.229906000" lon="87.145148000">
  <ele>348.386400</ele>
  <time>2017-07-22T04:13:30Z</time>
</trkpt>
<trkpt lat="52.229873000" lon="87.145158000">
  <ele>348.386400</ele>
  <time>2017-07-22T04:13:33Z</time>
</trkpt>
<trkpt lat="52.229836000" lon="87.145165000">
  <ele>348.386400</ele>
  <time>2017-07-22T04:13:36Z</time>
</trkpt>
<trkpt lat="52.229803000" lon="87.145162000">
  <ele>348.691200</ele>
  <time>2017-07-22T04:13:39Z</time>
</trkpt>
<trkpt lat="52.229777000" lon="87.145173000">
  <ele>348.691200</ele>
  <time>2017-07-22T04:13:42Z</time>
</trkpt>
<trkpt lat="52.229741000" lon="87.145158000">
  <ele>348.691200</ele>
  <time>2017-07-22T04:13:46Z</time>
</trkpt>
<trkpt lat="52.229714000" lon="87.145137000">
  <ele>348.996000</ele>
  <time>2017-07-22T04:13:50Z</time>
</trkpt>
<trkpt lat="52.229689000" lon="87.145115000">
  <ele>348.996000</ele>
  <time>2017-07-22T04:13:53Z</time>
</trkpt>
<trkpt lat="52.229641000" lon="87.145114000">
  <ele>348.996000</ele>
  <time>2017-07-22T04:13:56Z</time>
</trkpt>
<trkpt lat="52.229602000" lon="87.145113000">
  <ele>348.996000</ele>
  <time>2017-07-22T04:13:59Z</time>
</trkpt>
<trkpt lat="52.229567000" lon="87.145093000">
  <ele>348.996000</ele>
  <time>2017-07-22T04:14:03Z</time>
</trkpt>
<trkpt lat="52.229536000" lon="87.145079000">
  <ele>349.300800</ele>
  <time>2017-07-22T04:14:07Z</time>
</trkpt>
<trkpt lat="52.229511000" lon="87.145060000">
  <ele>349.300800</ele>
  <time>2017-07-22T04:14:10Z</time>
</trkpt>
<trkpt lat="52.229485000" lon="87.145038000">
  <ele>349.300800</ele>
  <time>2017-07-22T04:14:14Z</time>
</trkpt>
<trkpt lat="52.229448000" lon="87.145004000">
  <ele>349.300800</ele>
  <time>2017-07-22T04:14:17Z</time>
</trkpt>
<trkpt lat="52.229418000" lon="87.144989000">
  <ele>349.605600</ele>
  <time>2017-07-22T04:14:20Z</time>
</trkpt>
<trkpt lat="52.229386000" lon="87.144970000">
  <ele>349.605600</ele>
  <time>2017-07-22T04:14:23Z</time>
</trkpt>
<trkpt lat="52.229360000" lon="87.144953000">
  <ele>349.605600</ele>
  <time>2017-07-22T04:14:26Z</time>
</trkpt>
<trkpt lat="52.229332000" lon="87.144954000">
  <ele>349.605600</ele>
  <time>2017-07-22T04:14:30Z</time>
</trkpt>
<trkpt lat="52.229299000" lon="87.144928000">
  <ele>349.605600</ele>
  <time>2017-07-22T04:14:34Z</time>
</trkpt>
<trkpt lat="52.229269000" lon="87.144899000">
  <ele>349.910400</ele>
  <time>2017-07-22T04:14:38Z</time>
</trkpt>
<trkpt lat="52.229240000" lon="87.144883000">
  <ele>349.910400</ele>
  <time>2017-07-22T04:14:41Z</time>
</trkpt>
<trkpt lat="52.229209000" lon="87.144890000">
  <ele>349.910400</ele>
  <time>2017-07-22T04:14:45Z</time>
</trkpt>
<trkpt lat="52.229177000" lon="87.144879000">
  <ele>349.910400</ele>
  <time>2017-07-22T04:14:48Z</time>
</trkpt>
<trkpt lat="52.229145000" lon="87.144862000">
  <ele>349.910400</ele>
  <time>2017-07-22T04:14:51Z</time>
</trkpt>
<trkpt lat="52.229101000" lon="87.144843000">
  <ele>350.215200</ele>
  <time>2017-07-22T04:14:54Z</time>
</trkpt>
<trkpt lat="52.229071000" lon="87.144835000">
  <ele>350.215200</ele>
  <time>2017-07-22T04:15:00Z</time>
</trkpt>
<trkpt lat="52.229041000" lon="87.144821000">
  <ele>350.215200</ele>
  <time>2017-07-22T04:15:03Z</time>
</trkpt>
<trkpt lat="52.229011000" lon="87.144820000">
  <ele>350.215200</ele>
  <time>2017-07-22T04:15:08Z</time>
</trkpt>
<trkpt lat="52.228984000" lon="87.144830000">
  <ele>350.520000</ele>
  <time>2017-07-22T04:15:11Z</time>
</trkpt>
<trkpt lat="52.228971000" lon="87.144859000">
  <ele>350.520000</ele>
  <time>2017-07-22T04:15:17Z</time>
</trkpt>
<trkpt lat="52.228936000" lon="87.144864000">
  <ele>350.520000</ele>
  <time>2017-07-22T04:15:21Z</time>
</trkpt>
<trkpt lat="52.228893000" lon="87.144829000">
  <ele>350.824800</ele>
  <time>2017-07-22T04:15:24Z</time>
</trkpt>
<trkpt lat="52.228878000" lon="87.144842000">
  <ele>351.129600</ele>
  <time>2017-07-22T04:15:28Z</time>
</trkpt>
<trkpt lat="52.228884000" lon="87.144831000">
  <ele>351.434400</ele>
  <time>2017-07-22T04:15:44Z</time>
</trkpt>
<trkpt lat="52.228901000" lon="87.144835000">
  <ele>352.044000</ele>
  <time>2017-07-22T04:16:07Z</time>
</trkpt>
<trkpt lat="52.228928000" lon="87.144812000">
  <ele>352.348800</ele>
  <time>2017-07-22T04:16:24Z</time>
</trkpt>
<trkpt lat="52.228956000" lon="87.144791000">
  <ele>352.348800</ele>
  <time>2017-07-22T04:16:27Z</time>
</trkpt>
<trkpt lat="52.228930000" lon="87.144821000">
  <ele>352.653600</ele>
  <time>2017-07-22T04:16:33Z</time>
</trkpt>
<trkpt lat="52.228916000" lon="87.144879000">
  <ele>352.958400</ele>
  <time>2017-07-22T04:16:36Z</time>
</trkpt>
<trkpt lat="52.228895000" lon="87.144921000">
  <ele>352.958400</ele>
  <time>2017-07-22T04:16:39Z</time>
</trkpt>
<trkpt lat="52.228844000" lon="87.144980000">
  <ele>353.263200</ele>
  <time>2017-07-22T04:16:42Z</time>
</trkpt>
<trkpt lat="52.228803000" lon="87.145014000">
  <ele>353.568000</ele>
  <time>2017-07-22T04:16:45Z</time>
</trkpt>
<trkpt lat="52.228764000" lon="87.145045000">
  <ele>353.568000</ele>
  <time>2017-07-22T04:16:48Z</time>
</trkpt>
<trkpt lat="52.228720000" lon="87.145075000">
  <ele>353.872800</ele>
  <time>2017-07-22T04:16:51Z</time>
</trkpt>
<trkpt lat="52.228692000" lon="87.145100000">
  <ele>354.177600</ele>
  <time>2017-07-22T04:16:54Z</time>
</trkpt>
<trkpt lat="52.228656000" lon="87.145125000">
  <ele>354.177600</ele>
  <time>2017-07-22T04:16:57Z</time>
</trkpt>
<trkpt lat="52.228631000" lon="87.145171000">
  <ele>354.482400</ele>
  <time>2017-07-22T04:17:01Z</time>
</trkpt>
<trkpt lat="52.228645000" lon="87.145162000">
  <ele>355.092000</ele>
  <time>2017-07-22T04:17:16Z</time>
</trkpt>
<trkpt lat="52.228662000" lon="87.145147000">
  <ele>355.396800</ele>
  <time>2017-07-22T04:17:24Z</time>
</trkpt>
<trkpt lat="52.228638000" lon="87.145166000">
  <ele>355.701600</ele>
  <time>2017-07-22T04:17:35Z</time>
</trkpt>
<trkpt lat="52.228651000" lon="87.145153000">
  <ele>356.006400</ele>
  <time>2017-07-22T04:17:40Z</time>
</trkpt>
<trkpt lat="52.228657000" lon="87.145168000">
  <ele>356.311200</ele>
  <time>2017-07-22T04:18:20Z</time>
</trkpt>
<trkpt lat="52.228641000" lon="87.145177000">
  <ele>356.920800</ele>
  <time>2017-07-22T04:18:28Z</time>
</trkpt>
<trkpt lat="52.228636000" lon="87.145223000">
  <ele>357.225600</ele>
  <time>2017-07-22T04:18:33Z</time>
</trkpt>
<trkpt lat="52.228604000" lon="87.145275000">
  <ele>357.530400</ele>
  <time>2017-07-22T04:18:36Z</time>
</trkpt>
<trkpt lat="52.228574000" lon="87.145303000">
  <ele>357.835200</ele>
  <time>2017-07-22T04:18:39Z</time>
</trkpt>
<trkpt lat="52.228545000" lon="87.145320000">
  <ele>358.140000</ele>
  <time>2017-07-22T04:18:42Z</time>
</trkpt>
<trkpt lat="52.228519000" lon="87.145352000">
  <ele>358.140000</ele>
  <time>2017-07-22T04:18:45Z</time>
</trkpt>
<trkpt lat="52.228496000" lon="87.145393000">
  <ele>358.444800</ele>
  <time>2017-07-22T04:18:49Z</time>
</trkpt>
<trkpt lat="52.228472000" lon="87.145438000">
  <ele>358.749600</ele>
  <time>2017-07-22T04:18:52Z</time>
</trkpt>
<trkpt lat="52.228438000" lon="87.145488000">
  <ele>359.054400</ele>
  <time>2017-07-22T04:18:55Z</time>
</trkpt>
<trkpt lat="52.228396000" lon="87.145550000">
  <ele>359.054400</ele>
  <time>2017-07-22T04:18:58Z</time>
</trkpt>
<trkpt lat="52.228369000" lon="87.145605000">
  <ele>359.359200</ele>
  <time>2017-07-22T04:19:01Z</time>
</trkpt>
<trkpt lat="52.228332000" lon="87.145650000">
  <ele>359.664000</ele>
  <time>2017-07-22T04:19:04Z</time>
</trkpt>
<trkpt lat="52.228291000" lon="87.145703000">
  <ele>359.664000</ele>
  <time>2017-07-22T04:19:07Z</time>
</trkpt>
<trkpt lat="52.228247000" lon="87.145732000">
  <ele>359.968800</ele>
  <time>2017-07-22T04:19:10Z</time>
</trkpt>
<trkpt lat="52.228186000" lon="87.145776000">
  <ele>359.968800</ele>
  <time>2017-07-22T04:19:13Z</time>
</trkpt>
<trkpt lat="52.228135000" lon="87.145823000">
  <ele>360.273600</ele>
  <time>2017-07-22T04:19:16Z</time>
</trkpt>
<trkpt lat="52.228088000" lon="87.145876000">
  <ele>360.578400</ele>
  <time>2017-07-22T04:19:19Z</time>
</trkpt>
<trkpt lat="52.228056000" lon="87.145918000">
  <ele>360.578400</ele>
  <time>2017-07-22T04:19:22Z</time>
</trkpt>
<trkpt lat="52.228024000" lon="87.145950000">
  <ele>360.883200</ele>
  <time>2017-07-22T04:19:26Z</time>
</trkpt>
<trkpt lat="52.227994000" lon="87.146014000">
  <ele>361.188000</ele>
  <time>2017-07-22T04:19:29Z</time>
</trkpt>
<trkpt lat="52.227977000" lon="87.146048000">
  <ele>361.188000</ele>
  <time>2017-07-22T04:19:32Z</time>
</trkpt>
<trkpt lat="52.227948000" lon="87.146086000">
  <ele>361.492800</ele>
  <time>2017-07-22T04:19:36Z</time>
</trkpt>
<trkpt lat="52.227910000" lon="87.146135000">
  <ele>361.492800</ele>
  <time>2017-07-22T04:19:39Z</time>
</trkpt>
<trkpt lat="52.227886000" lon="87.146190000">
  <ele>361.797600</ele>
  <time>2017-07-22T04:19:42Z</time>
</trkpt>
<trkpt lat="52.227863000" lon="87.146241000">
  <ele>361.797600</ele>
  <time>2017-07-22T04:19:45Z</time>
</trkpt>
<trkpt lat="52.227829000" lon="87.146287000">
  <ele>361.797600</ele>
  <time>2017-07-22T04:19:48Z</time>
</trkpt>
<trkpt lat="52.227805000" lon="87.146331000">
  <ele>362.102400</ele>
  <time>2017-07-22T04:19:51Z</time>
</trkpt>
<trkpt lat="52.227789000" lon="87.146377000">
  <ele>362.102400</ele>
  <time>2017-07-22T04:19:54Z</time>
</trkpt>
<trkpt lat="52.227777000" lon="87.146441000">
  <ele>362.102400</ele>
  <time>2017-07-22T04:19:57Z</time>
</trkpt>
<trkpt lat="52.227772000" lon="87.146491000">
  <ele>362.407200</ele>
  <time>2017-07-22T04:20:01Z</time>
</trkpt>
<trkpt lat="52.227748000" lon="87.146514000">
  <ele>362.407200</ele>
  <time>2017-07-22T04:20:06Z</time>
</trkpt>
<trkpt lat="52.227724000" lon="87.146491000">
  <ele>362.712000</ele>
  <time>2017-07-22T04:20:11Z</time>
</trkpt>
<trkpt lat="52.227699000" lon="87.146579000">
  <ele>362.712000</ele>
  <time>2017-07-22T04:20:14Z</time>
</trkpt>
<trkpt lat="52.227671000" lon="87.146621000">
  <ele>363.016800</ele>
  <time>2017-07-22T04:20:17Z</time>
</trkpt>
<trkpt lat="52.227653000" lon="87.146651000">
  <ele>363.016800</ele>
  <time>2017-07-22T04:20:20Z</time>
</trkpt>
<trkpt lat="52.227624000" lon="87.146669000">
  <ele>363.016800</ele>
  <time>2017-07-22T04:20:23Z</time>
</trkpt>
<trkpt lat="52.227597000" lon="87.146680000">
  <ele>363.321600</ele>
  <time>2017-07-22T04:20:26Z</time>
</trkpt>
<trkpt lat="52.227630000" lon="87.146750000">
  <ele>363.321600</ele>
  <time>2017-07-22T04:20:29Z</time>
</trkpt>
<trkpt lat="52.227619000" lon="87.146636000">
  <ele>363.321600</ele>
  <time>2017-07-22T04:20:32Z</time>
</trkpt>
<trkpt lat="52.227615000" lon="87.146667000">
  <ele>363.626400</ele>
  <time>2017-07-22T04:20:56Z</time>
</trkpt>
<trkpt lat="52.227610000" lon="87.146670000">
  <ele>363.626400</ele>
  <time>2017-07-22T04:21:00Z</time>
</trkpt>
<trkpt lat="52.227576000" lon="87.146656000">
  <ele>363.626400</ele>
  <time>2017-07-22T04:21:04Z</time>
</trkpt>
<trkpt lat="52.227551000" lon="87.146675000">
  <ele>363.931200</ele>
  <time>2017-07-22T04:21:07Z</time>
</trkpt>
<trkpt lat="52.227534000" lon="87.146707000">
  <ele>363.931200</ele>
  <time>2017-07-22T04:21:13Z</time>
</trkpt>
<trkpt lat="52.227519000" lon="87.146762000">
  <ele>363.931200</ele>
  <time>2017-07-22T04:21:16Z</time>
</trkpt>
<trkpt lat="52.227495000" lon="87.146800000">
  <ele>364.236000</ele>
  <time>2017-07-22T04:21:19Z</time>
</trkpt>
<trkpt lat="52.227475000" lon="87.146843000">
  <ele>364.236000</ele>
  <time>2017-07-22T04:21:23Z</time>
</trkpt>
<trkpt lat="52.227446000" lon="87.146868000">
  <ele>364.236000</ele>
  <time>2017-07-22T04:21:26Z</time>
</trkpt>
<trkpt lat="52.227429000" lon="87.146888000">
  <ele>364.540800</ele>
  <time>2017-07-22T04:21:30Z</time>
</trkpt>
<trkpt lat="52.227403000" lon="87.146905000">
  <ele>364.540800</ele>
  <time>2017-07-22T04:21:33Z</time>
</trkpt>
<trkpt lat="52.227380000" lon="87.146918000">
  <ele>364.540800</ele>
  <time>2017-07-22T04:21:38Z</time>
</trkpt>
<trkpt lat="52.227364000" lon="87.146909000">
  <ele>364.845600</ele>
  <time>2017-07-22T04:21:48Z</time>
</trkpt>
<trkpt lat="52.227346000" lon="87.146925000">
  <ele>365.150400</ele>
  <time>2017-07-22T04:21:55Z</time>
</trkpt>
<trkpt lat="52.227323000" lon="87.146927000">
  <ele>365.150400</ele>
  <time>2017-07-22T04:21:59Z</time>
</trkpt>
<trkpt lat="52.227303000" lon="87.146945000">
  <ele>365.455200</ele>
  <time>2017-07-22T04:22:05Z</time>
</trkpt>
<trkpt lat="52.227290000" lon="87.146953000">
  <ele>365.455200</ele>
  <time>2017-07-22T04:22:10Z</time>
</trkpt>
<trkpt lat="52.227275000" lon="87.146968000">
  <ele>365.455200</ele>
  <time>2017-07-22T04:22:14Z</time>
</trkpt>
<trkpt lat="52.227253000" lon="87.146995000">
  <ele>365.760000</ele>
  <time>2017-07-22T04:22:17Z</time>
</trkpt>
<trkpt lat="52.227232000" lon="87.147023000">
  <ele>365.760000</ele>
  <time>2017-07-22T04:22:21Z</time>
</trkpt>
<trkpt lat="52.227206000" lon="87.147043000">
  <ele>365.760000</ele>
  <time>2017-07-22T04:22:26Z</time>
</trkpt>
<trkpt lat="52.227176000" lon="87.147037000">
  <ele>366.064800</ele>
  <time>2017-07-22T04:22:31Z</time>
</trkpt>
<trkpt lat="52.227117000" lon="87.147060000">
  <ele>366.064800</ele>
  <time>2017-07-22T04:22:34Z</time>
</trkpt>
<trkpt lat="52.227121000" lon="87.147092000">
  <ele>366.064800</ele>
  <time>2017-07-22T04:22:37Z</time>
</trkpt>
<trkpt lat="52.227112000" lon="87.147123000">
  <ele>366.369600</ele>
  <time>2017-07-22T04:22:42Z</time>
</trkpt>
<trkpt lat="52.227089000" lon="87.147109000">
  <ele>366.369600</ele>
  <time>2017-07-22T04:22:46Z</time>
</trkpt>
<trkpt lat="52.227063000" lon="87.147113000">
  <ele>366.674400</ele>
  <time>2017-07-22T04:22:51Z</time>
</trkpt>
<trkpt lat="52.227027000" lon="87.147082000">
  <ele>366.674400</ele>
  <time>2017-07-22T04:22:55Z</time>
</trkpt>
<trkpt lat="52.226993000" lon="87.147032000">
  <ele>366.674400</ele>
  <time>2017-07-22T04:22:58Z</time>
</trkpt>
<trkpt lat="52.226975000" lon="87.147006000">
  <ele>366.979200</ele>
  <time>2017-07-22T04:23:03Z</time>
</trkpt>
<trkpt lat="52.226945000" lon="87.147009000">
  <ele>366.979200</ele>
  <time>2017-07-22T04:23:06Z</time>
</trkpt>
<trkpt lat="52.226923000" lon="87.147014000">
  <ele>367.284000</ele>
  <time>2017-07-22T04:23:10Z</time>
</trkpt>
<trkpt lat="52.226911000" lon="87.147020000">
  <ele>367.284000</ele>
  <time>2017-07-22T04:23:15Z</time>
</trkpt>
<trkpt lat="52.226892000" lon="87.146991000">
  <ele>367.588800</ele>
  <time>2017-07-22T04:23:21Z</time>
</trkpt>
<trkpt lat="52.226885000" lon="87.147006000">
  <ele>367.893600</ele>
  <time>2017-07-22T04:23:32Z</time>
</trkpt>
<trkpt lat="52.226864000" lon="87.147006000">
  <ele>368.198400</ele>
  <time>2017-07-22T04:23:38Z</time>
</trkpt>
<trkpt lat="52.226846000" lon="87.147022000">
  <ele>368.198400</ele>
  <time>2017-07-22T04:23:42Z</time>
</trkpt>
<trkpt lat="52.226842000" lon="87.147054000">
  <ele>368.503200</ele>
  <time>2017-07-22T04:23:47Z</time>
</trkpt>
<trkpt lat="52.226813000" lon="87.147056000">
  <ele>368.808000</ele>
  <time>2017-07-22T04:23:53Z</time>
</trkpt>
<trkpt lat="52.226784000" lon="87.147092000">
  <ele>368.808000</ele>
  <time>2017-07-22T04:23:56Z</time>
</trkpt>
<trkpt lat="52.226758000" lon="87.147094000">
  <ele>369.417600</ele>
  <time>2017-07-22T04:24:17Z</time>
</trkpt>
<trkpt lat="52.226756000" lon="87.147082000">
  <ele>370.332000</ele>
  <time>2017-07-22T04:24:43Z</time>
</trkpt>
<trkpt lat="52.226746000" lon="87.147062000">
  <ele>371.246400</ele>
  <time>2017-07-22T04:25:01Z</time>
</trkpt>
<trkpt lat="52.226751000" lon="87.147096000">
  <ele>371.856000</ele>
  <time>2017-07-22T04:25:22Z</time>
</trkpt>
<trkpt lat="52.226750000" lon="87.147126000">
  <ele>373.075200</ele>
  <time>2017-07-22T04:25:38Z</time>
</trkpt>
<trkpt lat="52.226752000" lon="87.147135000">
  <ele>375.208800</ele>
  <time>2017-07-22T04:25:54Z</time>
</trkpt>
<trkpt lat="52.226742000" lon="87.147143000">
  <ele>376.123200</ele>
  <time>2017-07-22T04:26:00Z</time>
</trkpt>
<trkpt lat="52.226724000" lon="87.147184000">
  <ele>376.732800</ele>
  <time>2017-07-22T04:26:03Z</time>
</trkpt>
<trkpt lat="52.226706000" lon="87.147224000">
  <ele>377.342400</ele>
  <time>2017-07-22T04:26:06Z</time>
</trkpt>
<trkpt lat="52.226695000" lon="87.147291000">
  <ele>377.952000</ele>
  <time>2017-07-22T04:26:09Z</time>
</trkpt>
<trkpt lat="52.226677000" lon="87.147323000">
  <ele>378.561600</ele>
  <time>2017-07-22T04:26:13Z</time>
</trkpt>
<trkpt lat="52.226664000" lon="87.147362000">
  <ele>379.780800</ele>
  <time>2017-07-22T04:26:19Z</time>
</trkpt>
<trkpt lat="52.226649000" lon="87.147394000">
  <ele>380.085600</ele>
  <time>2017-07-22T04:26:22Z</time>
</trkpt>
<trkpt lat="52.226638000" lon="87.147416000">
  <ele>381.304800</ele>
  <time>2017-07-22T04:26:29Z</time>
</trkpt>
<trkpt lat="52.226611000" lon="87.147426000">
  <ele>381.914400</ele>
  <time>2017-07-22T04:26:33Z</time>
</trkpt>
<trkpt lat="52.226613000" lon="87.147450000">
  <ele>382.219200</ele>
  <time>2017-07-22T04:26:36Z</time>
</trkpt>
<trkpt lat="52.226595000" lon="87.147467000">
  <ele>383.133600</ele>
  <time>2017-07-22T04:26:42Z</time>
</trkpt>
<trkpt lat="52.226582000" lon="87.147494000">
  <ele>384.657600</ele>
  <time>2017-07-22T04:26:53Z</time>
</trkpt>
<trkpt lat="52.226556000" lon="87.147517000">
  <ele>385.267200</ele>
  <time>2017-07-22T04:26:59Z</time>
</trkpt>
<trkpt lat="52.226521000" lon="87.147567000">
  <ele>385.876800</ele>
  <time>2017-07-22T04:27:02Z</time>
</trkpt>
<trkpt lat="52.226485000" lon="87.147620000">
  <ele>386.486400</ele>
  <time>2017-07-22T04:27:05Z</time>
</trkpt>
<trkpt lat="52.226465000" lon="87.147611000">
  <ele>387.096000</ele>
  <time>2017-07-22T04:27:09Z</time>
</trkpt>
<trkpt lat="52.226449000" lon="87.147643000">
  <ele>388.315200</ele>
  <time>2017-07-22T04:27:16Z</time>
</trkpt>
<trkpt lat="52.226444000" lon="87.147667000">
  <ele>388.924800</ele>
  <time>2017-07-22T04:27:19Z</time>
</trkpt>
<trkpt lat="52.226427000" lon="87.147665000">
  <ele>389.229600</ele>
  <time>2017-07-22T04:27:22Z</time>
</trkpt>
<trkpt lat="52.226401000" lon="87.147677000">
  <ele>390.144000</ele>
  <time>2017-07-22T04:27:30Z</time>
</trkpt>
<trkpt lat="52.226372000" lon="87.147729000">
  <ele>391.058400</ele>
  <time>2017-07-22T04:27:33Z</time>
</trkpt>
<trkpt lat="52.226331000" lon="87.147790000">
  <ele>391.668000</ele>
  <time>2017-07-22T04:27:36Z</time>
</trkpt>
<trkpt lat="52.226310000" lon="87.147790000">
  <ele>392.887200</ele>
  <time>2017-07-22T04:27:40Z</time>
</trkpt>
<trkpt lat="52.226281000" lon="87.147816000">
  <ele>395.020800</ele>
  <time>2017-07-22T04:27:49Z</time>
</trkpt>
<trkpt lat="52.226259000" lon="87.147840000">
  <ele>396.240000</ele>
  <time>2017-07-22T04:27:53Z</time>
</trkpt>
<trkpt lat="52.226234000" lon="87.147871000">
  <ele>396.849600</ele>
  <time>2017-07-22T04:27:56Z</time>
</trkpt>
<trkpt lat="52.226217000" lon="87.147931000">
  <ele>397.764000</ele>
  <time>2017-07-22T04:27:59Z</time>
</trkpt>
<trkpt lat="52.226204000" lon="87.147970000">
  <ele>398.983200</ele>
  <time>2017-07-22T04:28:04Z</time>
</trkpt>
<trkpt lat="52.226178000" lon="87.148002000">
  <ele>400.202400</ele>
  <time>2017-07-22T04:28:08Z</time>
</trkpt>
<trkpt lat="52.226153000" lon="87.148038000">
  <ele>401.116800</ele>
  <time>2017-07-22T04:28:11Z</time>
</trkpt>
<trkpt lat="52.226120000" lon="87.148077000">
  <ele>401.726400</ele>
  <time>2017-07-22T04:28:14Z</time>
</trkpt>
<trkpt lat="52.226094000" lon="87.148111000">
  <ele>402.945600</ele>
  <time>2017-07-22T04:28:18Z</time>
</trkpt>
<trkpt lat="52.226064000" lon="87.148118000">
  <ele>404.164800</ele>
  <time>2017-07-22T04:28:22Z</time>
</trkpt>
<trkpt lat="52.226050000" lon="87.148146000">
  <ele>405.384000</ele>
  <time>2017-07-22T04:28:26Z</time>
</trkpt>
<trkpt lat="52.226023000" lon="87.148165000">
  <ele>406.603200</ele>
  <time>2017-07-22T04:28:32Z</time>
</trkpt>
<trkpt lat="52.225997000" lon="87.148162000">
  <ele>408.127200</ele>
  <time>2017-07-22T04:28:37Z</time>
</trkpt>
<trkpt lat="52.225972000" lon="87.148180000">
  <ele>409.041600</ele>
  <time>2017-07-22T04:28:40Z</time>
</trkpt>
<trkpt lat="52.225927000" lon="87.148214000">
  <ele>409.956000</ele>
  <time>2017-07-22T04:28:43Z</time>
</trkpt>
<trkpt lat="52.225898000" lon="87.148219000">
  <ele>410.870400</ele>
  <time>2017-07-22T04:28:46Z</time>
</trkpt>
<trkpt lat="52.225858000" lon="87.148255000">
  <ele>411.784800</ele>
  <time>2017-07-22T04:28:49Z</time>
</trkpt>
<trkpt lat="52.225838000" lon="87.148285000">
  <ele>412.394400</ele>
  <time>2017-07-22T04:28:52Z</time>
</trkpt>
<trkpt lat="52.225814000" lon="87.148318000">
  <ele>413.613600</ele>
  <time>2017-07-22T04:28:56Z</time>
</trkpt>
<trkpt lat="52.225790000" lon="87.148348000">
  <ele>414.832800</ele>
  <time>2017-07-22T04:28:59Z</time>
</trkpt>
<trkpt lat="52.225773000" lon="87.148390000">
  <ele>416.052000</ele>
  <time>2017-07-22T04:29:03Z</time>
</trkpt>
<trkpt lat="52.225751000" lon="87.148420000">
  <ele>416.966400</ele>
  <time>2017-07-22T04:29:07Z</time>
</trkpt>
<trkpt lat="52.225721000" lon="87.148421000">
  <ele>419.100000</ele>
  <time>2017-07-22T04:29:18Z</time>
</trkpt>
<trkpt lat="52.225679000" lon="87.148443000">
  <ele>420.014400</ele>
  <time>2017-07-22T04:29:21Z</time>
</trkpt>
<trkpt lat="52.225649000" lon="87.148459000">
  <ele>421.233600</ele>
  <time>2017-07-22T04:29:25Z</time>
</trkpt>
<trkpt lat="52.225613000" lon="87.148464000">
  <ele>422.757600</ele>
  <time>2017-07-22T04:29:30Z</time>
</trkpt>
<trkpt lat="52.225590000" lon="87.148452000">
  <ele>423.976800</ele>
  <time>2017-07-22T04:29:34Z</time>
</trkpt>
<trkpt lat="52.225559000" lon="87.148447000">
  <ele>425.196000</ele>
  <time>2017-07-22T04:29:38Z</time>
</trkpt>
<trkpt lat="52.225550000" lon="87.148493000">
  <ele>426.110400</ele>
  <time>2017-07-22T04:29:41Z</time>
</trkpt>
<trkpt lat="52.225537000" lon="87.148545000">
  <ele>427.024800</ele>
  <time>2017-07-22T04:29:44Z</time>
</trkpt>
<trkpt lat="52.225517000" lon="87.148575000">
  <ele>427.939200</ele>
  <time>2017-07-22T04:29:47Z</time>
</trkpt>
<trkpt lat="52.225474000" lon="87.148639000">
  <ele>428.853600</ele>
  <time>2017-07-22T04:29:50Z</time>
</trkpt>
<trkpt lat="52.225445000" lon="87.148645000">
  <ele>429.463200</ele>
  <time>2017-07-22T04:29:53Z</time>
</trkpt>
<trkpt lat="52.225418000" lon="87.148698000">
  <ele>430.377600</ele>
  <time>2017-07-22T04:29:56Z</time>
</trkpt>
<trkpt lat="52.225391000" lon="87.148717000">
  <ele>431.292000</ele>
  <time>2017-07-22T04:29:59Z</time>
</trkpt>
<trkpt lat="52.225364000" lon="87.148709000">
  <ele>432.511200</ele>
  <time>2017-07-22T04:30:04Z</time>
</trkpt>
<trkpt lat="52.225332000" lon="87.148746000">
  <ele>433.120800</ele>
  <time>2017-07-22T04:30:07Z</time>
</trkpt>
<trkpt lat="52.225317000" lon="87.148762000">
  <ele>434.949600</ele>
  <time>2017-07-22T04:30:14Z</time>
</trkpt>
<trkpt lat="52.225294000" lon="87.148781000">
  <ele>435.864000</ele>
  <time>2017-07-22T04:30:17Z</time>
</trkpt>
<trkpt lat="52.225252000" lon="87.148859000">
  <ele>436.473600</ele>
  <time>2017-07-22T04:30:20Z</time>
</trkpt>
<trkpt lat="52.225232000" lon="87.148850000">
  <ele>437.997600</ele>
  <time>2017-07-22T04:30:26Z</time>
</trkpt>
<trkpt lat="52.225223000" lon="87.148849000">
  <ele>439.216800</ele>
  <time>2017-07-22T04:30:30Z</time>
</trkpt>
<trkpt lat="52.225211000" lon="87.148890000">
  <ele>440.131200</ele>
  <time>2017-07-22T04:30:34Z</time>
</trkpt>
<trkpt lat="52.225182000" lon="87.148926000">
  <ele>440.740800</ele>
  <time>2017-07-22T04:30:37Z</time>
</trkpt>
<trkpt lat="52.225174000" lon="87.148962000">
  <ele>441.655200</ele>
  <time>2017-07-22T04:30:41Z</time>
</trkpt>
<trkpt lat="52.225147000" lon="87.149028000">
  <ele>442.569600</ele>
  <time>2017-07-22T04:30:44Z</time>
</trkpt>
<trkpt lat="52.225127000" lon="87.149036000">
  <ele>443.484000</ele>
  <time>2017-07-22T04:30:49Z</time>
</trkpt>
<trkpt lat="52.225109000" lon="87.149066000">
  <ele>444.398400</ele>
  <time>2017-07-22T04:30:53Z</time>
</trkpt>
<trkpt lat="52.225095000" lon="87.149109000">
  <ele>445.312800</ele>
  <time>2017-07-22T04:30:56Z</time>
</trkpt>
<trkpt lat="52.225068000" lon="87.149132000">
  <ele>446.227200</ele>
  <time>2017-07-22T04:31:00Z</time>
</trkpt>
<trkpt lat="52.225069000" lon="87.149190000">
  <ele>446.836800</ele>
  <time>2017-07-22T04:31:03Z</time>
</trkpt>
<trkpt lat="52.225048000" lon="87.149244000">
  <ele>448.665600</ele>
  <time>2017-07-22T04:31:11Z</time>
</trkpt>
<trkpt lat="52.225044000" lon="87.149247000">
  <ele>449.884800</ele>
  <time>2017-07-22T04:31:16Z</time>
</trkpt>
<trkpt lat="52.225042000" lon="87.149271000">
  <ele>450.494400</ele>
  <time>2017-07-22T04:31:19Z</time>
</trkpt>
<trkpt lat="52.225033000" lon="87.149321000">
  <ele>451.104000</ele>
  <time>2017-07-22T04:31:22Z</time>
</trkpt>
<trkpt lat="52.225024000" lon="87.149373000">
  <ele>452.018400</ele>
  <time>2017-07-22T04:31:25Z</time>
</trkpt>
<trkpt lat="52.225012000" lon="87.149423000">
  <ele>452.628000</ele>
  <time>2017-07-22T04:31:28Z</time>
</trkpt>
<trkpt lat="52.224988000" lon="87.149425000">
  <ele>453.542400</ele>
  <time>2017-07-22T04:31:33Z</time>
</trkpt>
<trkpt lat="52.224962000" lon="87.149435000">
  <ele>453.847200</ele>
  <time>2017-07-22T04:31:36Z</time>
</trkpt>
<trkpt lat="52.224955000" lon="87.149477000">
  <ele>455.066400</ele>
  <time>2017-07-22T04:31:45Z</time>
</trkpt>
<trkpt lat="52.224949000" lon="87.149526000">
  <ele>456.285600</ele>
  <time>2017-07-22T04:31:49Z</time>
</trkpt>
<trkpt lat="52.224928000" lon="87.149558000">
  <ele>456.895200</ele>
  <time>2017-07-22T04:31:52Z</time>
</trkpt>
<trkpt lat="52.224935000" lon="87.149606000">
  <ele>458.114400</ele>
  <time>2017-07-22T04:31:59Z</time>
</trkpt>
<trkpt lat="52.224915000" lon="87.149613000">
  <ele>459.028800</ele>
  <time>2017-07-22T04:32:04Z</time>
</trkpt>
<trkpt lat="52.224898000" lon="87.149629000">
  <ele>459.943200</ele>
  <time>2017-07-22T04:32:08Z</time>
</trkpt>
<trkpt lat="52.224889000" lon="87.149621000">
  <ele>460.857600</ele>
  <time>2017-07-22T04:32:30Z</time>
</trkpt>
<trkpt lat="52.224866000" lon="87.149641000">
  <ele>461.772000</ele>
  <time>2017-07-22T04:32:58Z</time>
</trkpt>
<trkpt lat="52.224837000" lon="87.149655000">
  <ele>462.686400</ele>
  <time>2017-07-22T04:33:27Z</time>
</trkpt>
<trkpt lat="52.224831000" lon="87.149660000">
  <ele>465.734400</ele>
  <time>2017-07-22T04:34:11Z</time>
</trkpt>
<trkpt lat="52.224836000" lon="87.149644000">
  <ele>468.172800</ele>
  <time>2017-07-22T04:34:56Z</time>
</trkpt>
<trkpt lat="52.224826000" lon="87.149671000">
  <ele>470.001600</ele>
  <time>2017-07-22T04:35:13Z</time>
</trkpt>
<trkpt lat="52.224820000" lon="87.149676000">
  <ele>471.830400</ele>
  <time>2017-07-22T04:35:21Z</time>
</trkpt>
<trkpt lat="52.224816000" lon="87.149719000">
  <ele>473.049600</ele>
  <time>2017-07-22T04:35:25Z</time>
</trkpt>
<trkpt lat="52.224779000" lon="87.149764000">
  <ele>473.964000</ele>
  <time>2017-07-22T04:35:28Z</time>
</trkpt>
<trkpt lat="52.224748000" lon="87.149802000">
  <ele>474.573600</ele>
  <time>2017-07-22T04:35:31Z</time>
</trkpt>
<trkpt lat="52.224724000" lon="87.149853000">
  <ele>475.488000</ele>
  <time>2017-07-22T04:35:34Z</time>
</trkpt>
<trkpt lat="52.224699000" lon="87.149877000">
  <ele>476.097600</ele>
  <time>2017-07-22T04:35:37Z</time>
</trkpt>
<trkpt lat="52.224669000" lon="87.149918000">
  <ele>476.707200</ele>
  <time>2017-07-22T04:35:40Z</time>
</trkpt>
<trkpt lat="52.224638000" lon="87.149944000">
  <ele>477.316800</ele>
  <time>2017-07-22T04:35:43Z</time>
</trkpt>
<trkpt lat="52.224596000" lon="87.149967000">
  <ele>477.926400</ele>
  <time>2017-07-22T04:35:46Z</time>
</trkpt>
<trkpt lat="52.224567000" lon="87.149987000">
  <ele>478.536000</ele>
  <time>2017-07-22T04:35:49Z</time>
</trkpt>
<trkpt lat="52.224530000" lon="87.150019000">
  <ele>479.145600</ele>
  <time>2017-07-22T04:35:52Z</time>
</trkpt>
<trkpt lat="52.224494000" lon="87.150037000">
  <ele>479.755200</ele>
  <time>2017-07-22T04:35:56Z</time>
</trkpt>
<trkpt lat="52.224465000" lon="87.150060000">
  <ele>480.364800</ele>
  <time>2017-07-22T04:35:59Z</time>
</trkpt>
<trkpt lat="52.224433000" lon="87.150106000">
  <ele>480.974400</ele>
  <time>2017-07-22T04:36:02Z</time>
</trkpt>
<trkpt lat="52.224404000" lon="87.150131000">
  <ele>481.279200</ele>
  <time>2017-07-22T04:36:05Z</time>
</trkpt>
<trkpt lat="52.224389000" lon="87.150163000">
  <ele>481.888800</ele>
  <time>2017-07-22T04:36:09Z</time>
</trkpt>
<trkpt lat="52.224364000" lon="87.150210000">
  <ele>482.498400</ele>
  <time>2017-07-22T04:36:12Z</time>
</trkpt>
<trkpt lat="52.224360000" lon="87.150207000">
  <ele>483.108000</ele>
  <time>2017-07-22T04:36:16Z</time>
</trkpt>
<trkpt lat="52.224346000" lon="87.150234000">
  <ele>483.717600</ele>
  <time>2017-07-22T04:36:21Z</time>
</trkpt>
<trkpt lat="52.224309000" lon="87.150280000">
  <ele>484.327200</ele>
  <time>2017-07-22T04:36:24Z</time>
</trkpt>
<trkpt lat="52.224277000" lon="87.150299000">
  <ele>485.241600</ele>
  <time>2017-07-22T04:36:29Z</time>
</trkpt>
<trkpt lat="52.224244000" lon="87.150294000">
  <ele>485.546400</ele>
  <time>2017-07-22T04:36:32Z</time>
</trkpt>
<trkpt lat="52.224222000" lon="87.150281000">
  <ele>486.156000</ele>
  <time>2017-07-22T04:36:36Z</time>
</trkpt>
<trkpt lat="52.224209000" lon="87.150279000">
  <ele>486.765600</ele>
  <time>2017-07-22T04:36:48Z</time>
</trkpt>
<trkpt lat="52.224173000" lon="87.150299000">
  <ele>487.375200</ele>
  <time>2017-07-22T04:36:51Z</time>
</trkpt>
<trkpt lat="52.224135000" lon="87.150336000">
  <ele>487.680000</ele>
  <time>2017-07-22T04:36:54Z</time>
</trkpt>
<trkpt lat="52.224098000" lon="87.150350000">
  <ele>488.289600</ele>
  <time>2017-07-22T04:36:58Z</time>
</trkpt>
<trkpt lat="52.224061000" lon="87.150408000">
  <ele>488.594400</ele>
  <time>2017-07-22T04:37:01Z</time>
</trkpt>
<trkpt lat="52.224025000" lon="87.150455000">
  <ele>489.204000</ele>
  <time>2017-07-22T04:37:04Z</time>
</trkpt>
<trkpt lat="52.223980000" lon="87.150503000">
  <ele>489.508800</ele>
  <time>2017-07-22T04:37:07Z</time>
</trkpt>
<trkpt lat="52.223935000" lon="87.150536000">
  <ele>489.813600</ele>
  <time>2017-07-22T04:37:10Z</time>
</trkpt>
<trkpt lat="52.223898000" lon="87.150559000">
  <ele>490.423200</ele>
  <time>2017-07-22T04:37:13Z</time>
</trkpt>
<trkpt lat="52.223867000" lon="87.150566000">
  <ele>490.728000</ele>
  <time>2017-07-22T04:37:17Z</time>
</trkpt>
<trkpt lat="52.223849000" lon="87.150571000">
  <ele>491.947200</ele>
  <time>2017-07-22T04:37:24Z</time>
</trkpt>
<trkpt lat="52.223827000" lon="87.150579000">
  <ele>492.252000</ele>
  <time>2017-07-22T04:37:27Z</time>
</trkpt>
<trkpt lat="52.223786000" lon="87.150619000">
  <ele>492.556800</ele>
  <time>2017-07-22T04:37:30Z</time>
</trkpt>
<trkpt lat="52.223760000" lon="87.150647000">
  <ele>493.166400</ele>
  <time>2017-07-22T04:37:33Z</time>
</trkpt>
<trkpt lat="52.223737000" lon="87.150673000">
  <ele>493.471200</ele>
  <time>2017-07-22T04:37:36Z</time>
</trkpt>
<trkpt lat="52.223726000" lon="87.150725000">
  <ele>493.776000</ele>
  <time>2017-07-22T04:37:39Z</time>
</trkpt>
<trkpt lat="52.223684000" lon="87.150749000">
  <ele>494.385600</ele>
  <time>2017-07-22T04:37:44Z</time>
</trkpt>
<trkpt lat="52.223635000" lon="87.150790000">
  <ele>494.690400</ele>
  <time>2017-07-22T04:37:47Z</time>
</trkpt>
<trkpt lat="52.223590000" lon="87.150828000">
  <ele>494.995200</ele>
  <time>2017-07-22T04:37:50Z</time>
</trkpt>
<trkpt lat="52.223564000" lon="87.150852000">
  <ele>495.604800</ele>
  <time>2017-07-22T04:37:53Z</time>
</trkpt>
<trkpt lat="52.223537000" lon="87.150884000">
  <ele>495.909600</ele>
  <time>2017-07-22T04:37:56Z</time>
</trkpt>
<trkpt lat="52.223502000" lon="87.150900000">
  <ele>496.214400</ele>
  <time>2017-07-22T04:37:59Z</time>
</trkpt>
<trkpt lat="52.223457000" lon="87.150925000">
  <ele>496.824000</ele>
  <time>2017-07-22T04:38:02Z</time>
</trkpt>
<trkpt lat="52.223421000" lon="87.150970000">
  <ele>497.128800</ele>
  <time>2017-07-22T04:38:05Z</time>
</trkpt>
<trkpt lat="52.223389000" lon="87.151003000">
  <ele>497.433600</ele>
  <time>2017-07-22T04:38:08Z</time>
</trkpt>
<trkpt lat="52.223345000" lon="87.151059000">
  <ele>498.043200</ele>
  <time>2017-07-22T04:38:11Z</time>
</trkpt>
<trkpt lat="52.223311000" lon="87.151106000">
  <ele>498.348000</ele>
  <time>2017-07-22T04:38:14Z</time>
</trkpt>
<trkpt lat="52.223274000" lon="87.151145000">
  <ele>498.652800</ele>
  <time>2017-07-22T04:38:17Z</time>
</trkpt>
<trkpt lat="52.223252000" lon="87.151178000">
  <ele>499.262400</ele>
  <time>2017-07-22T04:38:21Z</time>
</trkpt>
<trkpt lat="52.223214000" lon="87.151182000">
  <ele>499.872000</ele>
  <time>2017-07-22T04:38:25Z</time>
</trkpt>
<trkpt lat="52.223174000" lon="87.151203000">
  <ele>500.481600</ele>
  <time>2017-07-22T04:38:28Z</time>
</trkpt>
<trkpt lat="52.223150000" lon="87.151244000">
  <ele>500.786400</ele>
  <time>2017-07-22T04:38:31Z</time>
</trkpt>
<trkpt lat="52.223090000" lon="87.151254000">
  <ele>501.396000</ele>
  <time>2017-07-22T04:38:34Z</time>
</trkpt>
<trkpt lat="52.223066000" lon="87.151271000">
  <ele>501.700800</ele>
  <time>2017-07-22T04:38:37Z</time>
</trkpt>
<trkpt lat="52.223038000" lon="87.151278000">
  <ele>502.310400</ele>
  <time>2017-07-22T04:38:41Z</time>
</trkpt>
<trkpt lat="52.223004000" lon="87.151318000">
  <ele>503.224800</ele>
  <time>2017-07-22T04:38:46Z</time>
</trkpt>
<trkpt lat="52.222953000" lon="87.151367000">
  <ele>503.529600</ele>
  <time>2017-07-22T04:38:49Z</time>
</trkpt>
<trkpt lat="52.222930000" lon="87.151373000">
  <ele>504.139200</ele>
  <time>2017-07-22T04:38:53Z</time>
</trkpt>
<trkpt lat="52.222890000" lon="87.151411000">
  <ele>504.748800</ele>
  <time>2017-07-22T04:38:57Z</time>
</trkpt>
<trkpt lat="52.222860000" lon="87.151425000">
  <ele>505.053600</ele>
  <time>2017-07-22T04:39:00Z</time>
</trkpt>
<trkpt lat="52.222836000" lon="87.151414000">
  <ele>505.663200</ele>
  <time>2017-07-22T04:39:03Z</time>
</trkpt>
<trkpt lat="52.222809000" lon="87.151410000">
  <ele>505.968000</ele>
  <time>2017-07-22T04:39:07Z</time>
</trkpt>
<trkpt lat="52.222761000" lon="87.151426000">
  <ele>506.272800</ele>
  <time>2017-07-22T04:39:10Z</time>
</trkpt>
<trkpt lat="52.222710000" lon="87.151441000">
  <ele>506.882400</ele>
  <time>2017-07-22T04:39:13Z</time>
</trkpt>
<trkpt lat="52.222672000" lon="87.151461000">
  <ele>507.187200</ele>
  <time>2017-07-22T04:39:17Z</time>
</trkpt>
<trkpt lat="52.222625000" lon="87.151513000">
  <ele>507.492000</ele>
  <time>2017-07-22T04:39:20Z</time>
</trkpt>
<trkpt lat="52.222581000" lon="87.151570000">
  <ele>507.796800</ele>
  <time>2017-07-22T04:39:23Z</time>
</trkpt>
<trkpt lat="52.222567000" lon="87.151605000">
  <ele>508.406400</ele>
  <time>2017-07-22T04:39:28Z</time>
</trkpt>
<trkpt lat="52.222539000" lon="87.151655000">
  <ele>508.406400</ele>
  <time>2017-07-22T04:39:31Z</time>
</trkpt>
<trkpt lat="52.222517000" lon="87.151672000">
  <ele>508.711200</ele>
  <time>2017-07-22T04:39:34Z</time>
</trkpt>
<trkpt lat="52.222489000" lon="87.151726000">
  <ele>509.016000</ele>
  <time>2017-07-22T04:39:37Z</time>
</trkpt>
<trkpt lat="52.222446000" lon="87.151796000">
  <ele>509.320800</ele>
  <time>2017-07-22T04:39:40Z</time>
</trkpt>
<trkpt lat="52.222389000" lon="87.151857000">
  <ele>509.625600</ele>
  <time>2017-07-22T04:39:43Z</time>
</trkpt>
<trkpt lat="52.222354000" lon="87.151900000">
  <ele>509.625600</ele>
  <time>2017-07-22T04:39:46Z</time>
</trkpt>
<trkpt lat="52.222312000" lon="87.151948000">
  <ele>509.930400</ele>
  <time>2017-07-22T04:39:49Z</time>
</trkpt>
<trkpt lat="52.222271000" lon="87.152018000">
  <ele>510.235200</ele>
  <time>2017-07-22T04:39:52Z</time>
</trkpt>
<trkpt lat="52.222232000" lon="87.152041000">
  <ele>510.540000</ele>
  <time>2017-07-22T04:39:55Z</time>
</trkpt>
<trkpt lat="52.222216000" lon="87.152060000">
  <ele>510.844800</ele>
  <time>2017-07-22T04:39:59Z</time>
</trkpt>
<trkpt lat="52.222177000" lon="87.152127000">
  <ele>511.149600</ele>
  <time>2017-07-22T04:40:02Z</time>
</trkpt>
<trkpt lat="52.222154000" lon="87.152157000">
  <ele>511.149600</ele>
  <time>2017-07-22T04:40:05Z</time>
</trkpt>
<trkpt lat="52.222127000" lon="87.152197000">
  <ele>511.454400</ele>
  <time>2017-07-22T04:40:08Z</time>
</trkpt>
<trkpt lat="52.222063000" lon="87.152244000">
  <ele>511.759200</ele>
  <time>2017-07-22T04:40:11Z</time>
</trkpt>
<trkpt lat="52.222024000" lon="87.152289000">
  <ele>512.064000</ele>
  <time>2017-07-22T04:40:14Z</time>
</trkpt>
<trkpt lat="52.221997000" lon="87.152331000">
  <ele>512.368800</ele>
  <time>2017-07-22T04:40:18Z</time>
</trkpt>
<trkpt lat="52.221981000" lon="87.152383000">
  <ele>512.673600</ele>
  <time>2017-07-22T04:40:21Z</time>
</trkpt>
<trkpt lat="52.221964000" lon="87.152394000">
  <ele>512.978400</ele>
  <time>2017-07-22T04:40:35Z</time>
</trkpt>
<trkpt lat="52.221946000" lon="87.152437000">
  <ele>513.588000</ele>
  <time>2017-07-22T04:40:39Z</time>
</trkpt>
<trkpt lat="52.221916000" lon="87.152509000">
  <ele>513.892800</ele>
  <time>2017-07-22T04:40:42Z</time>
</trkpt>
<trkpt lat="52.221899000" lon="87.152535000">
  <ele>514.197600</ele>
  <time>2017-07-22T04:40:47Z</time>
</trkpt>
<trkpt lat="52.221856000" lon="87.152571000">
  <ele>514.502400</ele>
  <time>2017-07-22T04:40:50Z</time>
</trkpt>
<trkpt lat="52.221819000" lon="87.152593000">
  <ele>514.807200</ele>
  <time>2017-07-22T04:40:53Z</time>
</trkpt>
<trkpt lat="52.221777000" lon="87.152641000">
  <ele>515.112000</ele>
  <time>2017-07-22T04:40:56Z</time>
</trkpt>
<trkpt lat="52.221723000" lon="87.152679000">
  <ele>515.416800</ele>
  <time>2017-07-22T04:40:59Z</time>
</trkpt>
<trkpt lat="52.221700000" lon="87.152713000">
  <ele>515.721600</ele>
  <time>2017-07-22T04:41:02Z</time>
</trkpt>
<trkpt lat="52.221679000" lon="87.152723000">
  <ele>516.026400</ele>
  <time>2017-07-22T04:41:08Z</time>
</trkpt>
<trkpt lat="52.221654000" lon="87.152732000">
  <ele>516.331200</ele>
  <time>2017-07-22T04:41:11Z</time>
</trkpt>
<trkpt lat="52.221635000" lon="87.152764000">
  <ele>516.636000</ele>
  <time>2017-07-22T04:41:15Z</time>
</trkpt>
<trkpt lat="52.221616000" lon="87.152804000">
  <ele>516.940800</ele>
  <time>2017-07-22T04:41:18Z</time>
</trkpt>
<trkpt lat="52.221595000" lon="87.152832000">
  <ele>517.245600</ele>
  <time>2017-07-22T04:41:21Z</time>
</trkpt>
<trkpt lat="52.221580000" lon="87.152899000">
  <ele>517.245600</ele>
  <time>2017-07-22T04:41:24Z</time>
</trkpt>
<trkpt lat="52.221565000" lon="87.152939000">
  <ele>517.550400</ele>
  <time>2017-07-22T04:41:27Z</time>
</trkpt>
<trkpt lat="52.221538000" lon="87.152956000">
  <ele>517.855200</ele>
  <time>2017-07-22T04:41:30Z</time>
</trkpt>
<trkpt lat="52.221517000" lon="87.152983000">
  <ele>518.160000</ele>
  <time>2017-07-22T04:41:33Z</time>
</trkpt>
<trkpt lat="52.221480000" lon="87.153018000">
  <ele>518.464800</ele>
  <time>2017-07-22T04:41:36Z</time>
</trkpt>
<trkpt lat="52.221431000" lon="87.153072000">
  <ele>518.769600</ele>
  <time>2017-07-22T04:41:39Z</time>
</trkpt>
<trkpt lat="52.221407000" lon="87.153098000">
  <ele>519.074400</ele>
  <time>2017-07-22T04:41:42Z</time>
</trkpt>
<trkpt lat="52.221388000" lon="87.153115000">
  <ele>519.074400</ele>
  <time>2017-07-22T04:41:45Z</time>
</trkpt>
<trkpt lat="52.221359000" lon="87.153143000">
  <ele>519.379200</ele>
  <time>2017-07-22T04:41:48Z</time>
</trkpt>
<trkpt lat="52.221322000" lon="87.153169000">
  <ele>519.684000</ele>
  <time>2017-07-22T04:41:51Z</time>
</trkpt>
<trkpt lat="52.221292000" lon="87.153211000">
  <ele>519.988800</ele>
  <time>2017-07-22T04:41:54Z</time>
</trkpt>
<trkpt lat="52.221267000" lon="87.153238000">
  <ele>520.293600</ele>
  <time>2017-07-22T04:41:57Z</time>
</trkpt>
<trkpt lat="52.221251000" lon="87.153273000">
  <ele>520.903200</ele>
  <time>2017-07-22T04:42:01Z</time>
</trkpt>
<trkpt lat="52.221235000" lon="87.153264000">
  <ele>520.903200</ele>
  <time>2017-07-22T04:42:04Z</time>
</trkpt>
<trkpt lat="52.221209000" lon="87.153260000">
  <ele>521.512800</ele>
  <time>2017-07-22T04:42:11Z</time>
</trkpt>
<trkpt lat="52.221169000" lon="87.153261000">
  <ele>522.122400</ele>
  <time>2017-07-22T04:42:16Z</time>
</trkpt>
<trkpt lat="52.221133000" lon="87.153289000">
  <ele>522.427200</ele>
  <time>2017-07-22T04:42:19Z</time>
</trkpt>
<trkpt lat="52.221093000" lon="87.153337000">
  <ele>522.732000</ele>
  <time>2017-07-22T04:42:22Z</time>
</trkpt>
<trkpt lat="52.221069000" lon="87.153360000">
  <ele>523.341600</ele>
  <time>2017-07-22T04:42:27Z</time>
</trkpt>
<trkpt lat="52.221044000" lon="87.153407000">
  <ele>523.646400</ele>
  <time>2017-07-22T04:42:30Z</time>
</trkpt>
<trkpt lat="52.221015000" lon="87.153426000">
  <ele>523.951200</ele>
  <time>2017-07-22T04:42:33Z</time>
</trkpt>
<trkpt lat="52.220990000" lon="87.153431000">
  <ele>524.560800</ele>
  <time>2017-07-22T04:42:37Z</time>
</trkpt>
<trkpt lat="52.220970000" lon="87.153473000">
  <ele>524.865600</ele>
  <time>2017-07-22T04:42:40Z</time>
</trkpt>
<trkpt lat="52.220921000" lon="87.153483000">
  <ele>525.170400</ele>
  <time>2017-07-22T04:42:43Z</time>
</trkpt>
<trkpt lat="52.220885000" lon="87.153502000">
  <ele>525.780000</ele>
  <time>2017-07-22T04:42:46Z</time>
</trkpt>
<trkpt lat="52.220850000" lon="87.153548000">
  <ele>526.084800</ele>
  <time>2017-07-22T04:42:49Z</time>
</trkpt>
<trkpt lat="52.220820000" lon="87.153606000">
  <ele>526.389600</ele>
  <time>2017-07-22T04:42:52Z</time>
</trkpt>
<trkpt lat="52.220785000" lon="87.153647000">
  <ele>526.694400</ele>
  <time>2017-07-22T04:42:55Z</time>
</trkpt>
<trkpt lat="52.220755000" lon="87.153678000">
  <ele>527.304000</ele>
  <time>2017-07-22T04:42:58Z</time>
</trkpt>
<trkpt lat="52.220739000" lon="87.153709000">
  <ele>527.913600</ele>
  <time>2017-07-22T04:43:03Z</time>
</trkpt>
<trkpt lat="52.220708000" lon="87.153738000">
  <ele>528.218400</ele>
  <time>2017-07-22T04:43:06Z</time>
</trkpt>
<trkpt lat="52.220678000" lon="87.153761000">
  <ele>528.828000</ele>
  <time>2017-07-22T04:43:10Z</time>
</trkpt>
<trkpt lat="52.220664000" lon="87.153799000">
  <ele>529.132800</ele>
  <time>2017-07-22T04:43:13Z</time>
</trkpt>
<trkpt lat="52.220633000" lon="87.153793000">
  <ele>530.047200</ele>
  <time>2017-07-22T04:43:19Z</time>
</trkpt>
<trkpt lat="52.220614000" lon="87.153813000">
  <ele>530.656800</ele>
  <time>2017-07-22T04:43:23Z</time>
</trkpt>
<trkpt lat="52.220571000" lon="87.153852000">
  <ele>531.266400</ele>
  <time>2017-07-22T04:43:26Z</time>
</trkpt>
<trkpt lat="52.220545000" lon="87.153879000">
  <ele>531.571200</ele>
  <time>2017-07-22T04:43:29Z</time>
</trkpt>
<trkpt lat="52.220509000" lon="87.153896000">
  <ele>532.180800</ele>
  <time>2017-07-22T04:43:32Z</time>
</trkpt>
<trkpt lat="52.220446000" lon="87.153897000">
  <ele>532.790400</ele>
  <time>2017-07-22T04:43:35Z</time>
</trkpt>
<trkpt lat="52.220403000" lon="87.153917000">
  <ele>533.095200</ele>
  <time>2017-07-22T04:43:38Z</time>
</trkpt>
<trkpt lat="52.220368000" lon="87.153921000">
  <ele>533.704800</ele>
  <time>2017-07-22T04:43:41Z</time>
</trkpt>
<trkpt lat="52.220344000" lon="87.153930000">
  <ele>534.314400</ele>
  <time>2017-07-22T04:43:45Z</time>
</trkpt>
<trkpt lat="52.220329000" lon="87.153946000">
  <ele>535.228800</ele>
  <time>2017-07-22T04:43:50Z</time>
</trkpt>
<trkpt lat="52.220288000" lon="87.153969000">
  <ele>535.838400</ele>
  <time>2017-07-22T04:43:53Z</time>
</trkpt>
<trkpt lat="52.220254000" lon="87.154000000">
  <ele>536.143200</ele>
  <time>2017-07-22T04:43:56Z</time>
</trkpt>
<trkpt lat="52.220228000" lon="87.153987000">
  <ele>536.752800</ele>
  <time>2017-07-22T04:43:59Z</time>
</trkpt>
<trkpt lat="52.220196000" lon="87.154023000">
  <ele>537.362400</ele>
  <time>2017-07-22T04:44:02Z</time>
</trkpt>
<trkpt lat="52.220164000" lon="87.154031000">
  <ele>537.972000</ele>
  <time>2017-07-22T04:44:06Z</time>
</trkpt>
<trkpt lat="52.220136000" lon="87.154046000">
  <ele>538.581600</ele>
  <time>2017-07-22T04:44:09Z</time>
</trkpt>
<trkpt lat="52.220109000" lon="87.154076000">
  <ele>539.191200</ele>
  <time>2017-07-22T04:44:12Z</time>
</trkpt>
<trkpt lat="52.220085000" lon="87.154102000">
  <ele>539.800800</ele>
  <time>2017-07-22T04:44:16Z</time>
</trkpt>
<trkpt lat="52.220055000" lon="87.154122000">
  <ele>540.410400</ele>
  <time>2017-07-22T04:44:19Z</time>
</trkpt>
<trkpt lat="52.220024000" lon="87.154089000">
  <ele>541.020000</ele>
  <time>2017-07-22T04:44:22Z</time>
</trkpt>
<trkpt lat="52.219997000" lon="87.154044000">
  <ele>541.629600</ele>
  <time>2017-07-22T04:44:25Z</time>
</trkpt>
<trkpt lat="52.219972000" lon="87.154021000">
  <ele>542.544000</ele>
  <time>2017-07-22T04:44:31Z</time>
</trkpt>
<trkpt lat="52.219951000" lon="87.153998000">
  <ele>543.153600</ele>
  <time>2017-07-22T04:44:35Z</time>
</trkpt>
<trkpt lat="52.219930000" lon="87.153964000">
  <ele>543.763200</ele>
  <time>2017-07-22T04:44:43Z</time>
</trkpt>
<trkpt lat="52.219890000" lon="87.153922000">
  <ele>544.372800</ele>
  <time>2017-07-22T04:44:46Z</time>
</trkpt>
<trkpt lat="52.219859000" lon="87.153894000">
  <ele>544.982400</ele>
  <time>2017-07-22T04:44:49Z</time>
</trkpt>
<trkpt lat="52.219824000" lon="87.153888000">
  <ele>545.592000</ele>
  <time>2017-07-22T04:44:52Z</time>
</trkpt>
<trkpt lat="52.219775000" lon="87.153912000">
  <ele>546.201600</ele>
  <time>2017-07-22T04:44:55Z</time>
</trkpt>
<trkpt lat="52.219730000" lon="87.153906000">
  <ele>546.811200</ele>
  <time>2017-07-22T04:44:58Z</time>
</trkpt>
<trkpt lat="52.219729000" lon="87.153902000">
  <ele>547.420800</ele>
  <time>2017-07-22T04:45:02Z</time>
</trkpt>
<trkpt lat="52.219705000" lon="87.153878000">
  <ele>548.030400</ele>
  <time>2017-07-22T04:45:05Z</time>
</trkpt>
<trkpt lat="52.219688000" lon="87.153844000">
  <ele>548.335200</ele>
  <time>2017-07-22T04:45:09Z</time>
</trkpt>
<trkpt lat="52.219661000" lon="87.153869000">
  <ele>549.249600</ele>
  <time>2017-07-22T04:45:14Z</time>
</trkpt>
<trkpt lat="52.219625000" lon="87.153893000">
  <ele>549.859200</ele>
  <time>2017-07-22T04:45:17Z</time>
</trkpt>
<trkpt lat="52.219606000" lon="87.153918000">
  <ele>551.078400</ele>
  <time>2017-07-22T04:45:23Z</time>
</trkpt>
<trkpt lat="52.219573000" lon="87.153896000">
  <ele>551.688000</ele>
  <time>2017-07-22T04:45:26Z</time>
</trkpt>
<trkpt lat="52.219551000" lon="87.153893000">
  <ele>552.907200</ele>
  <time>2017-07-22T04:45:31Z</time>
</trkpt>
<trkpt lat="52.219521000" lon="87.153880000">
  <ele>553.516800</ele>
  <time>2017-07-22T04:45:34Z</time>
</trkpt>
<trkpt lat="52.219477000" lon="87.153868000">
  <ele>554.126400</ele>
  <time>2017-07-22T04:45:37Z</time>
</trkpt>
<trkpt lat="52.219434000" lon="87.153867000">
  <ele>554.736000</ele>
  <time>2017-07-22T04:45:40Z</time>
</trkpt>
<trkpt lat="52.219408000" lon="87.153880000">
  <ele>555.650400</ele>
  <time>2017-07-22T04:45:45Z</time>
</trkpt>
<trkpt lat="52.219369000" lon="87.153856000">
  <ele>556.260000</ele>
  <time>2017-07-22T04:45:48Z</time>
</trkpt>
<trkpt lat="52.219364000" lon="87.153861000">
  <ele>557.174400</ele>
  <time>2017-07-22T04:45:52Z</time>
</trkpt>
<trkpt lat="52.219374000" lon="87.153846000">
  <ele>557.784000</ele>
  <time>2017-07-22T04:45:56Z</time>
</trkpt>
<trkpt lat="52.219358000" lon="87.153837000">
  <ele>559.003200</ele>
  <time>2017-07-22T04:46:01Z</time>
</trkpt>
<trkpt lat="52.219330000" lon="87.153849000">
  <ele>560.527200</ele>
  <time>2017-07-22T04:46:07Z</time>
</trkpt>
<trkpt lat="52.219304000" lon="87.153862000">
  <ele>562.051200</ele>
  <time>2017-07-22T04:46:13Z</time>
</trkpt>
<trkpt lat="52.219287000" lon="87.153891000">
  <ele>562.965600</ele>
  <time>2017-07-22T04:46:16Z</time>
</trkpt>
<trkpt lat="52.219259000" lon="87.153920000">
  <ele>563.575200</ele>
  <time>2017-07-22T04:46:20Z</time>
</trkpt>
<trkpt lat="52.219222000" lon="87.153951000">
  <ele>564.489600</ele>
  <time>2017-07-22T04:46:23Z</time>
</trkpt>
<trkpt lat="52.219168000" lon="87.153975000">
  <ele>565.099200</ele>
  <time>2017-07-22T04:46:26Z</time>
</trkpt>
<trkpt lat="52.219136000" lon="87.153994000">
  <ele>565.708800</ele>
  <time>2017-07-22T04:46:29Z</time>
</trkpt>
<trkpt lat="52.219138000" lon="87.154042000">
  <ele>566.623200</ele>
  <time>2017-07-22T04:46:33Z</time>
</trkpt>
<trkpt lat="52.219124000" lon="87.154077000">
  <ele>568.147200</ele>
  <time>2017-07-22T04:46:51Z</time>
</trkpt>
<trkpt lat="52.219063000" lon="87.154131000">
  <ele>568.756800</ele>
  <time>2017-07-22T04:46:54Z</time>
</trkpt>
<trkpt lat="52.219028000" lon="87.154118000">
  <ele>569.366400</ele>
  <time>2017-07-22T04:46:57Z</time>
</trkpt>
<trkpt lat="52.219007000" lon="87.154154000">
  <ele>569.976000</ele>
  <time>2017-07-22T04:47:00Z</time>
</trkpt>
<trkpt lat="52.218981000" lon="87.154179000">
  <ele>570.585600</ele>
  <time>2017-07-22T04:47:03Z</time>
</trkpt>
<trkpt lat="52.218967000" lon="87.154221000">
  <ele>571.195200</ele>
  <time>2017-07-22T04:47:06Z</time>
</trkpt>
<trkpt lat="52.218947000" lon="87.154264000">
  <ele>571.804800</ele>
  <time>2017-07-22T04:47:09Z</time>
</trkpt>
<trkpt lat="52.218894000" lon="87.154348000">
  <ele>572.414400</ele>
  <time>2017-07-22T04:47:12Z</time>
</trkpt>
<trkpt lat="52.218864000" lon="87.154376000">
  <ele>573.024000</ele>
  <time>2017-07-22T04:47:15Z</time>
</trkpt>
<trkpt lat="52.218860000" lon="87.154408000">
  <ele>573.938400</ele>
  <time>2017-07-22T04:47:20Z</time>
</trkpt>
<trkpt lat="52.218857000" lon="87.154442000">
  <ele>575.157600</ele>
  <time>2017-07-22T04:47:30Z</time>
</trkpt>
<trkpt lat="52.218891000" lon="87.154502000">
  <ele>575.767200</ele>
  <time>2017-07-22T04:47:33Z</time>
</trkpt>
<trkpt lat="52.218883000" lon="87.154573000">
  <ele>576.376800</ele>
  <time>2017-07-22T04:47:36Z</time>
</trkpt>
<trkpt lat="52.218867000" lon="87.154638000">
  <ele>576.681600</ele>
  <time>2017-07-22T04:47:39Z</time>
</trkpt>
<trkpt lat="52.218863000" lon="87.154690000">
  <ele>577.291200</ele>
  <time>2017-07-22T04:47:43Z</time>
</trkpt>
<trkpt lat="52.218862000" lon="87.154720000">
  <ele>577.900800</ele>
  <time>2017-07-22T04:47:46Z</time>
</trkpt>
<trkpt lat="52.218863000" lon="87.154804000">
  <ele>578.205600</ele>
  <time>2017-07-22T04:47:49Z</time>
</trkpt>
<trkpt lat="52.218868000" lon="87.154898000">
  <ele>578.815200</ele>
  <time>2017-07-22T04:47:52Z</time>
</trkpt>
<trkpt lat="52.218853000" lon="87.154940000">
  <ele>579.120000</ele>
  <time>2017-07-22T04:47:56Z</time>
</trkpt>
<trkpt lat="52.218827000" lon="87.154996000">
  <ele>579.729600</ele>
  <time>2017-07-22T04:47:59Z</time>
</trkpt>
<trkpt lat="52.218803000" lon="87.155037000">
  <ele>580.034400</ele>
  <time>2017-07-22T04:48:02Z</time>
</trkpt>
<trkpt lat="52.218775000" lon="87.155076000">
  <ele>580.339200</ele>
  <time>2017-07-22T04:48:05Z</time>
</trkpt>
<trkpt lat="52.218746000" lon="87.155123000">
  <ele>580.644000</ele>
  <time>2017-07-22T04:48:08Z</time>
</trkpt>
<trkpt lat="52.218741000" lon="87.155181000">
  <ele>580.948800</ele>
  <time>2017-07-22T04:48:11Z</time>
</trkpt>
<trkpt lat="52.218720000" lon="87.155221000">
  <ele>581.558400</ele>
  <time>2017-07-22T04:48:14Z</time>
</trkpt>
<trkpt lat="52.218701000" lon="87.155262000">
  <ele>581.558400</ele>
  <time>2017-07-22T04:48:17Z</time>
</trkpt>
<trkpt lat="52.218685000" lon="87.155301000">
  <ele>582.168000</ele>
  <time>2017-07-22T04:48:25Z</time>
</trkpt>
<trkpt lat="52.218672000" lon="87.155346000">
  <ele>582.777600</ele>
  <time>2017-07-22T04:48:28Z</time>
</trkpt>
<trkpt lat="52.218676000" lon="87.155406000">
  <ele>583.082400</ele>
  <time>2017-07-22T04:48:31Z</time>
</trkpt>
<trkpt lat="52.218671000" lon="87.155457000">
  <ele>583.692000</ele>
  <time>2017-07-22T04:48:35Z</time>
</trkpt>
<trkpt lat="52.218668000" lon="87.155488000">
  <ele>583.996800</ele>
  <time>2017-07-22T04:48:38Z</time>
</trkpt>
<trkpt lat="52.218688000" lon="87.155486000">
  <ele>584.911200</ele>
  <time>2017-07-22T04:48:43Z</time>
</trkpt>
<trkpt lat="52.218689000" lon="87.155529000">
  <ele>585.216000</ele>
  <time>2017-07-22T04:48:46Z</time>
</trkpt>
<trkpt lat="52.218709000" lon="87.155559000">
  <ele>586.130400</ele>
  <time>2017-07-22T04:48:51Z</time>
</trkpt>
<trkpt lat="52.218717000" lon="87.155565000">
  <ele>587.044800</ele>
  <time>2017-07-22T04:48:58Z</time>
</trkpt>
<trkpt lat="52.218738000" lon="87.155603000">
  <ele>587.349600</ele>
  <time>2017-07-22T04:49:01Z</time>
</trkpt>
<trkpt lat="52.218752000" lon="87.155673000">
  <ele>587.654400</ele>
  <time>2017-07-22T04:49:04Z</time>
</trkpt>
<trkpt lat="52.218760000" lon="87.155724000">
  <ele>587.959200</ele>
  <time>2017-07-22T04:49:07Z</time>
</trkpt>
<trkpt lat="52.218747000" lon="87.155763000">
  <ele>588.873600</ele>
  <time>2017-07-22T04:49:13Z</time>
</trkpt>
<trkpt lat="52.218743000" lon="87.155790000">
  <ele>589.788000</ele>
  <time>2017-07-22T04:49:20Z</time>
</trkpt>
<trkpt lat="52.218739000" lon="87.155838000">
  <ele>590.092800</ele>
  <time>2017-07-22T04:49:24Z</time>
</trkpt>
<trkpt lat="52.218742000" lon="87.155883000">
  <ele>590.702400</ele>
  <time>2017-07-22T04:49:29Z</time>
</trkpt>
<trkpt lat="52.218754000" lon="87.155919000">
  <ele>591.312000</ele>
  <time>2017-07-22T04:49:34Z</time>
</trkpt>
<trkpt lat="52.218763000" lon="87.155963000">
  <ele>591.616800</ele>
  <time>2017-07-22T04:49:37Z</time>
</trkpt>
<trkpt lat="52.218773000" lon="87.156010000">
  <ele>592.531200</ele>
  <time>2017-07-22T04:49:44Z</time>
</trkpt>
<trkpt lat="52.218817000" lon="87.156096000">
  <ele>592.836000</ele>
  <time>2017-07-22T04:49:47Z</time>
</trkpt>
<trkpt lat="52.218824000" lon="87.156149000">
  <ele>593.140800</ele>
  <time>2017-07-22T04:49:50Z</time>
</trkpt>
<trkpt lat="52.218825000" lon="87.156195000">
  <ele>594.055200</ele>
  <time>2017-07-22T04:49:55Z</time>
</trkpt>
<trkpt lat="52.218820000" lon="87.156243000">
  <ele>594.360000</ele>
  <time>2017-07-22T04:49:59Z</time>
</trkpt>
<trkpt lat="52.218821000" lon="87.156262000">
  <ele>595.274400</ele>
  <time>2017-07-22T04:50:17Z</time>
</trkpt>
<trkpt lat="52.218820000" lon="87.156276000">
  <ele>597.103200</ele>
  <time>2017-07-22T04:50:29Z</time>
</trkpt>
<trkpt lat="52.218826000" lon="87.156292000">
  <ele>597.712800</ele>
  <time>2017-07-22T04:50:47Z</time>
</trkpt>
<trkpt lat="52.218839000" lon="87.156300000">
  <ele>599.846400</ele>
  <time>2017-07-22T04:51:23Z</time>
</trkpt>
<trkpt lat="52.218847000" lon="87.156303000">
  <ele>601.675200</ele>
  <time>2017-07-22T04:51:58Z</time>
</trkpt>
<trkpt lat="52.218850000" lon="87.156309000">
  <ele>605.028000</ele>
  <time>2017-07-22T04:52:49Z</time>
</trkpt>
<trkpt lat="52.218846000" lon="87.156316000">
  <ele>608.076000</ele>
  <time>2017-07-22T04:53:58Z</time>
</trkpt>
<trkpt lat="52.218845000" lon="87.156293000">
  <ele>612.952800</ele>
  <time>2017-07-22T04:54:29Z</time>
</trkpt>
<trkpt lat="52.218837000" lon="87.156304000">
  <ele>615.696000</ele>
  <time>2017-07-22T04:54:48Z</time>
</trkpt>
<trkpt lat="52.218821000" lon="87.156306000">
  <ele>617.829600</ele>
  <time>2017-07-22T04:55:37Z</time>
</trkpt>
<trkpt lat="52.218808000" lon="87.156347000">
  <ele>619.658400</ele>
  <time>2017-07-22T04:55:49Z</time>
</trkpt>
<trkpt lat="52.218775000" lon="87.156416000">
  <ele>620.572800</ele>
  <time>2017-07-22T04:55:52Z</time>
</trkpt>
<trkpt lat="52.218747000" lon="87.156480000">
  <ele>621.182400</ele>
  <time>2017-07-22T04:55:55Z</time>
</trkpt>
<trkpt lat="52.218731000" lon="87.156523000">
  <ele>621.792000</ele>
  <time>2017-07-22T04:55:58Z</time>
</trkpt>
<trkpt lat="52.218705000" lon="87.156565000">
  <ele>622.706400</ele>
  <time>2017-07-22T04:56:01Z</time>
</trkpt>
<trkpt lat="52.218691000" lon="87.156626000">
  <ele>623.316000</ele>
  <time>2017-07-22T04:56:04Z</time>
</trkpt>
<trkpt lat="52.218690000" lon="87.156700000">
  <ele>623.925600</ele>
  <time>2017-07-22T04:56:07Z</time>
</trkpt>
<trkpt lat="52.218688000" lon="87.156740000">
  <ele>624.840000</ele>
  <time>2017-07-22T04:56:12Z</time>
</trkpt>
<trkpt lat="52.218687000" lon="87.156798000">
  <ele>625.449600</ele>
  <time>2017-07-22T04:56:15Z</time>
</trkpt>
<trkpt lat="52.218676000" lon="87.156847000">
  <ele>625.754400</ele>
  <time>2017-07-22T04:56:18Z</time>
</trkpt>
<trkpt lat="52.218676000" lon="87.156905000">
  <ele>626.364000</ele>
  <time>2017-07-22T04:56:22Z</time>
</trkpt>
<trkpt lat="52.218661000" lon="87.156942000">
  <ele>627.278400</ele>
  <time>2017-07-22T04:56:27Z</time>
</trkpt>
<trkpt lat="52.218636000" lon="87.156979000">
  <ele>627.583200</ele>
  <time>2017-07-22T04:56:31Z</time>
</trkpt>
<trkpt lat="52.218595000" lon="87.157043000">
  <ele>628.192800</ele>
  <time>2017-07-22T04:56:34Z</time>
</trkpt>
<trkpt lat="52.218589000" lon="87.157078000">
  <ele>628.802400</ele>
  <time>2017-07-22T04:56:39Z</time>
</trkpt>
<trkpt lat="52.218601000" lon="87.157128000">
  <ele>629.107200</ele>
  <time>2017-07-22T04:56:45Z</time>
</trkpt>
<trkpt lat="52.218598000" lon="87.157176000">
  <ele>629.716800</ele>
  <time>2017-07-22T04:56:49Z</time>
</trkpt>
<trkpt lat="52.218610000" lon="87.157212000">
  <ele>630.021600</ele>
  <time>2017-07-22T04:56:54Z</time>
</trkpt>
<trkpt lat="52.218630000" lon="87.157226000">
  <ele>630.631200</ele>
  <time>2017-07-22T04:57:00Z</time>
</trkpt>
<trkpt lat="52.218622000" lon="87.157210000">
  <ele>631.240800</ele>
  <time>2017-07-22T04:57:15Z</time>
</trkpt>
<trkpt lat="52.218646000" lon="87.157201000">
  <ele>631.545600</ele>
  <time>2017-07-22T04:57:32Z</time>
</trkpt>
<trkpt lat="52.218660000" lon="87.157205000">
  <ele>632.155200</ele>
  <time>2017-07-22T04:58:16Z</time>
</trkpt>
<trkpt lat="52.218673000" lon="87.157193000">
  <ele>633.069600</ele>
  <time>2017-07-22T04:59:18Z</time>
</trkpt>
<trkpt lat="52.218687000" lon="87.157185000">
  <ele>634.288800</ele>
  <time>2017-07-22T05:00:08Z</time>
</trkpt>
<trkpt lat="52.218665000" lon="87.157178000">
  <ele>634.593600</ele>
  <time>2017-07-22T05:00:26Z</time>
</trkpt>
<trkpt lat="52.218661000" lon="87.157181000">
  <ele>635.508000</ele>
  <time>2017-07-22T05:01:19Z</time>
</trkpt>
<trkpt lat="52.218653000" lon="87.157192000">
  <ele>636.727200</ele>
  <time>2017-07-22T05:02:24Z</time>
</trkpt>
<trkpt lat="52.218645000" lon="87.157242000">
  <ele>637.336800</ele>
  <time>2017-07-22T05:02:31Z</time>
</trkpt>
<trkpt lat="52.218627000" lon="87.157290000">
  <ele>637.946400</ele>
  <time>2017-07-22T05:02:35Z</time>
</trkpt>
<trkpt lat="52.218607000" lon="87.157325000">
  <ele>638.251200</ele>
  <time>2017-07-22T05:02:39Z</time>
</trkpt>
<trkpt lat="52.218572000" lon="87.157359000">
  <ele>638.556000</ele>
  <time>2017-07-22T05:02:42Z</time>
</trkpt>
<trkpt lat="52.218533000" lon="87.157360000">
  <ele>638.556000</ele>
  <time>2017-07-22T05:02:45Z</time>
</trkpt>
<trkpt lat="52.218494000" lon="87.157399000">
  <ele>638.860800</ele>
  <time>2017-07-22T05:02:48Z</time>
</trkpt>
<trkpt lat="52.218472000" lon="87.157431000">
  <ele>639.165600</ele>
  <time>2017-07-22T05:02:52Z</time>
</trkpt>
<trkpt lat="52.218444000" lon="87.157467000">
  <ele>639.470400</ele>
  <time>2017-07-22T05:02:56Z</time>
</trkpt>
<trkpt lat="52.218408000" lon="87.157486000">
  <ele>639.470400</ele>
  <time>2017-07-22T05:02:59Z</time>
</trkpt>
<trkpt lat="52.218372000" lon="87.157508000">
  <ele>639.775200</ele>
  <time>2017-07-22T05:03:02Z</time>
</trkpt>
<trkpt lat="52.218344000" lon="87.157525000">
  <ele>640.080000</ele>
  <time>2017-07-22T05:03:07Z</time>
</trkpt>
<trkpt lat="52.218325000" lon="87.157518000">
  <ele>640.384800</ele>
  <time>2017-07-22T05:03:15Z</time>
</trkpt>
<trkpt lat="52.218294000" lon="87.157528000">
  <ele>640.384800</ele>
  <time>2017-07-22T05:03:22Z</time>
</trkpt>
<trkpt lat="52.218272000" lon="87.157484000">
  <ele>640.689600</ele>
  <time>2017-07-22T05:03:25Z</time>
</trkpt>
<trkpt lat="52.218264000" lon="87.157433000">
  <ele>640.689600</ele>
  <time>2017-07-22T05:03:28Z</time>
</trkpt>
<trkpt lat="52.218237000" lon="87.157456000">
  <ele>640.994400</ele>
  <time>2017-07-22T05:03:34Z</time>
</trkpt>
<trkpt lat="52.218212000" lon="87.157481000">
  <ele>640.994400</ele>
  <time>2017-07-22T05:03:38Z</time>
</trkpt>
<trkpt lat="52.218153000" lon="87.157542000">
  <ele>640.994400</ele>
  <time>2017-07-22T05:03:41Z</time>
</trkpt>
<trkpt lat="52.218117000" lon="87.157579000">
  <ele>641.299200</ele>
  <time>2017-07-22T05:03:44Z</time>
</trkpt>
<trkpt lat="52.218089000" lon="87.157589000">
  <ele>641.604000</ele>
  <time>2017-07-22T05:03:50Z</time>
</trkpt>
<trkpt lat="52.218075000" lon="87.157617000">
  <ele>641.908800</ele>
  <time>2017-07-22T05:04:07Z</time>
</trkpt>
<trkpt lat="52.218070000" lon="87.157657000">
  <ele>642.213600</ele>
  <time>2017-07-22T05:04:25Z</time>
</trkpt>
<trkpt lat="52.218039000" lon="87.157634000">
  <ele>642.518400</ele>
  <time>2017-07-22T05:04:28Z</time>
</trkpt>
<trkpt lat="52.218018000" lon="87.157629000">
  <ele>642.823200</ele>
  <time>2017-07-22T05:04:37Z</time>
</trkpt>
<trkpt lat="52.218001000" lon="87.157626000">
  <ele>643.128000</ele>
  <time>2017-07-22T05:05:30Z</time>
</trkpt>
<trkpt lat="52.217997000" lon="87.157664000">
  <ele>643.432800</ele>
  <time>2017-07-22T05:05:48Z</time>
</trkpt>
<trkpt lat="52.217987000" lon="87.157700000">
  <ele>643.737600</ele>
  <time>2017-07-22T05:06:10Z</time>
</trkpt>
<trkpt lat="52.217985000" lon="87.157723000">
  <ele>644.042400</ele>
  <time>2017-07-22T05:06:29Z</time>
</trkpt>
<trkpt lat="52.217987000" lon="87.157749000">
  <ele>644.042400</ele>
  <time>2017-07-22T05:06:32Z</time>
</trkpt>
<trkpt lat="52.217964000" lon="87.157723000">
  <ele>644.652000</ele>
  <time>2017-07-22T05:06:59Z</time>
</trkpt>
<trkpt lat="52.217941000" lon="87.157752000">
  <ele>645.261600</ele>
  <time>2017-07-22T05:07:04Z</time>
</trkpt>
<trkpt lat="52.217917000" lon="87.157781000">
  <ele>645.566400</ele>
  <time>2017-07-22T05:07:09Z</time>
</trkpt>
<trkpt lat="52.217891000" lon="87.157809000">
  <ele>645.566400</ele>
  <time>2017-07-22T05:07:12Z</time>
</trkpt>
<trkpt lat="52.217861000" lon="87.157867000">
  <ele>645.871200</ele>
  <time>2017-07-22T05:07:15Z</time>
</trkpt>
<trkpt lat="52.217832000" lon="87.157931000">
  <ele>646.176000</ele>
  <time>2017-07-22T05:07:18Z</time>
</trkpt>
<trkpt lat="52.217815000" lon="87.157986000">
  <ele>646.176000</ele>
  <time>2017-07-22T05:07:21Z</time>
</trkpt>
<trkpt lat="52.217800000" lon="87.158041000">
  <ele>646.480800</ele>
  <time>2017-07-22T05:07:24Z</time>
</trkpt>
<trkpt lat="52.217784000" lon="87.158086000">
  <ele>646.480800</ele>
  <time>2017-07-22T05:07:27Z</time>
</trkpt>
<trkpt lat="52.217775000" lon="87.158096000">
  <ele>646.785600</ele>
  <time>2017-07-22T05:07:39Z</time>
</trkpt>
<trkpt lat="52.217769000" lon="87.158110000">
  <ele>647.090400</ele>
  <time>2017-07-22T05:08:06Z</time>
</trkpt>
<trkpt lat="52.217753000" lon="87.158147000">
  <ele>647.395200</ele>
  <time>2017-07-22T05:08:10Z</time>
</trkpt>
<trkpt lat="52.217741000" lon="87.158189000">
  <ele>647.395200</ele>
  <time>2017-07-22T05:08:14Z</time>
</trkpt>
<trkpt lat="52.217741000" lon="87.158228000">
  <ele>647.700000</ele>
  <time>2017-07-22T05:08:18Z</time>
</trkpt>
<trkpt lat="52.217752000" lon="87.158243000">
  <ele>648.004800</ele>
  <time>2017-07-22T05:08:21Z</time>
</trkpt>
<trkpt lat="52.217733000" lon="87.158284000">
  <ele>648.004800</ele>
  <time>2017-07-22T05:08:25Z</time>
</trkpt>
<trkpt lat="52.217716000" lon="87.158332000">
  <ele>648.309600</ele>
  <time>2017-07-22T05:08:29Z</time>
</trkpt>
<trkpt lat="52.217707000" lon="87.158351000">
  <ele>648.309600</ele>
  <time>2017-07-22T05:08:38Z</time>
</trkpt>
<trkpt lat="52.217697000" lon="87.158393000">
  <ele>648.614400</ele>
  <time>2017-07-22T05:08:42Z</time>
</trkpt>
<trkpt lat="52.217681000" lon="87.158437000">
  <ele>648.614400</ele>
  <time>2017-07-22T05:08:45Z</time>
</trkpt>
<trkpt lat="52.217660000" lon="87.158499000">
  <ele>648.919200</ele>
  <time>2017-07-22T05:08:48Z</time>
</trkpt>
<trkpt lat="52.217666000" lon="87.158535000">
  <ele>648.919200</ele>
  <time>2017-07-22T05:08:51Z</time>
</trkpt>
<trkpt lat="52.217656000" lon="87.158585000">
  <ele>648.919200</ele>
  <time>2017-07-22T05:08:54Z</time>
</trkpt>
<trkpt lat="52.217647000" lon="87.158643000">
  <ele>649.224000</ele>
  <time>2017-07-22T05:08:57Z</time>
</trkpt>
<trkpt lat="52.217635000" lon="87.158729000">
  <ele>649.224000</ele>
  <time>2017-07-22T05:09:00Z</time>
</trkpt>
<trkpt lat="52.217632000" lon="87.158778000">
  <ele>649.528800</ele>
  <time>2017-07-22T05:09:03Z</time>
</trkpt>
<trkpt lat="52.217621000" lon="87.158822000">
  <ele>649.528800</ele>
  <time>2017-07-22T05:09:08Z</time>
</trkpt>
<trkpt lat="52.217631000" lon="87.158830000">
  <ele>649.833600</ele>
  <time>2017-07-22T05:09:15Z</time>
</trkpt>
<trkpt lat="52.217632000" lon="87.158839000">
  <ele>650.138400</ele>
  <time>2017-07-22T05:09:20Z</time>
</trkpt>
<trkpt lat="52.217608000" lon="87.158856000">
  <ele>650.138400</ele>
  <time>2017-07-22T05:09:23Z</time>
</trkpt>
<trkpt lat="52.217593000" lon="87.158903000">
  <ele>650.443200</ele>
  <time>2017-07-22T05:09:28Z</time>
</trkpt>
<trkpt lat="52.217590000" lon="87.158930000">
  <ele>650.748000</ele>
  <time>2017-07-22T05:09:33Z</time>
</trkpt>
<trkpt lat="52.217573000" lon="87.158968000">
  <ele>651.052800</ele>
  <time>2017-07-22T05:09:38Z</time>
</trkpt>
<trkpt lat="52.217567000" lon="87.159010000">
  <ele>651.052800</ele>
  <time>2017-07-22T05:09:42Z</time>
</trkpt>
<trkpt lat="52.217545000" lon="87.159079000">
  <ele>651.357600</ele>
  <time>2017-07-22T05:09:45Z</time>
</trkpt>
<trkpt lat="52.217533000" lon="87.159114000">
  <ele>651.357600</ele>
  <time>2017-07-22T05:09:48Z</time>
</trkpt>
<trkpt lat="52.217527000" lon="87.159134000">
  <ele>651.967200</ele>
  <time>2017-07-22T05:09:53Z</time>
</trkpt>
<trkpt lat="52.217516000" lon="87.159162000">
  <ele>651.967200</ele>
  <time>2017-07-22T05:09:59Z</time>
</trkpt>
<trkpt lat="52.217485000" lon="87.159197000">
  <ele>652.272000</ele>
  <time>2017-07-22T05:10:02Z</time>
</trkpt>
<trkpt lat="52.217466000" lon="87.159222000">
  <ele>652.576800</ele>
  <time>2017-07-22T05:10:06Z</time>
</trkpt>
<trkpt lat="52.217467000" lon="87.159269000">
  <ele>652.881600</ele>
  <time>2017-07-22T05:10:10Z</time>
</trkpt>
<trkpt lat="52.217446000" lon="87.159308000">
  <ele>653.186400</ele>
  <time>2017-07-22T05:10:13Z</time>
</trkpt>
<trkpt lat="52.217424000" lon="87.159337000">
  <ele>653.491200</ele>
  <time>2017-07-22T05:10:16Z</time>
</trkpt>
<trkpt lat="52.217401000" lon="87.159372000">
  <ele>654.100800</ele>
  <time>2017-07-22T05:10:19Z</time>
</trkpt>
<trkpt lat="52.217391000" lon="87.159397000">
  <ele>654.710400</ele>
  <time>2017-07-22T05:10:24Z</time>
</trkpt>
<trkpt lat="52.217370000" lon="87.159404000">
  <ele>655.320000</ele>
  <time>2017-07-22T05:10:30Z</time>
</trkpt>
<trkpt lat="52.217351000" lon="87.159441000">
  <ele>655.929600</ele>
  <time>2017-07-22T05:10:34Z</time>
</trkpt>
<trkpt lat="52.217329000" lon="87.159484000">
  <ele>656.539200</ele>
  <time>2017-07-22T05:10:37Z</time>
</trkpt>
<trkpt lat="52.217291000" lon="87.159513000">
  <ele>656.844000</ele>
  <time>2017-07-22T05:10:40Z</time>
</trkpt>
<trkpt lat="52.217292000" lon="87.159520000">
  <ele>657.453600</ele>
  <time>2017-07-22T05:10:49Z</time>
</trkpt>
<trkpt lat="52.217253000" lon="87.159562000">
  <ele>658.063200</ele>
  <time>2017-07-22T05:10:53Z</time>
</trkpt>
<trkpt lat="52.217242000" lon="87.159559000">
  <ele>659.282400</ele>
  <time>2017-07-22T05:11:05Z</time>
</trkpt>
<trkpt lat="52.217238000" lon="87.159591000">
  <ele>660.806400</ele>
  <time>2017-07-22T05:11:10Z</time>
</trkpt>
<trkpt lat="52.217231000" lon="87.159630000">
  <ele>662.940000</ele>
  <time>2017-07-22T05:11:17Z</time>
</trkpt>
<trkpt lat="52.217211000" lon="87.159650000">
  <ele>665.073600</ele>
  <time>2017-07-22T05:11:23Z</time>
</trkpt>
<trkpt lat="52.217200000" lon="87.159677000">
  <ele>665.988000</ele>
  <time>2017-07-22T05:11:29Z</time>
</trkpt>
<trkpt lat="52.217189000" lon="87.159709000">
  <ele>667.207200</ele>
  <time>2017-07-22T05:11:35Z</time>
</trkpt>
<trkpt lat="52.217168000" lon="87.159736000">
  <ele>670.255200</ele>
  <time>2017-07-22T05:11:45Z</time>
</trkpt>
<trkpt lat="52.217161000" lon="87.159767000">
  <ele>671.779200</ele>
  <time>2017-07-22T05:11:54Z</time>
</trkpt>
<trkpt lat="52.217136000" lon="87.159774000">
  <ele>673.303200</ele>
  <time>2017-07-22T05:11:58Z</time>
</trkpt>
<trkpt lat="52.217103000" lon="87.159801000">
  <ele>673.608000</ele>
  <time>2017-07-22T05:12:03Z</time>
</trkpt>
<trkpt lat="52.217088000" lon="87.159822000">
  <ele>674.217600</ele>
  <time>2017-07-22T05:12:19Z</time>
</trkpt>
<trkpt lat="52.217084000" lon="87.159847000">
  <ele>675.436800</ele>
  <time>2017-07-22T05:12:40Z</time>
</trkpt>
<trkpt lat="52.217069000" lon="87.159880000">
  <ele>678.484800</ele>
  <time>2017-07-22T05:12:53Z</time>
</trkpt>
<trkpt lat="52.217089000" lon="87.159872000">
  <ele>680.313600</ele>
  <time>2017-07-22T05:13:04Z</time>
</trkpt>
<trkpt lat="52.217077000" lon="87.159923000">
  <ele>685.800000</ele>
  <time>2017-07-22T05:13:27Z</time>
</trkpt>
<trkpt lat="52.217075000" lon="87.159967000">
  <ele>687.933600</ele>
  <time>2017-07-22T05:13:32Z</time>
</trkpt>
<trkpt lat="52.217069000" lon="87.160000000">
  <ele>690.676800</ele>
  <time>2017-07-22T05:13:38Z</time>
</trkpt>
<trkpt lat="52.217046000" lon="87.160030000">
  <ele>693.420000</ele>
  <time>2017-07-22T05:13:45Z</time>
</trkpt>
<trkpt lat="52.217049000" lon="87.160034000">
  <ele>694.334400</ele>
  <time>2017-07-22T05:13:48Z</time>
</trkpt>
<trkpt lat="52.217085000" lon="87.160010000">
  <ele>695.248800</ele>
  <time>2017-07-22T05:13:51Z</time>
</trkpt>
<trkpt lat="52.217097000" lon="87.160023000">
  <ele>697.077600</ele>
  <time>2017-07-22T05:13:57Z</time>
</trkpt>
<trkpt lat="52.217123000" lon="87.160031000">
  <ele>698.906400</ele>
  <time>2017-07-22T05:14:02Z</time>
</trkpt>
<trkpt lat="52.217150000" lon="87.160058000">
  <ele>699.820800</ele>
  <time>2017-07-22T05:14:05Z</time>
</trkpt>
<trkpt lat="52.217165000" lon="87.160091000">
  <ele>701.040000</ele>
  <time>2017-07-22T05:14:09Z</time>
</trkpt>
<trkpt lat="52.217149000" lon="87.160142000">
  <ele>701.954400</ele>
  <time>2017-07-22T05:14:12Z</time>
</trkpt>
<trkpt lat="52.217159000" lon="87.160170000">
  <ele>703.783200</ele>
  <time>2017-07-22T05:14:19Z</time>
</trkpt>
<trkpt lat="52.217168000" lon="87.160197000">
  <ele>705.307200</ele>
  <time>2017-07-22T05:14:25Z</time>
</trkpt>
<trkpt lat="52.217185000" lon="87.160197000">
  <ele>706.221600</ele>
  <time>2017-07-22T05:14:31Z</time>
</trkpt>
<trkpt lat="52.217193000" lon="87.160217000">
  <ele>708.050400</ele>
  <time>2017-07-22T05:14:40Z</time>
</trkpt>
<trkpt lat="52.217209000" lon="87.160217000">
  <ele>708.964800</ele>
  <time>2017-07-22T05:14:45Z</time>
</trkpt>
<trkpt lat="52.217228000" lon="87.160220000">
  <ele>710.488800</ele>
  <time>2017-07-22T05:14:52Z</time>
</trkpt>
<trkpt lat="52.217250000" lon="87.160245000">
  <ele>710.793600</ele>
  <time>2017-07-22T05:14:55Z</time>
</trkpt>
<trkpt lat="52.217273000" lon="87.160253000">
  <ele>711.403200</ele>
  <time>2017-07-22T05:15:05Z</time>
</trkpt>
<trkpt lat="52.217300000" lon="87.160230000">
  <ele>712.012800</ele>
  <time>2017-07-22T05:15:09Z</time>
</trkpt>
<trkpt lat="52.217319000" lon="87.160222000">
  <ele>712.927200</ele>
  <time>2017-07-22T05:15:14Z</time>
</trkpt>
<trkpt lat="52.217334000" lon="87.160256000">
  <ele>714.451200</ele>
  <time>2017-07-22T05:15:21Z</time>
</trkpt>
<trkpt lat="52.217333000" lon="87.160281000">
  <ele>715.060800</ele>
  <time>2017-07-22T05:15:25Z</time>
</trkpt>
<trkpt lat="52.217355000" lon="87.160295000">
  <ele>715.975200</ele>
  <time>2017-07-22T05:15:31Z</time>
</trkpt>
<trkpt lat="52.217347000" lon="87.160331000">
  <ele>716.889600</ele>
  <time>2017-07-22T05:15:38Z</time>
</trkpt>
<trkpt lat="52.217324000" lon="87.160383000">
  <ele>717.499200</ele>
  <time>2017-07-22T05:15:42Z</time>
</trkpt>
<trkpt lat="52.217303000" lon="87.160425000">
  <ele>718.108800</ele>
  <time>2017-07-22T05:15:45Z</time>
</trkpt>
<trkpt lat="52.217302000" lon="87.160467000">
  <ele>718.718400</ele>
  <time>2017-07-22T05:15:50Z</time>
</trkpt>
<trkpt lat="52.217316000" lon="87.160516000">
  <ele>719.328000</ele>
  <time>2017-07-22T05:15:56Z</time>
</trkpt>
<trkpt lat="52.217320000" lon="87.160561000">
  <ele>720.242400</ele>
  <time>2017-07-22T05:16:02Z</time>
</trkpt>
<trkpt lat="52.217338000" lon="87.160594000">
  <ele>720.852000</ele>
  <time>2017-07-22T05:16:06Z</time>
</trkpt>
<trkpt lat="52.217340000" lon="87.160591000">
  <ele>721.156800</ele>
  <time>2017-07-22T05:16:11Z</time>
</trkpt>
<trkpt lat="52.217346000" lon="87.160623000">
  <ele>722.071200</ele>
  <time>2017-07-22T05:16:18Z</time>
</trkpt>
<trkpt lat="52.217361000" lon="87.160669000">
  <ele>722.376000</ele>
  <time>2017-07-22T05:16:22Z</time>
</trkpt>
<trkpt lat="52.217347000" lon="87.160738000">
  <ele>722.680800</ele>
  <time>2017-07-22T05:16:25Z</time>
</trkpt>
<trkpt lat="52.217337000" lon="87.160781000">
  <ele>723.290400</ele>
  <time>2017-07-22T05:16:32Z</time>
</trkpt>
<trkpt lat="52.217324000" lon="87.160826000">
  <ele>723.595200</ele>
  <time>2017-07-22T05:16:35Z</time>
</trkpt>
<trkpt lat="52.217297000" lon="87.160895000">
  <ele>724.204800</ele>
  <time>2017-07-22T05:16:38Z</time>
</trkpt>
<trkpt lat="52.217265000" lon="87.160971000">
  <ele>724.509600</ele>
  <time>2017-07-22T05:16:41Z</time>
</trkpt>
<trkpt lat="52.217250000" lon="87.161001000">
  <ele>726.948000</ele>
  <time>2017-07-22T05:16:50Z</time>
</trkpt>
<trkpt lat="52.217241000" lon="87.160963000">
  <ele>727.557600</ele>
  <time>2017-07-22T05:16:58Z</time>
</trkpt>
<trkpt lat="52.217223000" lon="87.160987000">
  <ele>728.167200</ele>
  <time>2017-07-22T05:17:05Z</time>
</trkpt>
<trkpt lat="52.217218000" lon="87.161008000">
  <ele>728.472000</ele>
  <time>2017-07-22T05:17:10Z</time>
</trkpt>
<trkpt lat="52.217207000" lon="87.161016000">
  <ele>728.776800</ele>
  <time>2017-07-22T05:17:14Z</time>
</trkpt>
<trkpt lat="52.217202000" lon="87.161029000">
  <ele>729.081600</ele>
  <time>2017-07-22T05:17:19Z</time>
</trkpt>
<trkpt lat="52.217192000" lon="87.161060000">
  <ele>729.386400</ele>
  <time>2017-07-22T05:17:23Z</time>
</trkpt>
<trkpt lat="52.217158000" lon="87.161090000">
  <ele>729.691200</ele>
  <time>2017-07-22T05:17:26Z</time>
</trkpt>
<trkpt lat="52.217150000" lon="87.161129000">
  <ele>729.996000</ele>
  <time>2017-07-22T05:17:30Z</time>
</trkpt>
<trkpt lat="52.217143000" lon="87.161103000">
  <ele>730.300800</ele>
  <time>2017-07-22T05:17:35Z</time>
</trkpt>
<trkpt lat="52.217135000" lon="87.161047000">
  <ele>730.605600</ele>
  <time>2017-07-22T05:17:40Z</time>
</trkpt>
<trkpt lat="52.217138000" lon="87.161026000">
  <ele>730.910400</ele>
  <time>2017-07-22T05:17:46Z</time>
</trkpt>
<trkpt lat="52.217132000" lon="87.161059000">
  <ele>731.520000</ele>
  <time>2017-07-22T05:17:52Z</time>
</trkpt>
<trkpt lat="52.217128000" lon="87.161053000">
  <ele>731.824800</ele>
  <time>2017-07-22T05:17:58Z</time>
</trkpt>
<trkpt lat="52.217127000" lon="87.161115000">
  <ele>732.129600</ele>
  <time>2017-07-22T05:18:01Z</time>
</trkpt>
<trkpt lat="52.217102000" lon="87.161116000">
  <ele>732.434400</ele>
  <time>2017-07-22T05:18:07Z</time>
</trkpt>
<trkpt lat="52.217084000" lon="87.161119000">
  <ele>732.739200</ele>
  <time>2017-07-22T05:18:14Z</time>
</trkpt>
<trkpt lat="52.217092000" lon="87.161073000">
  <ele>733.044000</ele>
  <time>2017-07-22T05:18:17Z</time>
</trkpt>
<trkpt lat="52.217115000" lon="87.160920000">
  <ele>733.348800</ele>
  <time>2017-07-22T05:18:20Z</time>
</trkpt>
<trkpt lat="52.217120000" lon="87.160886000">
  <ele>733.653600</ele>
  <time>2017-07-22T05:18:23Z</time>
</trkpt>
<trkpt lat="52.217089000" lon="87.160887000">
  <ele>733.958400</ele>
  <time>2017-07-22T05:18:26Z</time>
</trkpt>
<trkpt lat="52.217062000" lon="87.160902000">
  <ele>734.568000</ele>
  <time>2017-07-22T05:18:32Z</time>
</trkpt>
<trkpt lat="52.217059000" lon="87.160865000">
  <ele>735.482400</ele>
  <time>2017-07-22T05:18:39Z</time>
</trkpt>
<trkpt lat="52.217100000" lon="87.160803000">
  <ele>736.092000</ele>
  <time>2017-07-22T05:18:42Z</time>
</trkpt>
<trkpt lat="52.217110000" lon="87.160776000">
  <ele>737.006400</ele>
  <time>2017-07-22T05:18:50Z</time>
</trkpt>
<trkpt lat="52.217130000" lon="87.160743000">
  <ele>737.311200</ele>
  <time>2017-07-22T05:18:53Z</time>
</trkpt>
<trkpt lat="52.217140000" lon="87.160723000">
  <ele>737.920800</ele>
  <time>2017-07-22T05:18:57Z</time>
</trkpt>
<trkpt lat="52.217113000" lon="87.160698000">
  <ele>739.140000</ele>
  <time>2017-07-22T05:19:08Z</time>
</trkpt>
<trkpt lat="52.217076000" lon="87.160667000">
  <ele>739.444800</ele>
  <time>2017-07-22T05:19:11Z</time>
</trkpt>
<trkpt lat="52.217049000" lon="87.160652000">
  <ele>740.054400</ele>
  <time>2017-07-22T05:19:23Z</time>
</trkpt>
<trkpt lat="52.217025000" lon="87.160637000">
  <ele>740.968800</ele>
  <time>2017-07-22T05:19:43Z</time>
</trkpt>
<trkpt lat="52.217020000" lon="87.160612000">
  <ele>742.492800</ele>
  <time>2017-07-22T05:20:01Z</time>
</trkpt>
<trkpt lat="52.216980000" lon="87.160633000">
  <ele>743.712000</ele>
  <time>2017-07-22T05:20:04Z</time>
</trkpt>
<trkpt lat="52.216957000" lon="87.160629000">
  <ele>745.540800</ele>
  <time>2017-07-22T05:20:10Z</time>
</trkpt>
<trkpt lat="52.216936000" lon="87.160603000">
  <ele>746.760000</ele>
  <time>2017-07-22T05:20:24Z</time>
</trkpt>
<trkpt lat="52.216919000" lon="87.160605000">
  <ele>748.588800</ele>
  <time>2017-07-22T05:20:38Z</time>
</trkpt>
<trkpt lat="52.216914000" lon="87.160556000">
  <ele>750.112800</ele>
  <time>2017-07-22T05:20:47Z</time>
</trkpt>
<trkpt lat="52.216897000" lon="87.160529000">
  <ele>751.636800</ele>
  <time>2017-07-22T05:20:51Z</time>
</trkpt>
<trkpt lat="52.216884000" lon="87.160500000">
  <ele>753.160800</ele>
  <time>2017-07-22T05:21:11Z</time>
</trkpt>
<trkpt lat="52.216869000" lon="87.160496000">
  <ele>755.294400</ele>
  <time>2017-07-22T05:21:42Z</time>
</trkpt>
<trkpt lat="52.216859000" lon="87.160501000">
  <ele>757.732800</ele>
  <time>2017-07-22T05:22:43Z</time>
</trkpt>
<trkpt lat="52.216865000" lon="87.160529000">
  <ele>759.866400</ele>
  <time>2017-07-22T05:22:52Z</time>
</trkpt>
<trkpt lat="52.216844000" lon="87.160570000">
  <ele>761.695200</ele>
  <time>2017-07-22T05:22:57Z</time>
</trkpt>
<trkpt lat="52.216828000" lon="87.160605000">
  <ele>762.914400</ele>
  <time>2017-07-22T05:23:01Z</time>
</trkpt>
<trkpt lat="52.216801000" lon="87.160624000">
  <ele>765.048000</ele>
  <time>2017-07-22T05:23:09Z</time>
</trkpt>
<trkpt lat="52.216779000" lon="87.160650000">
  <ele>766.572000</ele>
  <time>2017-07-22T05:23:15Z</time>
</trkpt>
<trkpt lat="52.216755000" lon="87.160626000">
  <ele>767.791200</ele>
  <time>2017-07-22T05:23:44Z</time>
</trkpt>
<trkpt lat="52.216739000" lon="87.160633000">
  <ele>769.315200</ele>
  <time>2017-07-22T05:24:14Z</time>
</trkpt>
<trkpt lat="52.216717000" lon="87.160621000">
  <ele>771.448800</ele>
  <time>2017-07-22T05:25:23Z</time>
</trkpt>
<trkpt lat="52.216699000" lon="87.160644000">
  <ele>772.972800</ele>
  <time>2017-07-22T05:25:41Z</time>
</trkpt>
<trkpt lat="52.216702000" lon="87.160649000">
  <ele>774.192000</ele>
  <time>2017-07-22T05:26:43Z</time>
</trkpt>
<trkpt lat="52.216713000" lon="87.160667000">
  <ele>775.106400</ele>
  <time>2017-07-22T05:27:00Z</time>
</trkpt>
<trkpt lat="52.216712000" lon="87.160660000">
  <ele>777.240000</ele>
  <time>2017-07-22T05:28:32Z</time>
</trkpt>
<trkpt lat="52.216707000" lon="87.160662000">
  <ele>778.154400</ele>
  <time>2017-07-22T05:28:45Z</time>
</trkpt>
<trkpt lat="52.216710000" lon="87.160663000">
  <ele>779.678400</ele>
  <time>2017-07-22T05:29:33Z</time>
</trkpt>
<trkpt lat="52.216701000" lon="87.160685000">
  <ele>779.983200</ele>
  <time>2017-07-22T05:30:09Z</time>
</trkpt>
<trkpt lat="52.216695000" lon="87.160718000">
  <ele>780.592800</ele>
  <time>2017-07-22T05:30:43Z</time>
</trkpt>
<trkpt lat="52.216693000" lon="87.160762000">
  <ele>780.897600</ele>
  <time>2017-07-22T05:30:50Z</time>
</trkpt>
<trkpt lat="52.216677000" lon="87.160733000">
  <ele>782.116800</ele>
  <time>2017-07-22T05:31:13Z</time>
</trkpt>
<trkpt lat="52.216665000" lon="87.160722000">
  <ele>783.640800</ele>
  <time>2017-07-22T05:31:25Z</time>
</trkpt>
<trkpt lat="52.216645000" lon="87.160687000">
  <ele>783.945600</ele>
  <time>2017-07-22T05:31:29Z</time>
</trkpt>
<trkpt lat="52.216621000" lon="87.160697000">
  <ele>784.555200</ele>
  <time>2017-07-22T05:31:34Z</time>
</trkpt>
<trkpt lat="52.216595000" lon="87.160734000">
  <ele>784.860000</ele>
  <time>2017-07-22T05:31:38Z</time>
</trkpt>
<trkpt lat="52.216565000" lon="87.160749000">
  <ele>785.469600</ele>
  <time>2017-07-22T05:31:42Z</time>
</trkpt>
<trkpt lat="52.216526000" lon="87.160765000">
  <ele>785.774400</ele>
  <time>2017-07-22T05:31:45Z</time>
</trkpt>
<trkpt lat="52.216491000" lon="87.160782000">
  <ele>786.079200</ele>
  <time>2017-07-22T05:31:49Z</time>
</trkpt>
<trkpt lat="52.216454000" lon="87.160802000">
  <ele>786.384000</ele>
  <time>2017-07-22T05:31:53Z</time>
</trkpt>
<trkpt lat="52.216415000" lon="87.160831000">
  <ele>786.384000</ele>
  <time>2017-07-22T05:31:56Z</time>
</trkpt>
<trkpt lat="52.216383000" lon="87.160842000">
  <ele>786.688800</ele>
  <time>2017-07-22T05:31:59Z</time>
</trkpt>
<trkpt lat="52.216355000" lon="87.160855000">
  <ele>786.993600</ele>
  <time>2017-07-22T05:32:03Z</time>
</trkpt>
<trkpt lat="52.216338000" lon="87.160843000">
  <ele>786.993600</ele>
  <time>2017-07-22T05:32:24Z</time>
</trkpt>
<trkpt lat="52.216321000" lon="87.160820000">
  <ele>787.603200</ele>
  <time>2017-07-22T05:32:35Z</time>
</trkpt>
<trkpt lat="52.216318000" lon="87.160802000">
  <ele>787.908000</ele>
  <time>2017-07-22T05:32:46Z</time>
</trkpt>
<trkpt lat="52.216293000" lon="87.160823000">
  <ele>788.212800</ele>
  <time>2017-07-22T05:32:49Z</time>
</trkpt>
<trkpt lat="52.216260000" lon="87.160845000">
  <ele>788.212800</ele>
  <time>2017-07-22T05:32:52Z</time>
</trkpt>
<trkpt lat="52.216233000" lon="87.160858000">
  <ele>788.517600</ele>
  <time>2017-07-22T05:32:55Z</time>
</trkpt>
<trkpt lat="52.216204000" lon="87.160903000">
  <ele>788.517600</ele>
  <time>2017-07-22T05:32:59Z</time>
</trkpt>
<trkpt lat="52.216172000" lon="87.160930000">
  <ele>788.822400</ele>
  <time>2017-07-22T05:33:02Z</time>
</trkpt>
<trkpt lat="52.216146000" lon="87.160932000">
  <ele>788.822400</ele>
  <time>2017-07-22T05:33:07Z</time>
</trkpt>
<trkpt lat="52.216115000" lon="87.160945000">
  <ele>789.127200</ele>
  <time>2017-07-22T05:33:10Z</time>
</trkpt>
<trkpt lat="52.216081000" lon="87.160949000">
  <ele>789.127200</ele>
  <time>2017-07-22T05:33:15Z</time>
</trkpt>
<trkpt lat="52.216053000" lon="87.160970000">
  <ele>789.432000</ele>
  <time>2017-07-22T05:33:18Z</time>
</trkpt>
<trkpt lat="52.216030000" lon="87.160997000">
  <ele>789.432000</ele>
  <time>2017-07-22T05:33:21Z</time>
</trkpt>
<trkpt lat="52.216003000" lon="87.161027000">
  <ele>789.432000</ele>
  <time>2017-07-22T05:33:24Z</time>
</trkpt>
<trkpt lat="52.215966000" lon="87.161049000">
  <ele>789.736800</ele>
  <time>2017-07-22T05:33:28Z</time>
</trkpt>
<trkpt lat="52.215930000" lon="87.161069000">
  <ele>789.736800</ele>
  <time>2017-07-22T05:33:31Z</time>
</trkpt>
<trkpt lat="52.215901000" lon="87.161073000">
  <ele>789.736800</ele>
  <time>2017-07-22T05:33:35Z</time>
</trkpt>
<trkpt lat="52.215878000" lon="87.161083000">
  <ele>790.041600</ele>
  <time>2017-07-22T05:33:41Z</time>
</trkpt>
<trkpt lat="52.215845000" lon="87.161095000">
  <ele>790.041600</ele>
  <time>2017-07-22T05:33:45Z</time>
</trkpt>
<trkpt lat="52.215812000" lon="87.161114000">
  <ele>790.041600</ele>
  <time>2017-07-22T05:33:48Z</time>
</trkpt>
<trkpt lat="52.215767000" lon="87.161137000">
  <ele>790.346400</ele>
  <time>2017-07-22T05:33:51Z</time>
</trkpt>
<trkpt lat="52.215736000" lon="87.161150000">
  <ele>790.346400</ele>
  <time>2017-07-22T05:33:54Z</time>
</trkpt>
<trkpt lat="52.215709000" lon="87.161128000">
  <ele>790.346400</ele>
  <time>2017-07-22T05:33:57Z</time>
</trkpt>
<trkpt lat="52.215714000" lon="87.161116000">
  <ele>790.651200</ele>
  <time>2017-07-22T05:34:13Z</time>
</trkpt>
<trkpt lat="52.215685000" lon="87.161132000">
  <ele>790.651200</ele>
  <time>2017-07-22T05:34:23Z</time>
</trkpt>
<trkpt lat="52.215656000" lon="87.161134000">
  <ele>790.651200</ele>
  <time>2017-07-22T05:34:27Z</time>
</trkpt>
<trkpt lat="52.215637000" lon="87.161161000">
  <ele>790.956000</ele>
  <time>2017-07-22T05:34:34Z</time>
</trkpt>
<trkpt lat="52.215624000" lon="87.161178000">
  <ele>790.956000</ele>
  <time>2017-07-22T05:34:41Z</time>
</trkpt>
<trkpt lat="52.215590000" lon="87.161179000">
  <ele>790.956000</ele>
  <time>2017-07-22T05:34:44Z</time>
</trkpt>
<trkpt lat="52.215563000" lon="87.161170000">
  <ele>791.260800</ele>
  <time>2017-07-22T05:34:47Z</time>
</trkpt>
<trkpt lat="52.215505000" lon="87.161190000">
  <ele>791.260800</ele>
  <time>2017-07-22T05:34:50Z</time>
</trkpt>
<trkpt lat="52.215477000" lon="87.161192000">
  <ele>791.260800</ele>
  <time>2017-07-22T05:34:54Z</time>
</trkpt>
<trkpt lat="52.215448000" lon="87.161188000">
  <ele>791.260800</ele>
  <time>2017-07-22T05:34:57Z</time>
</trkpt>
<trkpt lat="52.215416000" lon="87.161192000">
  <ele>791.260800</ele>
  <time>2017-07-22T05:35:01Z</time>
</trkpt>
<trkpt lat="52.215389000" lon="87.161194000">
  <ele>791.565600</ele>
  <time>2017-07-22T05:35:04Z</time>
</trkpt>
<trkpt lat="52.215361000" lon="87.161192000">
  <ele>791.565600</ele>
  <time>2017-07-22T05:35:07Z</time>
</trkpt>
<trkpt lat="52.215319000" lon="87.161202000">
  <ele>791.565600</ele>
  <time>2017-07-22T05:35:11Z</time>
</trkpt>
<trkpt lat="52.215292000" lon="87.161209000">
  <ele>791.565600</ele>
  <time>2017-07-22T05:35:15Z</time>
</trkpt>
<trkpt lat="52.215264000" lon="87.161227000">
  <ele>791.565600</ele>
  <time>2017-07-22T05:35:19Z</time>
</trkpt>
<trkpt lat="52.215236000" lon="87.161245000">
  <ele>791.565600</ele>
  <time>2017-07-22T05:35:25Z</time>
</trkpt>
<trkpt lat="52.215215000" lon="87.161233000">
  <ele>791.870400</ele>
  <time>2017-07-22T05:35:33Z</time>
</trkpt>
<trkpt lat="52.215195000" lon="87.161221000">
  <ele>791.870400</ele>
  <time>2017-07-22T05:35:42Z</time>
</trkpt>
<trkpt lat="52.215159000" lon="87.161236000">
  <ele>791.870400</ele>
  <time>2017-07-22T05:35:46Z</time>
</trkpt>
<trkpt lat="52.215133000" lon="87.161244000">
  <ele>791.870400</ele>
  <time>2017-07-22T05:35:55Z</time>
</trkpt>
<trkpt lat="52.215106000" lon="87.161248000">
  <ele>792.175200</ele>
  <time>2017-07-22T05:36:00Z</time>
</trkpt>
<trkpt lat="52.215078000" lon="87.161250000">
  <ele>792.175200</ele>
  <time>2017-07-22T05:36:07Z</time>
</trkpt>
<trkpt lat="52.215054000" lon="87.161253000">
  <ele>792.175200</ele>
  <time>2017-07-22T05:36:12Z</time>
</trkpt>
<trkpt lat="52.215028000" lon="87.161261000">
  <ele>792.175200</ele>
  <time>2017-07-22T05:36:17Z</time>
</trkpt>
<trkpt lat="52.215000000" lon="87.161268000">
  <ele>792.480000</ele>
  <time>2017-07-22T05:36:21Z</time>
</trkpt>
<trkpt lat="52.214969000" lon="87.161282000">
  <ele>792.480000</ele>
  <time>2017-07-22T05:36:25Z</time>
</trkpt>
<trkpt lat="52.214943000" lon="87.161318000">
  <ele>792.480000</ele>
  <time>2017-07-22T05:36:30Z</time>
</trkpt>
<trkpt lat="52.214914000" lon="87.161322000">
  <ele>792.480000</ele>
  <time>2017-07-22T05:36:35Z</time>
</trkpt>
<trkpt lat="52.214883000" lon="87.161319000">
  <ele>792.784800</ele>
  <time>2017-07-22T05:36:40Z</time>
</trkpt>
<trkpt lat="52.214863000" lon="87.161336000">
  <ele>792.784800</ele>
  <time>2017-07-22T05:36:46Z</time>
</trkpt>
<trkpt lat="52.214840000" lon="87.161372000">
  <ele>792.784800</ele>
  <time>2017-07-22T05:36:49Z</time>
</trkpt>
<trkpt lat="52.214815000" lon="87.161388000">
  <ele>793.089600</ele>
  <time>2017-07-22T05:36:54Z</time>
</trkpt>
<trkpt lat="52.214795000" lon="87.161375000">
  <ele>793.089600</ele>
  <time>2017-07-22T05:37:04Z</time>
</trkpt>
<trkpt lat="52.214775000" lon="87.161374000">
  <ele>793.394400</ele>
  <time>2017-07-22T05:37:25Z</time>
</trkpt>
<trkpt lat="52.214747000" lon="87.161366000">
  <ele>793.394400</ele>
  <time>2017-07-22T05:37:30Z</time>
</trkpt>
<trkpt lat="52.214719000" lon="87.161359000">
  <ele>793.394400</ele>
  <time>2017-07-22T05:37:33Z</time>
</trkpt>
<trkpt lat="52.214699000" lon="87.161332000">
  <ele>793.699200</ele>
  <time>2017-07-22T05:37:43Z</time>
</trkpt>
<trkpt lat="52.214671000" lon="87.161319000">
  <ele>793.699200</ele>
  <time>2017-07-22T05:37:52Z</time>
</trkpt>
<trkpt lat="52.214666000" lon="87.161316000">
  <ele>794.004000</ele>
  <time>2017-07-22T05:38:17Z</time>
</trkpt>
<trkpt lat="52.214646000" lon="87.161323000">
  <ele>794.308800</ele>
  <time>2017-07-22T05:38:29Z</time>
</trkpt>
<trkpt lat="52.214630000" lon="87.161362000">
  <ele>794.613600</ele>
  <time>2017-07-22T05:38:36Z</time>
</trkpt>
<trkpt lat="52.214606000" lon="87.161400000">
  <ele>794.613600</ele>
  <time>2017-07-22T05:38:39Z</time>
</trkpt>
<trkpt lat="52.214558000" lon="87.161448000">
  <ele>794.918400</ele>
  <time>2017-07-22T05:38:42Z</time>
</trkpt>
<trkpt lat="52.214527000" lon="87.161463000">
  <ele>794.918400</ele>
  <time>2017-07-22T05:38:45Z</time>
</trkpt>
<trkpt lat="52.214498000" lon="87.161457000">
  <ele>794.918400</ele>
  <time>2017-07-22T05:38:48Z</time>
</trkpt>
<trkpt lat="52.214483000" lon="87.161458000">
  <ele>795.223200</ele>
  <time>2017-07-22T05:38:54Z</time>
</trkpt>
<trkpt lat="52.214456000" lon="87.161481000">
  <ele>795.223200</ele>
  <time>2017-07-22T05:38:58Z</time>
</trkpt>
<trkpt lat="52.214446000" lon="87.161502000">
  <ele>795.223200</ele>
  <time>2017-07-22T05:39:02Z</time>
</trkpt>
<trkpt lat="52.214416000" lon="87.161556000">
  <ele>795.528000</ele>
  <time>2017-07-22T05:39:05Z</time>
</trkpt>
<trkpt lat="52.214408000" lon="87.161596000">
  <ele>795.528000</ele>
  <time>2017-07-22T05:39:10Z</time>
</trkpt>
<trkpt lat="52.214400000" lon="87.161598000">
  <ele>795.832800</ele>
  <time>2017-07-22T05:39:17Z</time>
</trkpt>
<trkpt lat="52.214384000" lon="87.161609000">
  <ele>795.832800</ele>
  <time>2017-07-22T05:39:21Z</time>
</trkpt>
<trkpt lat="52.214360000" lon="87.161610000">
  <ele>796.137600</ele>
  <time>2017-07-22T05:39:26Z</time>
</trkpt>
<trkpt lat="52.214336000" lon="87.161636000">
  <ele>796.137600</ele>
  <time>2017-07-22T05:39:29Z</time>
</trkpt>
<trkpt lat="52.214309000" lon="87.161663000">
  <ele>796.137600</ele>
  <time>2017-07-22T05:39:33Z</time>
</trkpt>
<trkpt lat="52.214295000" lon="87.161691000">
  <ele>796.442400</ele>
  <time>2017-07-22T05:39:42Z</time>
</trkpt>
<trkpt lat="52.214282000" lon="87.161721000">
  <ele>796.747200</ele>
  <time>2017-07-22T05:39:50Z</time>
</trkpt>
<trkpt lat="52.214267000" lon="87.161766000">
  <ele>796.747200</ele>
  <time>2017-07-22T05:39:54Z</time>
</trkpt>
<trkpt lat="52.214255000" lon="87.161784000">
  <ele>797.052000</ele>
  <time>2017-07-22T05:40:12Z</time>
</trkpt>
<trkpt lat="52.214228000" lon="87.161783000">
  <ele>797.052000</ele>
  <time>2017-07-22T05:40:16Z</time>
</trkpt>
<trkpt lat="52.214199000" lon="87.161774000">
  <ele>797.052000</ele>
  <time>2017-07-22T05:40:19Z</time>
</trkpt>
<trkpt lat="52.214208000" lon="87.161767000">
  <ele>797.356800</ele>
  <time>2017-07-22T05:40:22Z</time>
</trkpt>
<trkpt lat="52.214176000" lon="87.161782000">
  <ele>797.356800</ele>
  <time>2017-07-22T05:40:27Z</time>
</trkpt>
<trkpt lat="52.214140000" lon="87.161787000">
  <ele>797.661600</ele>
  <time>2017-07-22T05:40:32Z</time>
</trkpt>
<trkpt lat="52.214125000" lon="87.161767000">
  <ele>797.661600</ele>
  <time>2017-07-22T05:40:39Z</time>
</trkpt>
<trkpt lat="52.214100000" lon="87.161779000">
  <ele>797.966400</ele>
  <time>2017-07-22T05:40:45Z</time>
</trkpt>
<trkpt lat="52.214074000" lon="87.161793000">
  <ele>797.966400</ele>
  <time>2017-07-22T05:40:48Z</time>
</trkpt>
<trkpt lat="52.214047000" lon="87.161787000">
  <ele>798.271200</ele>
  <time>2017-07-22T05:40:54Z</time>
</trkpt>
<trkpt lat="52.214025000" lon="87.161822000">
  <ele>798.576000</ele>
  <time>2017-07-22T05:40:58Z</time>
</trkpt>
<trkpt lat="52.213996000" lon="87.161866000">
  <ele>798.576000</ele>
  <time>2017-07-22T05:41:01Z</time>
</trkpt>
<trkpt lat="52.213963000" lon="87.161917000">
  <ele>798.576000</ele>
  <time>2017-07-22T05:41:04Z</time>
</trkpt>
<trkpt lat="52.213935000" lon="87.161950000">
  <ele>798.880800</ele>
  <time>2017-07-22T05:41:07Z</time>
</trkpt>
<trkpt lat="52.213922000" lon="87.161920000">
  <ele>799.185600</ele>
  <time>2017-07-22T05:41:14Z</time>
</trkpt>
<trkpt lat="52.213931000" lon="87.161889000">
  <ele>799.490400</ele>
  <time>2017-07-22T05:41:19Z</time>
</trkpt>
<trkpt lat="52.213870000" lon="87.161841000">
  <ele>799.490400</ele>
  <time>2017-07-22T05:41:22Z</time>
</trkpt>
<trkpt lat="52.213871000" lon="87.161820000">
  <ele>799.795200</ele>
  <time>2017-07-22T05:41:27Z</time>
</trkpt>
<trkpt lat="52.213886000" lon="87.161790000">
  <ele>799.795200</ele>
  <time>2017-07-22T05:41:31Z</time>
</trkpt>
<trkpt lat="52.213861000" lon="87.161817000">
  <ele>800.100000</ele>
  <time>2017-07-22T05:41:35Z</time>
</trkpt>
<trkpt lat="52.213833000" lon="87.161833000">
  <ele>800.404800</ele>
  <time>2017-07-22T05:41:38Z</time>
</trkpt>
<trkpt lat="52.213800000" lon="87.161840000">
  <ele>800.404800</ele>
  <time>2017-07-22T05:41:41Z</time>
</trkpt>
<trkpt lat="52.213804000" lon="87.161850000">
  <ele>800.709600</ele>
  <time>2017-07-22T05:41:46Z</time>
</trkpt>
<trkpt lat="52.213776000" lon="87.161857000">
  <ele>800.709600</ele>
  <time>2017-07-22T05:41:51Z</time>
</trkpt>
<trkpt lat="52.213747000" lon="87.161869000">
  <ele>801.014400</ele>
  <time>2017-07-22T05:41:56Z</time>
</trkpt>
<trkpt lat="52.213718000" lon="87.161865000">
  <ele>801.014400</ele>
  <time>2017-07-22T05:42:00Z</time>
</trkpt>
<trkpt lat="52.213699000" lon="87.161849000">
  <ele>801.319200</ele>
  <time>2017-07-22T05:42:03Z</time>
</trkpt>
<trkpt lat="52.213688000" lon="87.161775000">
  <ele>801.319200</ele>
  <time>2017-07-22T05:42:06Z</time>
</trkpt>
<trkpt lat="52.213677000" lon="87.161729000">
  <ele>801.624000</ele>
  <time>2017-07-22T05:42:09Z</time>
</trkpt>
<trkpt lat="52.213646000" lon="87.161723000">
  <ele>801.624000</ele>
  <time>2017-07-22T05:42:13Z</time>
</trkpt>
<trkpt lat="52.213627000" lon="87.161706000">
  <ele>801.928800</ele>
  <time>2017-07-22T05:42:18Z</time>
</trkpt>
<trkpt lat="52.213617000" lon="87.161684000">
  <ele>801.928800</ele>
  <time>2017-07-22T05:42:24Z</time>
</trkpt>
<trkpt lat="52.213614000" lon="87.161659000">
  <ele>802.233600</ele>
  <time>2017-07-22T05:42:29Z</time>
</trkpt>
<trkpt lat="52.213582000" lon="87.161644000">
  <ele>802.233600</ele>
  <time>2017-07-22T05:42:34Z</time>
</trkpt>
<trkpt lat="52.213558000" lon="87.161632000">
  <ele>802.538400</ele>
  <time>2017-07-22T05:42:38Z</time>
</trkpt>
<trkpt lat="52.213524000" lon="87.161543000">
  <ele>802.538400</ele>
  <time>2017-07-22T05:42:44Z</time>
</trkpt>
<trkpt lat="52.213490000" lon="87.161447000">
  <ele>802.843200</ele>
  <time>2017-07-22T05:42:47Z</time>
</trkpt>
<trkpt lat="52.213464000" lon="87.161375000">
  <ele>803.148000</ele>
  <time>2017-07-22T05:42:50Z</time>
</trkpt>
<trkpt lat="52.213448000" lon="87.161306000">
  <ele>803.148000</ele>
  <time>2017-07-22T05:42:53Z</time>
</trkpt>
<trkpt lat="52.213445000" lon="87.161253000">
  <ele>803.452800</ele>
  <time>2017-07-22T05:42:56Z</time>
</trkpt>
<trkpt lat="52.213432000" lon="87.161268000">
  <ele>804.062400</ele>
  <time>2017-07-22T05:43:07Z</time>
</trkpt>
<trkpt lat="52.213440000" lon="87.161302000">
  <ele>804.672000</ele>
  <time>2017-07-22T05:43:13Z</time>
</trkpt>
<trkpt lat="52.213460000" lon="87.161332000">
  <ele>804.976800</ele>
  <time>2017-07-22T05:43:22Z</time>
</trkpt>
<trkpt lat="52.213476000" lon="87.161348000">
  <ele>805.281600</ele>
  <time>2017-07-22T05:43:26Z</time>
</trkpt>
<trkpt lat="52.213502000" lon="87.161292000">
  <ele>805.891200</ele>
  <time>2017-07-22T05:43:29Z</time>
</trkpt>
<trkpt lat="52.213499000" lon="87.161283000">
  <ele>807.110400</ele>
  <time>2017-07-22T05:43:46Z</time>
</trkpt>
<trkpt lat="52.213500000" lon="87.161267000">
  <ele>808.024800</ele>
  <time>2017-07-22T05:43:53Z</time>
</trkpt>
<trkpt lat="52.213501000" lon="87.161298000">
  <ele>808.634400</ele>
  <time>2017-07-22T05:44:02Z</time>
</trkpt>
<trkpt lat="52.213492000" lon="87.161333000">
  <ele>809.244000</ele>
  <time>2017-07-22T05:44:11Z</time>
</trkpt>
<trkpt lat="52.213494000" lon="87.161371000">
  <ele>810.158400</ele>
  <time>2017-07-22T05:44:30Z</time>
</trkpt>
<trkpt lat="52.213483000" lon="87.161416000">
  <ele>811.072800</ele>
  <time>2017-07-22T05:44:35Z</time>
</trkpt>
<trkpt lat="52.213479000" lon="87.161431000">
  <ele>812.901600</ele>
  <time>2017-07-22T05:44:47Z</time>
</trkpt>
<trkpt lat="52.213459000" lon="87.161461000">
  <ele>814.120800</ele>
  <time>2017-07-22T05:44:55Z</time>
</trkpt>
<trkpt lat="52.213453000" lon="87.161512000">
  <ele>815.035200</ele>
  <time>2017-07-22T05:44:58Z</time>
</trkpt>
<trkpt lat="52.213453000" lon="87.161546000">
  <ele>816.254400</ele>
  <time>2017-07-22T05:45:06Z</time>
</trkpt>
<trkpt lat="52.213426000" lon="87.161561000">
  <ele>817.168800</ele>
  <time>2017-07-22T05:45:11Z</time>
</trkpt>
<trkpt lat="52.213373000" lon="87.161620000">
  <ele>817.473600</ele>
  <time>2017-07-22T05:45:14Z</time>
</trkpt>
<trkpt lat="52.213332000" lon="87.161657000">
  <ele>818.083200</ele>
  <time>2017-07-22T05:45:17Z</time>
</trkpt>
<trkpt lat="52.213303000" lon="87.161693000">
  <ele>818.692800</ele>
  <time>2017-07-22T05:45:20Z</time>
</trkpt>
<trkpt lat="52.213273000" lon="87.161698000">
  <ele>818.997600</ele>
  <time>2017-07-22T05:45:23Z</time>
</trkpt>
<trkpt lat="52.213219000" lon="87.161716000">
  <ele>819.607200</ele>
  <time>2017-07-22T05:45:26Z</time>
</trkpt>
<trkpt lat="52.213194000" lon="87.161724000">
  <ele>820.521600</ele>
  <time>2017-07-22T05:45:32Z</time>
</trkpt>
<trkpt lat="52.213167000" lon="87.161710000">
  <ele>820.826400</ele>
  <time>2017-07-22T05:45:36Z</time>
</trkpt>
<trkpt lat="52.213133000" lon="87.161700000">
  <ele>821.436000</ele>
  <time>2017-07-22T05:45:39Z</time>
</trkpt>
<trkpt lat="52.213111000" lon="87.161673000">
  <ele>822.045600</ele>
  <time>2017-07-22T05:45:49Z</time>
</trkpt>
<trkpt lat="52.213077000" lon="87.161664000">
  <ele>822.655200</ele>
  <time>2017-07-22T05:45:53Z</time>
</trkpt>
<trkpt lat="52.213056000" lon="87.161638000">
  <ele>822.960000</ele>
  <time>2017-07-22T05:45:56Z</time>
</trkpt>
<trkpt lat="52.213036000" lon="87.161586000">
  <ele>823.569600</ele>
  <time>2017-07-22T05:46:02Z</time>
</trkpt>
<trkpt lat="52.213020000" lon="87.161551000">
  <ele>823.874400</ele>
  <time>2017-07-22T05:46:05Z</time>
</trkpt>
<trkpt lat="52.212988000" lon="87.161530000">
  <ele>824.179200</ele>
  <time>2017-07-22T05:46:08Z</time>
</trkpt>
<trkpt lat="52.212960000" lon="87.161502000">
  <ele>824.484000</ele>
  <time>2017-07-22T05:46:11Z</time>
</trkpt>
<trkpt lat="52.212919000" lon="87.161490000">
  <ele>824.788800</ele>
  <time>2017-07-22T05:46:14Z</time>
</trkpt>
<trkpt lat="52.212889000" lon="87.161472000">
  <ele>825.093600</ele>
  <time>2017-07-22T05:46:17Z</time>
</trkpt>
<trkpt lat="52.212868000" lon="87.161444000">
  <ele>825.398400</ele>
  <time>2017-07-22T05:46:22Z</time>
</trkpt>
<trkpt lat="52.212842000" lon="87.161428000">
  <ele>825.703200</ele>
  <time>2017-07-22T05:46:26Z</time>
</trkpt>
<trkpt lat="52.212821000" lon="87.161420000">
  <ele>826.617600</ele>
  <time>2017-07-22T05:46:43Z</time>
</trkpt>
<trkpt lat="52.212775000" lon="87.161420000">
  <ele>826.617600</ele>
  <time>2017-07-22T05:46:46Z</time>
</trkpt>
<trkpt lat="52.212738000" lon="87.161422000">
  <ele>826.922400</ele>
  <time>2017-07-22T05:46:50Z</time>
</trkpt>
<trkpt lat="52.212696000" lon="87.161423000">
  <ele>827.227200</ele>
  <time>2017-07-22T05:46:53Z</time>
</trkpt>
<trkpt lat="52.212671000" lon="87.161411000">
  <ele>827.532000</ele>
  <time>2017-07-22T05:46:57Z</time>
</trkpt>
<trkpt lat="52.212650000" lon="87.161411000">
  <ele>827.836800</ele>
  <time>2017-07-22T05:47:02Z</time>
</trkpt>
<trkpt lat="52.212626000" lon="87.161401000">
  <ele>828.141600</ele>
  <time>2017-07-22T05:47:10Z</time>
</trkpt>
<trkpt lat="52.212584000" lon="87.161381000">
  <ele>828.141600</ele>
  <time>2017-07-22T05:47:13Z</time>
</trkpt>
<trkpt lat="52.212558000" lon="87.161373000">
  <ele>828.446400</ele>
  <time>2017-07-22T05:47:18Z</time>
</trkpt>
<trkpt lat="52.212545000" lon="87.161355000">
  <ele>828.751200</ele>
  <time>2017-07-22T05:47:25Z</time>
</trkpt>
<trkpt lat="52.212540000" lon="87.161344000">
  <ele>829.056000</ele>
  <time>2017-07-22T05:47:29Z</time>
</trkpt>
<trkpt lat="52.212537000" lon="87.161303000">
  <ele>829.056000</ele>
  <time>2017-07-22T05:47:34Z</time>
</trkpt>
<trkpt lat="52.212537000" lon="87.161324000">
  <ele>829.665600</ele>
  <time>2017-07-22T05:47:51Z</time>
</trkpt>
<trkpt lat="52.212524000" lon="87.161364000">
  <ele>829.665600</ele>
  <time>2017-07-22T05:47:54Z</time>
</trkpt>
<trkpt lat="52.212519000" lon="87.161357000">
  <ele>829.970400</ele>
  <time>2017-07-22T05:48:05Z</time>
</trkpt>
<trkpt lat="52.212501000" lon="87.161323000">
  <ele>830.580000</ele>
  <time>2017-07-22T05:48:30Z</time>
</trkpt>
<trkpt lat="52.212480000" lon="87.161317000">
  <ele>831.189600</ele>
  <time>2017-07-22T05:48:46Z</time>
</trkpt>
<trkpt lat="52.212477000" lon="87.161287000">
  <ele>831.494400</ele>
  <time>2017-07-22T05:48:51Z</time>
</trkpt>
<trkpt lat="52.212463000" lon="87.161317000">
  <ele>831.799200</ele>
  <time>2017-07-22T05:49:10Z</time>
</trkpt>
<trkpt lat="52.212468000" lon="87.161328000">
  <ele>832.408800</ele>
  <time>2017-07-22T05:49:20Z</time>
</trkpt>
<trkpt lat="52.212434000" lon="87.161351000">
  <ele>833.018400</ele>
  <time>2017-07-22T05:49:26Z</time>
</trkpt>
<trkpt lat="52.212404000" lon="87.161363000">
  <ele>833.323200</ele>
  <time>2017-07-22T05:49:30Z</time>
</trkpt>
<trkpt lat="52.212370000" lon="87.161366000">
  <ele>833.628000</ele>
  <time>2017-07-22T05:49:33Z</time>
</trkpt>
<trkpt lat="52.212348000" lon="87.161354000">
  <ele>833.932800</ele>
  <time>2017-07-22T05:49:37Z</time>
</trkpt>
<trkpt lat="52.212311000" lon="87.161349000">
  <ele>834.237600</ele>
  <time>2017-07-22T05:49:40Z</time>
</trkpt>
<trkpt lat="52.212279000" lon="87.161343000">
  <ele>834.542400</ele>
  <time>2017-07-22T05:49:44Z</time>
</trkpt>
<trkpt lat="52.212243000" lon="87.161332000">
  <ele>834.542400</ele>
  <time>2017-07-22T05:49:47Z</time>
</trkpt>
<trkpt lat="52.212215000" lon="87.161313000">
  <ele>834.847200</ele>
  <time>2017-07-22T05:49:50Z</time>
</trkpt>
<trkpt lat="52.212187000" lon="87.161328000">
  <ele>835.152000</ele>
  <time>2017-07-22T05:49:53Z</time>
</trkpt>
<trkpt lat="52.212150000" lon="87.161344000">
  <ele>835.456800</ele>
  <time>2017-07-22T05:49:57Z</time>
</trkpt>
<trkpt lat="52.212098000" lon="87.161329000">
  <ele>835.456800</ele>
  <time>2017-07-22T05:50:00Z</time>
</trkpt>
<trkpt lat="52.212063000" lon="87.161308000">
  <ele>835.761600</ele>
  <time>2017-07-22T05:50:03Z</time>
</trkpt>
<trkpt lat="52.212021000" lon="87.161309000">
  <ele>835.761600</ele>
  <time>2017-07-22T05:50:06Z</time>
</trkpt>
<trkpt lat="52.211994000" lon="87.161311000">
  <ele>836.066400</ele>
  <time>2017-07-22T05:50:10Z</time>
</trkpt>
<trkpt lat="52.211968000" lon="87.161296000">
  <ele>836.066400</ele>
  <time>2017-07-22T05:50:13Z</time>
</trkpt>
<trkpt lat="52.211933000" lon="87.161287000">
  <ele>836.371200</ele>
  <time>2017-07-22T05:50:16Z</time>
</trkpt>
<trkpt lat="52.211906000" lon="87.161284000">
  <ele>836.371200</ele>
  <time>2017-07-22T05:50:19Z</time>
</trkpt>
<trkpt lat="52.211872000" lon="87.161277000">
  <ele>836.676000</ele>
  <time>2017-07-22T05:50:23Z</time>
</trkpt>
<trkpt lat="52.211840000" lon="87.161276000">
  <ele>836.980800</ele>
  <time>2017-07-22T05:50:27Z</time>
</trkpt>
<trkpt lat="52.211795000" lon="87.161300000">
  <ele>836.980800</ele>
  <time>2017-07-22T05:50:30Z</time>
</trkpt>
<trkpt lat="52.211766000" lon="87.161334000">
  <ele>837.285600</ele>
  <time>2017-07-22T05:50:33Z</time>
</trkpt>
<trkpt lat="52.211744000" lon="87.161369000">
  <ele>837.285600</ele>
  <time>2017-07-22T05:50:39Z</time>
</trkpt>
<trkpt lat="52.211718000" lon="87.161371000">
  <ele>837.590400</ele>
  <time>2017-07-22T05:50:45Z</time>
</trkpt>
<trkpt lat="52.211684000" lon="87.161375000">
  <ele>837.590400</ele>
  <time>2017-07-22T05:50:48Z</time>
</trkpt>
<trkpt lat="52.211650000" lon="87.161386000">
  <ele>837.895200</ele>
  <time>2017-07-22T05:50:52Z</time>
</trkpt>
<trkpt lat="52.211621000" lon="87.161387000">
  <ele>837.895200</ele>
  <time>2017-07-22T05:50:55Z</time>
</trkpt>
<trkpt lat="52.211591000" lon="87.161373000">
  <ele>838.200000</ele>
  <time>2017-07-22T05:50:59Z</time>
</trkpt>
<trkpt lat="52.211557000" lon="87.161382000">
  <ele>838.200000</ele>
  <time>2017-07-22T05:51:02Z</time>
</trkpt>
<trkpt lat="52.211539000" lon="87.161413000">
  <ele>838.504800</ele>
  <time>2017-07-22T05:51:05Z</time>
</trkpt>
<trkpt lat="52.211497000" lon="87.161439000">
  <ele>838.504800</ele>
  <time>2017-07-22T05:51:08Z</time>
</trkpt>
<trkpt lat="52.211455000" lon="87.161449000">
  <ele>838.504800</ele>
  <time>2017-07-22T05:51:11Z</time>
</trkpt>
<trkpt lat="52.211428000" lon="87.161460000">
  <ele>838.809600</ele>
  <time>2017-07-22T05:51:14Z</time>
</trkpt>
<trkpt lat="52.211397000" lon="87.161451000">
  <ele>838.809600</ele>
  <time>2017-07-22T05:51:19Z</time>
</trkpt>
<trkpt lat="52.211368000" lon="87.161449000">
  <ele>839.114400</ele>
  <time>2017-07-22T05:51:24Z</time>
</trkpt>
<trkpt lat="52.211334000" lon="87.161455000">
  <ele>839.114400</ele>
  <time>2017-07-22T05:51:28Z</time>
</trkpt>
<trkpt lat="52.211298000" lon="87.161476000">
  <ele>839.114400</ele>
  <time>2017-07-22T05:51:31Z</time>
</trkpt>
<trkpt lat="52.211274000" lon="87.161484000">
  <ele>839.419200</ele>
  <time>2017-07-22T05:51:37Z</time>
</trkpt>
<trkpt lat="52.211245000" lon="87.161481000">
  <ele>839.419200</ele>
  <time>2017-07-22T05:51:40Z</time>
</trkpt>
<trkpt lat="52.211196000" lon="87.161488000">
  <ele>839.724000</ele>
  <time>2017-07-22T05:51:43Z</time>
</trkpt>
<trkpt lat="52.211152000" lon="87.161497000">
  <ele>839.724000</ele>
  <time>2017-07-22T05:51:46Z</time>
</trkpt>
<trkpt lat="52.211118000" lon="87.161479000">
  <ele>839.724000</ele>
  <time>2017-07-22T05:51:50Z</time>
</trkpt>
<trkpt lat="52.211089000" lon="87.161457000">
  <ele>840.028800</ele>
  <time>2017-07-22T05:51:54Z</time>
</trkpt>
<trkpt lat="52.211041000" lon="87.161446000">
  <ele>840.028800</ele>
  <time>2017-07-22T05:51:57Z</time>
</trkpt>
<trkpt lat="52.211012000" lon="87.161461000">
  <ele>840.333600</ele>
  <time>2017-07-22T05:52:01Z</time>
</trkpt>
<trkpt lat="52.210974000" lon="87.161486000">
  <ele>840.333600</ele>
  <time>2017-07-22T05:52:04Z</time>
</trkpt>
<trkpt lat="52.210941000" lon="87.161502000">
  <ele>840.333600</ele>
  <time>2017-07-22T05:52:07Z</time>
</trkpt>
<trkpt lat="52.210908000" lon="87.161500000">
  <ele>840.638400</ele>
  <time>2017-07-22T05:52:10Z</time>
</trkpt>
<trkpt lat="52.210876000" lon="87.161512000">
  <ele>840.638400</ele>
  <time>2017-07-22T05:52:13Z</time>
</trkpt>
<trkpt lat="52.210848000" lon="87.161525000">
  <ele>840.943200</ele>
  <time>2017-07-22T05:52:17Z</time>
</trkpt>
<trkpt lat="52.210816000" lon="87.161527000">
  <ele>840.943200</ele>
  <time>2017-07-22T05:52:20Z</time>
</trkpt>
<trkpt lat="52.210784000" lon="87.161510000">
  <ele>841.248000</ele>
  <time>2017-07-22T05:52:23Z</time>
</trkpt>
<trkpt lat="52.210753000" lon="87.161497000">
  <ele>841.248000</ele>
  <time>2017-07-22T05:52:26Z</time>
</trkpt>
<trkpt lat="52.210727000" lon="87.161488000">
  <ele>841.552800</ele>
  <time>2017-07-22T05:52:37Z</time>
</trkpt>
<trkpt lat="52.210697000" lon="87.161498000">
  <ele>841.857600</ele>
  <time>2017-07-22T05:52:41Z</time>
</trkpt>
<trkpt lat="52.210669000" lon="87.161490000">
  <ele>842.162400</ele>
  <time>2017-07-22T05:52:45Z</time>
</trkpt>
<trkpt lat="52.210649000" lon="87.161444000">
  <ele>842.162400</ele>
  <time>2017-07-22T05:52:50Z</time>
</trkpt>
<trkpt lat="52.210623000" lon="87.161412000">
  <ele>842.467200</ele>
  <time>2017-07-22T05:52:55Z</time>
</trkpt>
<trkpt lat="52.210583000" lon="87.161404000">
  <ele>842.467200</ele>
  <time>2017-07-22T05:52:58Z</time>
</trkpt>
<trkpt lat="52.210555000" lon="87.161394000">
  <ele>842.772000</ele>
  <time>2017-07-22T05:53:01Z</time>
</trkpt>
<trkpt lat="52.210522000" lon="87.161379000">
  <ele>842.772000</ele>
  <time>2017-07-22T05:53:07Z</time>
</trkpt>
<trkpt lat="52.210500000" lon="87.161353000">
  <ele>843.076800</ele>
  <time>2017-07-22T05:53:11Z</time>
</trkpt>
<trkpt lat="52.210482000" lon="87.161320000">
  <ele>843.076800</ele>
  <time>2017-07-22T05:53:14Z</time>
</trkpt>
<trkpt lat="52.210468000" lon="87.161291000">
  <ele>843.381600</ele>
  <time>2017-07-22T05:53:20Z</time>
</trkpt>
<trkpt lat="52.210430000" lon="87.161292000">
  <ele>843.381600</ele>
  <time>2017-07-22T05:53:24Z</time>
</trkpt>
<trkpt lat="52.210400000" lon="87.161313000">
  <ele>843.686400</ele>
  <time>2017-07-22T05:53:27Z</time>
</trkpt>
<trkpt lat="52.210372000" lon="87.161326000">
  <ele>843.686400</ele>
  <time>2017-07-22T05:53:30Z</time>
</trkpt>
<trkpt lat="52.210351000" lon="87.161310000">
  <ele>843.991200</ele>
  <time>2017-07-22T05:53:36Z</time>
</trkpt>
<trkpt lat="52.210326000" lon="87.161283000">
  <ele>844.296000</ele>
  <time>2017-07-22T05:53:40Z</time>
</trkpt>
<trkpt lat="52.210318000" lon="87.161238000">
  <ele>844.296000</ele>
  <time>2017-07-22T05:53:44Z</time>
</trkpt>
<trkpt lat="52.210325000" lon="87.161192000">
  <ele>844.600800</ele>
  <time>2017-07-22T05:53:48Z</time>
</trkpt>
<trkpt lat="52.210328000" lon="87.161138000">
  <ele>844.600800</ele>
  <time>2017-07-22T05:53:51Z</time>
</trkpt>
<trkpt lat="52.210330000" lon="87.161091000">
  <ele>844.600800</ele>
  <time>2017-07-22T05:53:55Z</time>
</trkpt>
<trkpt lat="52.210335000" lon="87.161066000">
  <ele>844.905600</ele>
  <time>2017-07-22T05:54:02Z</time>
</trkpt>
<trkpt lat="52.210342000" lon="87.161008000">
  <ele>844.905600</ele>
  <time>2017-07-22T05:54:05Z</time>
</trkpt>
<trkpt lat="52.210353000" lon="87.160945000">
  <ele>845.210400</ele>
  <time>2017-07-22T05:54:08Z</time>
</trkpt>
<trkpt lat="52.210370000" lon="87.160888000">
  <ele>845.210400</ele>
  <time>2017-07-22T05:54:11Z</time>
</trkpt>
<trkpt lat="52.210365000" lon="87.160842000">
  <ele>845.515200</ele>
  <time>2017-07-22T05:54:15Z</time>
</trkpt>
<trkpt lat="52.210348000" lon="87.160805000">
  <ele>845.515200</ele>
  <time>2017-07-22T05:54:19Z</time>
</trkpt>
<trkpt lat="52.210338000" lon="87.160758000">
  <ele>845.515200</ele>
  <time>2017-07-22T05:54:25Z</time>
</trkpt>
<trkpt lat="52.210308000" lon="87.160753000">
  <ele>845.820000</ele>
  <time>2017-07-22T05:54:30Z</time>
</trkpt>
<trkpt lat="52.210296000" lon="87.160770000">
  <ele>845.820000</ele>
  <time>2017-07-22T05:54:34Z</time>
</trkpt>
<trkpt lat="52.210317000" lon="87.160788000">
  <ele>846.124800</ele>
  <time>2017-07-22T05:54:38Z</time>
</trkpt>
<trkpt lat="52.210322000" lon="87.160790000">
  <ele>846.124800</ele>
  <time>2017-07-22T05:54:43Z</time>
</trkpt>
<trkpt lat="52.210321000" lon="87.160780000">
  <ele>846.429600</ele>
  <time>2017-07-22T05:54:49Z</time>
</trkpt>
<trkpt lat="52.210304000" lon="87.160748000">
  <ele>846.429600</ele>
  <time>2017-07-22T05:54:53Z</time>
</trkpt>
<trkpt lat="52.210300000" lon="87.160720000">
  <ele>846.734400</ele>
  <time>2017-07-22T05:55:00Z</time>
</trkpt>
<trkpt lat="52.210277000" lon="87.160740000">
  <ele>847.039200</ele>
  <time>2017-07-22T05:55:05Z</time>
</trkpt>
<trkpt lat="52.210248000" lon="87.160760000">
  <ele>847.039200</ele>
  <time>2017-07-22T05:55:08Z</time>
</trkpt>
<trkpt lat="52.210239000" lon="87.160721000">
  <ele>847.344000</ele>
  <time>2017-07-22T05:55:11Z</time>
</trkpt>
<trkpt lat="52.210213000" lon="87.160741000">
  <ele>847.648800</ele>
  <time>2017-07-22T05:55:14Z</time>
</trkpt>
<trkpt lat="52.210130000" lon="87.160771000">
  <ele>847.953600</ele>
  <time>2017-07-22T05:55:17Z</time>
</trkpt>
<trkpt lat="52.210117000" lon="87.160730000">
  <ele>848.563200</ele>
  <time>2017-07-22T05:55:22Z</time>
</trkpt>
<trkpt lat="52.210134000" lon="87.160684000">
  <ele>849.477600</ele>
  <time>2017-07-22T05:55:30Z</time>
</trkpt>
<trkpt lat="52.210156000" lon="87.160661000">
  <ele>850.392000</ele>
  <time>2017-07-22T05:55:35Z</time>
</trkpt>
<trkpt lat="52.210168000" lon="87.160617000">
  <ele>851.001600</ele>
  <time>2017-07-22T05:55:39Z</time>
</trkpt>
<trkpt lat="52.210157000" lon="87.160584000">
  <ele>851.916000</ele>
  <time>2017-07-22T05:55:43Z</time>
</trkpt>
<trkpt lat="52.210152000" lon="87.160569000">
  <ele>853.135200</ele>
  <time>2017-07-22T05:55:49Z</time>
</trkpt>
<trkpt lat="52.210156000" lon="87.160519000">
  <ele>853.744800</ele>
  <time>2017-07-22T05:55:52Z</time>
</trkpt>
<trkpt lat="52.210179000" lon="87.160499000">
  <ele>854.354400</ele>
  <time>2017-07-22T05:55:58Z</time>
</trkpt>
<trkpt lat="52.210167000" lon="87.160478000">
  <ele>856.488000</ele>
  <time>2017-07-22T05:56:22Z</time>
</trkpt>
<trkpt lat="52.210145000" lon="87.160451000">
  <ele>859.840800</ele>
  <time>2017-07-22T05:56:40Z</time>
</trkpt>
<trkpt lat="52.210118000" lon="87.160447000">
  <ele>861.060000</ele>
  <time>2017-07-22T05:56:43Z</time>
</trkpt>
<trkpt lat="52.210082000" lon="87.160440000">
  <ele>862.279200</ele>
  <time>2017-07-22T05:56:47Z</time>
</trkpt>
<trkpt lat="52.210036000" lon="87.160453000">
  <ele>863.803200</ele>
  <time>2017-07-22T05:56:50Z</time>
</trkpt>
<trkpt lat="52.209985000" lon="87.160462000">
  <ele>865.022400</ele>
  <time>2017-07-22T05:56:53Z</time>
</trkpt>
<trkpt lat="52.209948000" lon="87.160459000">
  <ele>866.241600</ele>
  <time>2017-07-22T05:56:56Z</time>
</trkpt>
<trkpt lat="52.209918000" lon="87.160455000">
  <ele>867.156000</ele>
  <time>2017-07-22T05:56:59Z</time>
</trkpt>
<trkpt lat="52.209885000" lon="87.160451000">
  <ele>868.680000</ele>
  <time>2017-07-22T05:57:03Z</time>
</trkpt>
<trkpt lat="52.209854000" lon="87.160439000">
  <ele>869.899200</ele>
  <time>2017-07-22T05:57:06Z</time>
</trkpt>
<trkpt lat="52.209826000" lon="87.160432000">
  <ele>870.813600</ele>
  <time>2017-07-22T05:57:09Z</time>
</trkpt>
<trkpt lat="52.209799000" lon="87.160425000">
  <ele>872.337600</ele>
  <time>2017-07-22T05:57:13Z</time>
</trkpt>
<trkpt lat="52.209771000" lon="87.160446000">
  <ele>873.252000</ele>
  <time>2017-07-22T05:57:16Z</time>
</trkpt>
<trkpt lat="52.209740000" lon="87.160444000">
  <ele>875.385600</ele>
  <time>2017-07-22T05:57:22Z</time>
</trkpt>
<trkpt lat="52.209713000" lon="87.160423000">
  <ele>876.300000</ele>
  <time>2017-07-22T05:57:25Z</time>
</trkpt>
<trkpt lat="52.209684000" lon="87.160414000">
  <ele>877.519200</ele>
  <time>2017-07-22T05:57:29Z</time>
</trkpt>
<trkpt lat="52.209656000" lon="87.160433000">
  <ele>878.433600</ele>
  <time>2017-07-22T05:57:32Z</time>
</trkpt>
<trkpt lat="52.209622000" lon="87.160436000">
  <ele>879.652800</ele>
  <time>2017-07-22T05:57:36Z</time>
</trkpt>
<trkpt lat="52.209591000" lon="87.160448000">
  <ele>880.567200</ele>
  <time>2017-07-22T05:57:39Z</time>
</trkpt>
<trkpt lat="52.209570000" lon="87.160453000">
  <ele>882.091200</ele>
  <time>2017-07-22T05:57:47Z</time>
</trkpt>
<trkpt lat="52.209546000" lon="87.160472000">
  <ele>883.920000</ele>
  <time>2017-07-22T05:57:54Z</time>
</trkpt>
<trkpt lat="52.209524000" lon="87.160468000">
  <ele>885.139200</ele>
  <time>2017-07-22T05:58:17Z</time>
</trkpt>
<trkpt lat="52.209503000" lon="87.160452000">
  <ele>887.882400</ele>
  <time>2017-07-22T05:58:46Z</time>
</trkpt>
<trkpt lat="52.209472000" lon="87.160427000">
  <ele>888.796800</ele>
  <time>2017-07-22T05:58:49Z</time>
</trkpt>
<trkpt lat="52.209437000" lon="87.160406000">
  <ele>890.016000</ele>
  <time>2017-07-22T05:58:52Z</time>
</trkpt>
<trkpt lat="52.209414000" lon="87.160403000">
  <ele>891.235200</ele>
  <time>2017-07-22T05:58:56Z</time>
</trkpt>
<trkpt lat="52.209390000" lon="87.160394000">
  <ele>893.064000</ele>
  <time>2017-07-22T05:59:12Z</time>
</trkpt>
<trkpt lat="52.209367000" lon="87.160373000">
  <ele>893.978400</ele>
  <time>2017-07-22T05:59:16Z</time>
</trkpt>
<trkpt lat="52.209341000" lon="87.160380000">
  <ele>895.197600</ele>
  <time>2017-07-22T05:59:20Z</time>
</trkpt>
<trkpt lat="52.209304000" lon="87.160378000">
  <ele>896.416800</ele>
  <time>2017-07-22T05:59:25Z</time>
</trkpt>
<trkpt lat="52.209262000" lon="87.160371000">
  <ele>897.331200</ele>
  <time>2017-07-22T05:59:28Z</time>
</trkpt>
<trkpt lat="52.209220000" lon="87.160368000">
  <ele>897.940800</ele>
  <time>2017-07-22T05:59:31Z</time>
</trkpt>
<trkpt lat="52.209196000" lon="87.160356000">
  <ele>898.550400</ele>
  <time>2017-07-22T05:59:35Z</time>
</trkpt>
<trkpt lat="52.209170000" lon="87.160366000">
  <ele>900.074400</ele>
  <time>2017-07-22T05:59:42Z</time>
</trkpt>
<trkpt lat="52.209140000" lon="87.160382000">
  <ele>900.988800</ele>
  <time>2017-07-22T05:59:48Z</time>
</trkpt>
<trkpt lat="52.209113000" lon="87.160406000">
  <ele>901.598400</ele>
  <time>2017-07-22T05:59:51Z</time>
</trkpt>
<trkpt lat="52.209085000" lon="87.160409000">
  <ele>902.208000</ele>
  <time>2017-07-22T05:59:54Z</time>
</trkpt>
<trkpt lat="52.209064000" lon="87.160402000">
  <ele>902.817600</ele>
  <time>2017-07-22T05:59:58Z</time>
</trkpt>
<trkpt lat="52.209027000" lon="87.160390000">
  <ele>904.341600</ele>
  <time>2017-07-22T06:00:05Z</time>
</trkpt>
<trkpt lat="52.208983000" lon="87.160360000">
  <ele>904.646400</ele>
  <time>2017-07-22T06:00:08Z</time>
</trkpt>
<trkpt lat="52.208945000" lon="87.160331000">
  <ele>905.256000</ele>
  <time>2017-07-22T06:00:11Z</time>
</trkpt>
<trkpt lat="52.208912000" lon="87.160310000">
  <ele>905.560800</ele>
  <time>2017-07-22T06:00:14Z</time>
</trkpt>
<trkpt lat="52.208882000" lon="87.160300000">
  <ele>906.170400</ele>
  <time>2017-07-22T06:00:17Z</time>
</trkpt>
<trkpt lat="52.208864000" lon="87.160278000">
  <ele>906.475200</ele>
  <time>2017-07-22T06:00:24Z</time>
</trkpt>
<trkpt lat="52.208840000" lon="87.160261000">
  <ele>907.084800</ele>
  <time>2017-07-22T06:00:29Z</time>
</trkpt>
<trkpt lat="52.208832000" lon="87.160210000">
  <ele>907.389600</ele>
  <time>2017-07-22T06:00:32Z</time>
</trkpt>
<trkpt lat="52.208839000" lon="87.160152000">
  <ele>907.999200</ele>
  <time>2017-07-22T06:00:36Z</time>
</trkpt>
<trkpt lat="52.208847000" lon="87.160104000">
  <ele>908.608800</ele>
  <time>2017-07-22T06:00:40Z</time>
</trkpt>
<trkpt lat="52.208867000" lon="87.160022000">
  <ele>908.913600</ele>
  <time>2017-07-22T06:00:43Z</time>
</trkpt>
<trkpt lat="52.208884000" lon="87.159992000">
  <ele>909.828000</ele>
  <time>2017-07-22T06:01:00Z</time>
</trkpt>
<trkpt lat="52.208905000" lon="87.159988000">
  <ele>910.132800</ele>
  <time>2017-07-22T06:01:09Z</time>
</trkpt>
<trkpt lat="52.208925000" lon="87.159945000">
  <ele>910.742400</ele>
  <time>2017-07-22T06:01:15Z</time>
</trkpt>
<trkpt lat="52.208934000" lon="87.159915000">
  <ele>911.352000</ele>
  <time>2017-07-22T06:01:40Z</time>
</trkpt>
<trkpt lat="52.208938000" lon="87.159902000">
  <ele>912.571200</ele>
  <time>2017-07-22T06:02:14Z</time>
</trkpt>
<trkpt lat="52.208934000" lon="87.159899000">
  <ele>914.400000</ele>
  <time>2017-07-22T06:02:47Z</time>
</trkpt>
<trkpt lat="52.208936000" lon="87.159906000">
  <ele>915.314400</ele>
  <time>2017-07-22T06:03:02Z</time>
</trkpt>
<trkpt lat="52.208937000" lon="87.159883000">
  <ele>916.533600</ele>
  <time>2017-07-22T06:03:49Z</time>
</trkpt>
<trkpt lat="52.208943000" lon="87.159861000">
  <ele>918.057600</ele>
  <time>2017-07-22T06:04:59Z</time>
</trkpt>
<trkpt lat="52.208940000" lon="87.159874000">
  <ele>919.581600</ele>
  <time>2017-07-22T06:05:10Z</time>
</trkpt>
<trkpt lat="52.208949000" lon="87.159868000">
  <ele>920.800800</ele>
  <time>2017-07-22T06:05:20Z</time>
</trkpt>
<trkpt lat="52.208979000" lon="87.159869000">
  <ele>921.715200</ele>
  <time>2017-07-22T06:05:28Z</time>
</trkpt>
<trkpt lat="52.209007000" lon="87.159850000">
  <ele>922.020000</ele>
  <time>2017-07-22T06:05:32Z</time>
</trkpt>
<trkpt lat="52.209044000" lon="87.159819000">
  <ele>922.324800</ele>
  <time>2017-07-22T06:05:35Z</time>
</trkpt>
<trkpt lat="52.209085000" lon="87.159787000">
  <ele>922.629600</ele>
  <time>2017-07-22T06:05:38Z</time>
</trkpt>
<trkpt lat="52.209121000" lon="87.159762000">
  <ele>922.934400</ele>
  <time>2017-07-22T06:05:41Z</time>
</trkpt>
<trkpt lat="52.209162000" lon="87.159743000">
  <ele>923.239200</ele>
  <time>2017-07-22T06:05:44Z</time>
</trkpt>
<trkpt lat="52.209186000" lon="87.159723000">
  <ele>923.544000</ele>
  <time>2017-07-22T06:05:48Z</time>
</trkpt>
<trkpt lat="52.209222000" lon="87.159715000">
  <ele>923.848800</ele>
  <time>2017-07-22T06:05:51Z</time>
</trkpt>
<trkpt lat="52.209244000" lon="87.159722000">
  <ele>924.458400</ele>
  <time>2017-07-22T06:06:01Z</time>
</trkpt>
<trkpt lat="52.209284000" lon="87.159717000">
  <ele>924.458400</ele>
  <time>2017-07-22T06:06:05Z</time>
</trkpt>
<trkpt lat="52.209297000" lon="87.159730000">
  <ele>924.763200</ele>
  <time>2017-07-22T06:06:23Z</time>
</trkpt>
<trkpt lat="52.209310000" lon="87.159750000">
  <ele>925.068000</ele>
  <time>2017-07-22T06:06:38Z</time>
</trkpt>
<trkpt lat="52.209276000" lon="87.159744000">
  <ele>925.372800</ele>
  <time>2017-07-22T06:06:41Z</time>
</trkpt>
<trkpt lat="52.209200000" lon="87.159766000">
  <ele>925.372800</ele>
  <time>2017-07-22T06:06:44Z</time>
</trkpt>
<trkpt lat="52.209188000" lon="87.159715000">
  <ele>925.677600</ele>
  <time>2017-07-22T06:06:47Z</time>
</trkpt>
<trkpt lat="52.209180000" lon="87.159684000">
  <ele>925.982400</ele>
  <time>2017-07-22T06:06:50Z</time>
</trkpt>
<trkpt lat="52.209161000" lon="87.159710000">
  <ele>925.982400</ele>
  <time>2017-07-22T06:06:53Z</time>
</trkpt>
<trkpt lat="52.209127000" lon="87.159751000">
  <ele>926.287200</ele>
  <time>2017-07-22T06:06:56Z</time>
</trkpt>
<trkpt lat="52.209093000" lon="87.159789000">
  <ele>926.287200</ele>
  <time>2017-07-22T06:06:59Z</time>
</trkpt>
<trkpt lat="52.209070000" lon="87.159815000">
  <ele>926.592000</ele>
  <time>2017-07-22T06:07:03Z</time>
</trkpt>
<trkpt lat="52.209043000" lon="87.159837000">
  <ele>926.592000</ele>
  <time>2017-07-22T06:07:06Z</time>
</trkpt>
<trkpt lat="52.209014000" lon="87.159843000">
  <ele>926.896800</ele>
  <time>2017-07-22T06:07:11Z</time>
</trkpt>
<trkpt lat="52.208992000" lon="87.159876000">
  <ele>927.201600</ele>
  <time>2017-07-22T06:07:17Z</time>
</trkpt>
<trkpt lat="52.208971000" lon="87.159904000">
  <ele>927.201600</ele>
  <time>2017-07-22T06:07:21Z</time>
</trkpt>
<trkpt lat="52.208944000" lon="87.159928000">
  <ele>927.506400</ele>
  <time>2017-07-22T06:07:27Z</time>
</trkpt>
<trkpt lat="52.208921000" lon="87.159950000">
  <ele>927.811200</ele>
  <time>2017-07-22T06:07:33Z</time>
</trkpt>
<trkpt lat="52.208898000" lon="87.159979000">
  <ele>927.811200</ele>
  <time>2017-07-22T06:07:38Z</time>
</trkpt>
<trkpt lat="52.208889000" lon="87.159973000">
  <ele>928.116000</ele>
  <time>2017-07-22T06:07:59Z</time>
</trkpt>
<trkpt lat="52.208894000" lon="87.159960000">
  <ele>928.420800</ele>
  <time>2017-07-22T06:08:41Z</time>
</trkpt>
<trkpt lat="52.208894000" lon="87.159968000">
  <ele>928.725600</ele>
  <time>2017-07-22T06:09:21Z</time>
</trkpt>
<trkpt lat="52.208903000" lon="87.159998000">
  <ele>928.725600</ele>
  <time>2017-07-22T06:09:54Z</time>
</trkpt>
<trkpt lat="52.208910000" lon="87.159975000">
  <ele>929.030400</ele>
  <time>2017-07-22T06:10:17Z</time>
</trkpt>
<trkpt lat="52.208899000" lon="87.159983000">
  <ele>929.335200</ele>
  <time>2017-07-22T06:10:24Z</time>
</trkpt>
<trkpt lat="52.208884000" lon="87.160019000">
  <ele>929.335200</ele>
  <time>2017-07-22T06:10:28Z</time>
</trkpt>
<trkpt lat="52.208856000" lon="87.160044000">
  <ele>929.640000</ele>
  <time>2017-07-22T06:10:31Z</time>
</trkpt>
<trkpt lat="52.208793000" lon="87.160102000">
  <ele>929.640000</ele>
  <time>2017-07-22T06:10:34Z</time>
</trkpt>
<trkpt lat="52.208727000" lon="87.160173000">
  <ele>929.944800</ele>
  <time>2017-07-22T06:10:37Z</time>
</trkpt>
<trkpt lat="52.208687000" lon="87.160218000">
  <ele>929.944800</ele>
  <time>2017-07-22T06:10:40Z</time>
</trkpt>
<trkpt lat="52.208651000" lon="87.160253000">
  <ele>929.944800</ele>
  <time>2017-07-22T06:10:43Z</time>
</trkpt>
<trkpt lat="52.208617000" lon="87.160258000">
  <ele>930.249600</ele>
  <time>2017-07-22T06:10:47Z</time>
</trkpt>
<trkpt lat="52.208591000" lon="87.160262000">
  <ele>930.249600</ele>
  <time>2017-07-22T06:10:50Z</time>
</trkpt>
<trkpt lat="52.208555000" lon="87.160284000">
  <ele>930.249600</ele>
  <time>2017-07-22T06:10:53Z</time>
</trkpt>
<trkpt lat="52.208521000" lon="87.160299000">
  <ele>930.554400</ele>
  <time>2017-07-22T06:10:56Z</time>
</trkpt>
<trkpt lat="52.208485000" lon="87.160308000">
  <ele>930.554400</ele>
  <time>2017-07-22T06:10:59Z</time>
</trkpt>
<trkpt lat="52.208436000" lon="87.160305000">
  <ele>930.554400</ele>
  <time>2017-07-22T06:11:02Z</time>
</trkpt>
<trkpt lat="52.208400000" lon="87.160299000">
  <ele>930.554400</ele>
  <time>2017-07-22T06:11:05Z</time>
</trkpt>
<trkpt lat="52.208358000" lon="87.160291000">
  <ele>930.554400</ele>
  <time>2017-07-22T06:11:08Z</time>
</trkpt>
<trkpt lat="52.208323000" lon="87.160287000">
  <ele>930.859200</ele>
  <time>2017-07-22T06:11:11Z</time>
</trkpt>
<trkpt lat="52.208290000" lon="87.160267000">
  <ele>930.859200</ele>
  <time>2017-07-22T06:11:14Z</time>
</trkpt>
<trkpt lat="52.208262000" lon="87.160263000">
  <ele>930.859200</ele>
  <time>2017-07-22T06:11:17Z</time>
</trkpt>
<trkpt lat="52.208226000" lon="87.160254000">
  <ele>930.859200</ele>
  <time>2017-07-22T06:11:20Z</time>
</trkpt>
<trkpt lat="52.208190000" lon="87.160241000">
  <ele>930.859200</ele>
  <time>2017-07-22T06:11:23Z</time>
</trkpt>
<trkpt lat="52.208155000" lon="87.160236000">
  <ele>930.859200</ele>
  <time>2017-07-22T06:11:26Z</time>
</trkpt>
<trkpt lat="52.208121000" lon="87.160243000">
  <ele>931.164000</ele>
  <time>2017-07-22T06:11:30Z</time>
</trkpt>
<trkpt lat="52.208085000" lon="87.160270000">
  <ele>931.164000</ele>
  <time>2017-07-22T06:11:33Z</time>
</trkpt>
<trkpt lat="52.208052000" lon="87.160316000">
  <ele>931.164000</ele>
  <time>2017-07-22T06:11:36Z</time>
</trkpt>
<trkpt lat="52.208013000" lon="87.160322000">
  <ele>931.164000</ele>
  <time>2017-07-22T06:11:40Z</time>
</trkpt>
<trkpt lat="52.207981000" lon="87.160303000">
  <ele>931.164000</ele>
  <time>2017-07-22T06:11:43Z</time>
</trkpt>
<trkpt lat="52.207949000" lon="87.160266000">
  <ele>931.164000</ele>
  <time>2017-07-22T06:11:47Z</time>
</trkpt>
<trkpt lat="52.207920000" lon="87.160239000">
  <ele>931.164000</ele>
  <time>2017-07-22T06:11:51Z</time>
</trkpt>
<trkpt lat="52.207904000" lon="87.160197000">
  <ele>931.164000</ele>
  <time>2017-07-22T06:11:54Z</time>
</trkpt>
<trkpt lat="52.207874000" lon="87.160158000">
  <ele>931.164000</ele>
  <time>2017-07-22T06:11:57Z</time>
</trkpt>
<trkpt lat="52.207850000" lon="87.160125000">
  <ele>931.468800</ele>
  <time>2017-07-22T06:12:01Z</time>
</trkpt>
<trkpt lat="52.207832000" lon="87.160088000">
  <ele>931.468800</ele>
  <time>2017-07-22T06:12:04Z</time>
</trkpt>
<trkpt lat="52.207799000" lon="87.160078000">
  <ele>931.468800</ele>
  <time>2017-07-22T06:12:07Z</time>
</trkpt>
<trkpt lat="52.207760000" lon="87.160066000">
  <ele>931.468800</ele>
  <time>2017-07-22T06:12:10Z</time>
</trkpt>
<trkpt lat="52.207747000" lon="87.160084000">
  <ele>931.468800</ele>
  <time>2017-07-22T06:12:15Z</time>
</trkpt>
<trkpt lat="52.207724000" lon="87.160050000">
  <ele>931.468800</ele>
  <time>2017-07-22T06:12:20Z</time>
</trkpt>
<trkpt lat="52.207690000" lon="87.160036000">
  <ele>931.468800</ele>
  <time>2017-07-22T06:12:23Z</time>
</trkpt>
<trkpt lat="52.207657000" lon="87.160021000">
  <ele>931.468800</ele>
  <time>2017-07-22T06:12:27Z</time>
</trkpt>
<trkpt lat="52.207622000" lon="87.160020000">
  <ele>931.468800</ele>
  <time>2017-07-22T06:12:30Z</time>
</trkpt>
<trkpt lat="52.207582000" lon="87.160006000">
  <ele>931.468800</ele>
  <time>2017-07-22T06:12:33Z</time>
</trkpt>
<trkpt lat="52.207550000" lon="87.159983000">
  <ele>931.468800</ele>
  <time>2017-07-22T06:12:36Z</time>
</trkpt>
<trkpt lat="52.207517000" lon="87.159973000">
  <ele>931.468800</ele>
  <time>2017-07-22T06:12:39Z</time>
</trkpt>
<trkpt lat="52.207486000" lon="87.159967000">
  <ele>931.468800</ele>
  <time>2017-07-22T06:12:42Z</time>
</trkpt>
<trkpt lat="52.207458000" lon="87.159965000">
  <ele>931.468800</ele>
  <time>2017-07-22T06:12:45Z</time>
</trkpt>
<trkpt lat="52.207419000" lon="87.159956000">
  <ele>931.468800</ele>
  <time>2017-07-22T06:12:48Z</time>
</trkpt>
<trkpt lat="52.207379000" lon="87.159952000">
  <ele>931.468800</ele>
  <time>2017-07-22T06:12:51Z</time>
</trkpt>
<trkpt lat="52.207352000" lon="87.159933000">
  <ele>931.468800</ele>
  <time>2017-07-22T06:12:54Z</time>
</trkpt>
<trkpt lat="52.207324000" lon="87.159917000">
  <ele>931.468800</ele>
  <time>2017-07-22T06:12:57Z</time>
</trkpt>
<trkpt lat="52.207295000" lon="87.159894000">
  <ele>931.773600</ele>
  <time>2017-07-22T06:13:01Z</time>
</trkpt>
<trkpt lat="52.207262000" lon="87.159883000">
  <ele>931.773600</ele>
  <time>2017-07-22T06:13:04Z</time>
</trkpt>
<trkpt lat="52.207233000" lon="87.159864000">
  <ele>931.773600</ele>
  <time>2017-07-22T06:13:07Z</time>
</trkpt>
<trkpt lat="52.207198000" lon="87.159858000">
  <ele>931.773600</ele>
  <time>2017-07-22T06:13:10Z</time>
</trkpt>
<trkpt lat="52.207168000" lon="87.159858000">
  <ele>931.773600</ele>
  <time>2017-07-22T06:13:13Z</time>
</trkpt>
<trkpt lat="52.207134000" lon="87.159851000">
  <ele>931.773600</ele>
  <time>2017-07-22T06:13:16Z</time>
</trkpt>
<trkpt lat="52.207100000" lon="87.159832000">
  <ele>931.773600</ele>
  <time>2017-07-22T06:13:19Z</time>
</trkpt>
<trkpt lat="52.207078000" lon="87.159808000">
  <ele>931.773600</ele>
  <time>2017-07-22T06:13:22Z</time>
</trkpt>
<trkpt lat="52.207047000" lon="87.159809000">
  <ele>931.773600</ele>
  <time>2017-07-22T06:13:29Z</time>
</trkpt>
<trkpt lat="52.207015000" lon="87.159828000">
  <ele>931.773600</ele>
  <time>2017-07-22T06:13:33Z</time>
</trkpt>
<trkpt lat="52.207013000" lon="87.159778000">
  <ele>931.773600</ele>
  <time>2017-07-22T06:13:36Z</time>
</trkpt>
<trkpt lat="52.207014000" lon="87.159736000">
  <ele>932.078400</ele>
  <time>2017-07-22T06:13:53Z</time>
</trkpt>
<trkpt lat="52.206989000" lon="87.159748000">
  <ele>932.078400</ele>
  <time>2017-07-22T06:14:07Z</time>
</trkpt>
<trkpt lat="52.206956000" lon="87.159767000">
  <ele>932.383200</ele>
  <time>2017-07-22T06:14:12Z</time>
</trkpt>
<trkpt lat="52.206916000" lon="87.159749000">
  <ele>932.383200</ele>
  <time>2017-07-22T06:14:15Z</time>
</trkpt>
<trkpt lat="52.206880000" lon="87.159731000">
  <ele>932.383200</ele>
  <time>2017-07-22T06:14:18Z</time>
</trkpt>
<trkpt lat="52.206848000" lon="87.159742000">
  <ele>932.688000</ele>
  <time>2017-07-22T06:14:24Z</time>
</trkpt>
<trkpt lat="52.206815000" lon="87.159746000">
  <ele>932.688000</ele>
  <time>2017-07-22T06:14:27Z</time>
</trkpt>
<trkpt lat="52.206778000" lon="87.159755000">
  <ele>932.688000</ele>
  <time>2017-07-22T06:14:30Z</time>
</trkpt>
<trkpt lat="52.206746000" lon="87.159763000">
  <ele>932.992800</ele>
  <time>2017-07-22T06:14:34Z</time>
</trkpt>
<trkpt lat="52.206710000" lon="87.159762000">
  <ele>932.992800</ele>
  <time>2017-07-22T06:14:37Z</time>
</trkpt>
<trkpt lat="52.206655000" lon="87.159767000">
  <ele>932.992800</ele>
  <time>2017-07-22T06:14:40Z</time>
</trkpt>
<trkpt lat="52.206610000" lon="87.159763000">
  <ele>932.992800</ele>
  <time>2017-07-22T06:14:43Z</time>
</trkpt>
<trkpt lat="52.206567000" lon="87.159772000">
  <ele>932.992800</ele>
  <time>2017-07-22T06:14:46Z</time>
</trkpt>
<trkpt lat="52.206533000" lon="87.159770000">
  <ele>933.297600</ele>
  <time>2017-07-22T06:14:49Z</time>
</trkpt>
<trkpt lat="52.206490000" lon="87.159769000">
  <ele>933.297600</ele>
  <time>2017-07-22T06:14:52Z</time>
</trkpt>
<trkpt lat="52.206466000" lon="87.159776000">
  <ele>933.297600</ele>
  <time>2017-07-22T06:14:58Z</time>
</trkpt>
<trkpt lat="52.206440000" lon="87.159785000">
  <ele>933.602400</ele>
  <time>2017-07-22T06:15:02Z</time>
</trkpt>
<trkpt lat="52.206412000" lon="87.159804000">
  <ele>933.602400</ele>
  <time>2017-07-22T06:15:05Z</time>
</trkpt>
<trkpt lat="52.206381000" lon="87.159791000">
  <ele>933.602400</ele>
  <time>2017-07-22T06:15:09Z</time>
</trkpt>
<trkpt lat="52.206337000" lon="87.159799000">
  <ele>933.602400</ele>
  <time>2017-07-22T06:15:12Z</time>
</trkpt>
<trkpt lat="52.206312000" lon="87.159812000">
  <ele>933.907200</ele>
  <time>2017-07-22T06:15:19Z</time>
</trkpt>
<trkpt lat="52.206287000" lon="87.159826000">
  <ele>933.907200</ele>
  <time>2017-07-22T06:15:22Z</time>
</trkpt>
<trkpt lat="52.206257000" lon="87.159862000">
  <ele>933.907200</ele>
  <time>2017-07-22T06:15:25Z</time>
</trkpt>
<trkpt lat="52.206230000" lon="87.159887000">
  <ele>934.212000</ele>
  <time>2017-07-22T06:15:31Z</time>
</trkpt>
<trkpt lat="52.206195000" lon="87.159902000">
  <ele>934.212000</ele>
  <time>2017-07-22T06:15:34Z</time>
</trkpt>
<trkpt lat="52.206152000" lon="87.159904000">
  <ele>934.212000</ele>
  <time>2017-07-22T06:15:37Z</time>
</trkpt>
<trkpt lat="52.206120000" lon="87.159881000">
  <ele>934.212000</ele>
  <time>2017-07-22T06:15:40Z</time>
</trkpt>
<trkpt lat="52.206073000" lon="87.159902000">
  <ele>934.212000</ele>
  <time>2017-07-22T06:15:43Z</time>
</trkpt>
<trkpt lat="52.206007000" lon="87.159889000">
  <ele>934.212000</ele>
  <time>2017-07-22T06:15:46Z</time>
</trkpt>
<trkpt lat="52.205953000" lon="87.159873000">
  <ele>934.516800</ele>
  <time>2017-07-22T06:15:49Z</time>
</trkpt>
<trkpt lat="52.205926000" lon="87.159869000">
  <ele>934.516800</ele>
  <time>2017-07-22T06:15:52Z</time>
</trkpt>
<trkpt lat="52.205884000" lon="87.159856000">
  <ele>934.516800</ele>
  <time>2017-07-22T06:15:56Z</time>
</trkpt>
<trkpt lat="52.205820000" lon="87.159827000">
  <ele>934.516800</ele>
  <time>2017-07-22T06:15:59Z</time>
</trkpt>
<trkpt lat="52.205791000" lon="87.159812000">
  <ele>934.516800</ele>
  <time>2017-07-22T06:16:02Z</time>
</trkpt>
<trkpt lat="52.205769000" lon="87.159788000">
  <ele>934.516800</ele>
  <time>2017-07-22T06:16:05Z</time>
</trkpt>
<trkpt lat="52.205722000" lon="87.159709000">
  <ele>934.516800</ele>
  <time>2017-07-22T06:16:08Z</time>
</trkpt>
<trkpt lat="52.205687000" lon="87.159690000">
  <ele>934.821600</ele>
  <time>2017-07-22T06:16:11Z</time>
</trkpt>
<trkpt lat="52.205660000" lon="87.159688000">
  <ele>934.821600</ele>
  <time>2017-07-22T06:16:15Z</time>
</trkpt>
<trkpt lat="52.205647000" lon="87.159656000">
  <ele>934.821600</ele>
  <time>2017-07-22T06:16:19Z</time>
</trkpt>
<trkpt lat="52.205624000" lon="87.159646000">
  <ele>934.821600</ele>
  <time>2017-07-22T06:16:25Z</time>
</trkpt>
<trkpt lat="52.205598000" lon="87.159623000">
  <ele>934.821600</ele>
  <time>2017-07-22T06:16:29Z</time>
</trkpt>
<trkpt lat="52.205555000" lon="87.159618000">
  <ele>934.821600</ele>
  <time>2017-07-22T06:16:32Z</time>
</trkpt>
<trkpt lat="52.205516000" lon="87.159602000">
  <ele>935.126400</ele>
  <time>2017-07-22T06:16:35Z</time>
</trkpt>
<trkpt lat="52.205478000" lon="87.159581000">
  <ele>935.126400</ele>
  <time>2017-07-22T06:16:38Z</time>
</trkpt>
<trkpt lat="52.205442000" lon="87.159592000">
  <ele>935.126400</ele>
  <time>2017-07-22T06:16:41Z</time>
</trkpt>
<trkpt lat="52.205406000" lon="87.159587000">
  <ele>935.126400</ele>
  <time>2017-07-22T06:16:44Z</time>
</trkpt>
<trkpt lat="52.205377000" lon="87.159567000">
  <ele>935.126400</ele>
  <time>2017-07-22T06:16:47Z</time>
</trkpt>
<trkpt lat="52.205359000" lon="87.159538000">
  <ele>935.126400</ele>
  <time>2017-07-22T06:17:03Z</time>
</trkpt>
<trkpt lat="52.205327000" lon="87.159496000">
  <ele>935.126400</ele>
  <time>2017-07-22T06:17:06Z</time>
</trkpt>
<trkpt lat="52.205312000" lon="87.159460000">
  <ele>935.431200</ele>
  <time>2017-07-22T06:17:09Z</time>
</trkpt>
<trkpt lat="52.205283000" lon="87.159436000">
  <ele>935.431200</ele>
  <time>2017-07-22T06:17:23Z</time>
</trkpt>
<trkpt lat="52.205236000" lon="87.159408000">
  <ele>935.431200</ele>
  <time>2017-07-22T06:17:26Z</time>
</trkpt>
<trkpt lat="52.205196000" lon="87.159405000">
  <ele>935.431200</ele>
  <time>2017-07-22T06:17:29Z</time>
</trkpt>
<trkpt lat="52.205168000" lon="87.159416000">
  <ele>935.736000</ele>
  <time>2017-07-22T06:17:32Z</time>
</trkpt>
<trkpt lat="52.205113000" lon="87.159388000">
  <ele>935.736000</ele>
  <time>2017-07-22T06:17:35Z</time>
</trkpt>
<trkpt lat="52.205085000" lon="87.159381000">
  <ele>935.736000</ele>
  <time>2017-07-22T06:17:39Z</time>
</trkpt>
<trkpt lat="52.205050000" lon="87.159374000">
  <ele>935.736000</ele>
  <time>2017-07-22T06:17:42Z</time>
</trkpt>
<trkpt lat="52.205021000" lon="87.159364000">
  <ele>936.040800</ele>
  <time>2017-07-22T06:17:45Z</time>
</trkpt>
<trkpt lat="52.204975000" lon="87.159361000">
  <ele>936.040800</ele>
  <time>2017-07-22T06:17:48Z</time>
</trkpt>
<trkpt lat="52.204940000" lon="87.159353000">
  <ele>936.040800</ele>
  <time>2017-07-22T06:17:51Z</time>
</trkpt>
<trkpt lat="52.204902000" lon="87.159335000">
  <ele>936.040800</ele>
  <time>2017-07-22T06:17:54Z</time>
</trkpt>
<trkpt lat="52.204879000" lon="87.159309000">
  <ele>936.040800</ele>
  <time>2017-07-22T06:17:57Z</time>
</trkpt>
<trkpt lat="52.204844000" lon="87.159292000">
  <ele>936.345600</ele>
  <time>2017-07-22T06:18:00Z</time>
</trkpt>
<trkpt lat="52.204806000" lon="87.159276000">
  <ele>936.345600</ele>
  <time>2017-07-22T06:18:03Z</time>
</trkpt>
<trkpt lat="52.204773000" lon="87.159274000">
  <ele>936.345600</ele>
  <time>2017-07-22T06:18:06Z</time>
</trkpt>
<trkpt lat="52.204734000" lon="87.159267000">
  <ele>936.345600</ele>
  <time>2017-07-22T06:18:09Z</time>
</trkpt>
<trkpt lat="52.204690000" lon="87.159256000">
  <ele>936.345600</ele>
  <time>2017-07-22T06:18:12Z</time>
</trkpt>
<trkpt lat="52.204661000" lon="87.159249000">
  <ele>936.650400</ele>
  <time>2017-07-22T06:18:15Z</time>
</trkpt>
<trkpt lat="52.204637000" lon="87.159226000">
  <ele>936.650400</ele>
  <time>2017-07-22T06:18:21Z</time>
</trkpt>
<trkpt lat="52.204593000" lon="87.159219000">
  <ele>936.650400</ele>
  <time>2017-07-22T06:18:24Z</time>
</trkpt>
<trkpt lat="52.204559000" lon="87.159212000">
  <ele>936.650400</ele>
  <time>2017-07-22T06:18:27Z</time>
</trkpt>
<trkpt lat="52.204532000" lon="87.159195000">
  <ele>936.650400</ele>
  <time>2017-07-22T06:18:30Z</time>
</trkpt>
<trkpt lat="52.204505000" lon="87.159188000">
  <ele>936.955200</ele>
  <time>2017-07-22T06:18:33Z</time>
</trkpt>
<trkpt lat="52.204474000" lon="87.159169000">
  <ele>936.955200</ele>
  <time>2017-07-22T06:18:36Z</time>
</trkpt>
<trkpt lat="52.204425000" lon="87.159167000">
  <ele>936.955200</ele>
  <time>2017-07-22T06:18:39Z</time>
</trkpt>
<trkpt lat="52.204385000" lon="87.159160000">
  <ele>936.955200</ele>
  <time>2017-07-22T06:18:42Z</time>
</trkpt>
<trkpt lat="52.204352000" lon="87.159168000">
  <ele>937.260000</ele>
  <time>2017-07-22T06:18:45Z</time>
</trkpt>
<trkpt lat="52.204319000" lon="87.159163000">
  <ele>937.260000</ele>
  <time>2017-07-22T06:18:51Z</time>
</trkpt>
<trkpt lat="52.204282000" lon="87.159176000">
  <ele>937.260000</ele>
  <time>2017-07-22T06:18:54Z</time>
</trkpt>
<trkpt lat="52.204254000" lon="87.159180000">
  <ele>937.564800</ele>
  <time>2017-07-22T06:18:58Z</time>
</trkpt>
<trkpt lat="52.204238000" lon="87.159162000">
  <ele>937.564800</ele>
  <time>2017-07-22T06:19:11Z</time>
</trkpt>
<trkpt lat="52.204212000" lon="87.159147000">
  <ele>937.869600</ele>
  <time>2017-07-22T06:19:17Z</time>
</trkpt>
<trkpt lat="52.204183000" lon="87.159141000">
  <ele>937.869600</ele>
  <time>2017-07-22T06:19:21Z</time>
</trkpt>
<trkpt lat="52.204144000" lon="87.159128000">
  <ele>937.869600</ele>
  <time>2017-07-22T06:19:24Z</time>
</trkpt>
<trkpt lat="52.204094000" lon="87.159129000">
  <ele>938.174400</ele>
  <time>2017-07-22T06:19:27Z</time>
</trkpt>
<trkpt lat="52.204077000" lon="87.159155000">
  <ele>938.174400</ele>
  <time>2017-07-22T06:19:31Z</time>
</trkpt>
<trkpt lat="52.204082000" lon="87.159141000">
  <ele>938.174400</ele>
  <time>2017-07-22T06:19:49Z</time>
</trkpt>
<trkpt lat="52.204092000" lon="87.159154000">
  <ele>938.479200</ele>
  <time>2017-07-22T06:20:12Z</time>
</trkpt>
<trkpt lat="52.204068000" lon="87.159139000">
  <ele>938.784000</ele>
  <time>2017-07-22T06:20:16Z</time>
</trkpt>
<trkpt lat="52.204064000" lon="87.159143000">
  <ele>939.088800</ele>
  <time>2017-07-22T06:20:30Z</time>
</trkpt>
<trkpt lat="52.204001000" lon="87.159130000">
  <ele>939.393600</ele>
  <time>2017-07-22T06:20:33Z</time>
</trkpt>
<trkpt lat="52.203954000" lon="87.159110000">
  <ele>939.393600</ele>
  <time>2017-07-22T06:20:36Z</time>
</trkpt>
<trkpt lat="52.203917000" lon="87.159088000">
  <ele>939.393600</ele>
  <time>2017-07-22T06:20:39Z</time>
</trkpt>
<trkpt lat="52.203883000" lon="87.159086000">
  <ele>939.698400</ele>
  <time>2017-07-22T06:20:44Z</time>
</trkpt>
<trkpt lat="52.203860000" lon="87.159104000">
  <ele>940.003200</ele>
  <time>2017-07-22T06:20:51Z</time>
</trkpt>
<trkpt lat="52.203839000" lon="87.159080000">
  <ele>940.003200</ele>
  <time>2017-07-22T06:20:56Z</time>
</trkpt>
<trkpt lat="52.203826000" lon="87.159043000">
  <ele>940.308000</ele>
  <time>2017-07-22T06:20:59Z</time>
</trkpt>
<trkpt lat="52.203799000" lon="87.159039000">
  <ele>940.308000</ele>
  <time>2017-07-22T06:21:04Z</time>
</trkpt>
<trkpt lat="52.203770000" lon="87.159028000">
  <ele>940.612800</ele>
  <time>2017-07-22T06:21:09Z</time>
</trkpt>
<trkpt lat="52.203743000" lon="87.159022000">
  <ele>940.612800</ele>
  <time>2017-07-22T06:21:12Z</time>
</trkpt>
<trkpt lat="52.203714000" lon="87.159034000">
  <ele>940.612800</ele>
  <time>2017-07-22T06:21:15Z</time>
</trkpt>
<trkpt lat="52.203678000" lon="87.159032000">
  <ele>940.612800</ele>
  <time>2017-07-22T06:21:18Z</time>
</trkpt>
<trkpt lat="52.203650000" lon="87.159038000">
  <ele>940.917600</ele>
  <time>2017-07-22T06:21:21Z</time>
</trkpt>
<trkpt lat="52.203620000" lon="87.159041000">
  <ele>940.917600</ele>
  <time>2017-07-22T06:21:25Z</time>
</trkpt>
<trkpt lat="52.203591000" lon="87.159040000">
  <ele>940.917600</ele>
  <time>2017-07-22T06:21:29Z</time>
</trkpt>
<trkpt lat="52.203579000" lon="87.159014000">
  <ele>940.917600</ele>
  <time>2017-07-22T06:21:40Z</time>
</trkpt>
<trkpt lat="52.203543000" lon="87.159026000">
  <ele>941.222400</ele>
  <time>2017-07-22T06:21:44Z</time>
</trkpt>
<trkpt lat="52.203505000" lon="87.159014000">
  <ele>941.222400</ele>
  <time>2017-07-22T06:21:47Z</time>
</trkpt>
<trkpt lat="52.203495000" lon="87.158995000">
  <ele>941.222400</ele>
  <time>2017-07-22T06:21:52Z</time>
</trkpt>
<trkpt lat="52.203476000" lon="87.158978000">
  <ele>941.527200</ele>
  <time>2017-07-22T06:22:10Z</time>
</trkpt>
<trkpt lat="52.203450000" lon="87.158983000">
  <ele>941.527200</ele>
  <time>2017-07-22T06:22:49Z</time>
</trkpt>
<trkpt lat="52.203426000" lon="87.158977000">
  <ele>941.832000</ele>
  <time>2017-07-22T06:23:05Z</time>
</trkpt>
<trkpt lat="52.203414000" lon="87.158949000">
  <ele>941.832000</ele>
  <time>2017-07-22T06:23:38Z</time>
</trkpt>
<trkpt lat="52.203411000" lon="87.158915000">
  <ele>942.136800</ele>
  <time>2017-07-22T06:24:36Z</time>
</trkpt>
<trkpt lat="52.203396000" lon="87.158900000">
  <ele>942.441600</ele>
  <time>2017-07-22T06:25:41Z</time>
</trkpt>
<trkpt lat="52.203389000" lon="87.158900000">
  <ele>942.746400</ele>
  <time>2017-07-22T06:25:59Z</time>
</trkpt>
<trkpt lat="52.203362000" lon="87.158901000">
  <ele>943.051200</ele>
  <time>2017-07-22T06:26:04Z</time>
</trkpt>
<trkpt lat="52.203333000" lon="87.158912000">
  <ele>943.051200</ele>
  <time>2017-07-22T06:26:07Z</time>
</trkpt>
<trkpt lat="52.203304000" lon="87.158941000">
  <ele>943.356000</ele>
  <time>2017-07-22T06:26:15Z</time>
</trkpt>
<trkpt lat="52.203288000" lon="87.158966000">
  <ele>943.356000</ele>
  <time>2017-07-22T06:26:31Z</time>
</trkpt>
<trkpt lat="52.203261000" lon="87.158971000">
  <ele>943.660800</ele>
  <time>2017-07-22T06:26:34Z</time>
</trkpt>
<trkpt lat="52.203239000" lon="87.158972000">
  <ele>943.965600</ele>
  <time>2017-07-22T06:27:06Z</time>
</trkpt>
<trkpt lat="52.203224000" lon="87.158965000">
  <ele>943.965600</ele>
  <time>2017-07-22T06:27:13Z</time>
</trkpt>
<trkpt lat="52.203207000" lon="87.158956000">
  <ele>944.270400</ele>
  <time>2017-07-22T06:27:30Z</time>
</trkpt>
<trkpt lat="52.203180000" lon="87.158948000">
  <ele>944.270400</ele>
  <time>2017-07-22T06:27:34Z</time>
</trkpt>
<trkpt lat="52.203153000" lon="87.158953000">
  <ele>944.575200</ele>
  <time>2017-07-22T06:27:43Z</time>
</trkpt>
<trkpt lat="52.203125000" lon="87.158968000">
  <ele>944.575200</ele>
  <time>2017-07-22T06:27:51Z</time>
</trkpt>
<trkpt lat="52.203093000" lon="87.158991000">
  <ele>944.880000</ele>
  <time>2017-07-22T06:27:54Z</time>
</trkpt>
<trkpt lat="52.203025000" lon="87.158979000">
  <ele>944.880000</ele>
  <time>2017-07-22T06:27:57Z</time>
</trkpt>
<trkpt lat="52.202978000" lon="87.158961000">
  <ele>944.880000</ele>
  <time>2017-07-22T06:28:00Z</time>
</trkpt>
<trkpt lat="52.202953000" lon="87.158941000">
  <ele>944.880000</ele>
  <time>2017-07-22T06:28:03Z</time>
</trkpt>
<trkpt lat="52.202927000" lon="87.158895000">
  <ele>944.880000</ele>
  <time>2017-07-22T06:28:06Z</time>
</trkpt>
<trkpt lat="52.202910000" lon="87.158854000">
  <ele>945.184800</ele>
  <time>2017-07-22T06:28:09Z</time>
</trkpt>
<trkpt lat="52.202880000" lon="87.158844000">
  <ele>945.184800</ele>
  <time>2017-07-22T06:28:18Z</time>
</trkpt>
<trkpt lat="52.202893000" lon="87.158854000">
  <ele>945.184800</ele>
  <time>2017-07-22T06:28:28Z</time>
</trkpt>
<trkpt lat="52.202874000" lon="87.158828000">
  <ele>945.184800</ele>
  <time>2017-07-22T06:28:42Z</time>
</trkpt>
<trkpt lat="52.202846000" lon="87.158829000">
  <ele>945.489600</ele>
  <time>2017-07-22T06:28:46Z</time>
</trkpt>
<trkpt lat="52.202814000" lon="87.158822000">
  <ele>945.489600</ele>
  <time>2017-07-22T06:28:50Z</time>
</trkpt>
<trkpt lat="52.202781000" lon="87.158808000">
  <ele>945.489600</ele>
  <time>2017-07-22T06:28:53Z</time>
</trkpt>
<trkpt lat="52.202760000" lon="87.158780000">
  <ele>945.489600</ele>
  <time>2017-07-22T06:28:57Z</time>
</trkpt>
<trkpt lat="52.202741000" lon="87.158748000">
  <ele>945.489600</ele>
  <time>2017-07-22T06:29:05Z</time>
</trkpt>
<trkpt lat="52.202713000" lon="87.158746000">
  <ele>945.489600</ele>
  <time>2017-07-22T06:29:08Z</time>
</trkpt>
<trkpt lat="52.202674000" lon="87.158735000">
  <ele>945.489600</ele>
  <time>2017-07-22T06:29:11Z</time>
</trkpt>
<trkpt lat="52.202639000" lon="87.158729000">
  <ele>945.489600</ele>
  <time>2017-07-22T06:29:14Z</time>
</trkpt>
<trkpt lat="52.202609000" lon="87.158732000">
  <ele>945.489600</ele>
  <time>2017-07-22T06:29:22Z</time>
</trkpt>
<trkpt lat="52.202575000" lon="87.158743000">
  <ele>945.489600</ele>
  <time>2017-07-22T06:29:25Z</time>
</trkpt>
<trkpt lat="52.202530000" lon="87.158750000">
  <ele>945.489600</ele>
  <time>2017-07-22T06:29:28Z</time>
</trkpt>
<trkpt lat="52.202499000" lon="87.158731000">
  <ele>945.489600</ele>
  <time>2017-07-22T06:29:31Z</time>
</trkpt>
<trkpt lat="52.202477000" lon="87.158704000">
  <ele>945.794400</ele>
  <time>2017-07-22T06:29:34Z</time>
</trkpt>
<trkpt lat="52.202448000" lon="87.158682000">
  <ele>945.794400</ele>
  <time>2017-07-22T06:29:39Z</time>
</trkpt>
<trkpt lat="52.202422000" lon="87.158669000">
  <ele>945.794400</ele>
  <time>2017-07-22T06:29:42Z</time>
</trkpt>
<trkpt lat="52.202379000" lon="87.158666000">
  <ele>945.794400</ele>
  <time>2017-07-22T06:29:45Z</time>
</trkpt>
<trkpt lat="52.202337000" lon="87.158667000">
  <ele>945.794400</ele>
  <time>2017-07-22T06:29:48Z</time>
</trkpt>
<trkpt lat="52.202294000" lon="87.158674000">
  <ele>945.794400</ele>
  <time>2017-07-22T06:29:51Z</time>
</trkpt>
<trkpt lat="52.202276000" lon="87.158702000">
  <ele>945.794400</ele>
  <time>2017-07-22T06:29:57Z</time>
</trkpt>
<trkpt lat="52.202244000" lon="87.158716000">
  <ele>945.794400</ele>
  <time>2017-07-22T06:30:00Z</time>
</trkpt>
<trkpt lat="52.202218000" lon="87.158735000">
  <ele>945.794400</ele>
  <time>2017-07-22T06:30:04Z</time>
</trkpt>
<trkpt lat="52.202190000" lon="87.158761000">
  <ele>945.794400</ele>
  <time>2017-07-22T06:30:09Z</time>
</trkpt>
<trkpt lat="52.202158000" lon="87.158774000">
  <ele>945.794400</ele>
  <time>2017-07-22T06:30:12Z</time>
</trkpt>
<trkpt lat="52.202128000" lon="87.158788000">
  <ele>945.794400</ele>
  <time>2017-07-22T06:30:16Z</time>
</trkpt>
<trkpt lat="52.202115000" lon="87.158749000">
  <ele>945.794400</ele>
  <time>2017-07-22T06:30:20Z</time>
</trkpt>
<trkpt lat="52.202088000" lon="87.158721000">
  <ele>946.099200</ele>
  <time>2017-07-22T06:30:23Z</time>
</trkpt>
<trkpt lat="52.202061000" lon="87.158710000">
  <ele>946.099200</ele>
  <time>2017-07-22T06:30:28Z</time>
</trkpt>
<trkpt lat="52.202025000" lon="87.158723000">
  <ele>946.099200</ele>
  <time>2017-07-22T06:30:33Z</time>
</trkpt>
<trkpt lat="52.201994000" lon="87.158734000">
  <ele>946.099200</ele>
  <time>2017-07-22T06:30:38Z</time>
</trkpt>
<trkpt lat="52.201964000" lon="87.158727000">
  <ele>946.099200</ele>
  <time>2017-07-22T06:30:41Z</time>
</trkpt>
<trkpt lat="52.201938000" lon="87.158711000">
  <ele>946.099200</ele>
  <time>2017-07-22T06:30:46Z</time>
</trkpt>
<trkpt lat="52.201903000" lon="87.158693000">
  <ele>946.099200</ele>
  <time>2017-07-22T06:30:50Z</time>
</trkpt>
<trkpt lat="52.201889000" lon="87.158655000">
  <ele>946.099200</ele>
  <time>2017-07-22T06:30:54Z</time>
</trkpt>
<trkpt lat="52.201860000" lon="87.158614000">
  <ele>946.099200</ele>
  <time>2017-07-22T06:30:57Z</time>
</trkpt>
<trkpt lat="52.201843000" lon="87.158573000">
  <ele>946.099200</ele>
  <time>2017-07-22T06:31:02Z</time>
</trkpt>
<trkpt lat="52.201818000" lon="87.158553000">
  <ele>946.099200</ele>
  <time>2017-07-22T06:31:05Z</time>
</trkpt>
<trkpt lat="52.201786000" lon="87.158561000">
  <ele>946.099200</ele>
  <time>2017-07-22T06:31:08Z</time>
</trkpt>
<trkpt lat="52.201758000" lon="87.158548000">
  <ele>946.099200</ele>
  <time>2017-07-22T06:31:11Z</time>
</trkpt>
<trkpt lat="52.201698000" lon="87.158541000">
  <ele>946.099200</ele>
  <time>2017-07-22T06:31:14Z</time>
</trkpt>
<trkpt lat="52.201639000" lon="87.158533000">
  <ele>946.099200</ele>
  <time>2017-07-22T06:31:17Z</time>
</trkpt>
<trkpt lat="52.201608000" lon="87.158533000">
  <ele>946.099200</ele>
  <time>2017-07-22T06:31:20Z</time>
</trkpt>
<trkpt lat="52.201587000" lon="87.158523000">
  <ele>946.404000</ele>
  <time>2017-07-22T06:31:27Z</time>
</trkpt>
<trkpt lat="52.201586000" lon="87.158525000">
  <ele>946.404000</ele>
  <time>2017-07-22T06:31:44Z</time>
</trkpt>
<trkpt lat="52.201591000" lon="87.158533000">
  <ele>946.708800</ele>
  <time>2017-07-22T06:31:59Z</time>
</trkpt>
<trkpt lat="52.201560000" lon="87.158535000">
  <ele>946.708800</ele>
  <time>2017-07-22T06:32:02Z</time>
</trkpt>
<trkpt lat="52.201512000" lon="87.158560000">
  <ele>946.708800</ele>
  <time>2017-07-22T06:32:05Z</time>
</trkpt>
<trkpt lat="52.201492000" lon="87.158549000">
  <ele>946.708800</ele>
  <time>2017-07-22T06:32:08Z</time>
</trkpt>
<trkpt lat="52.201466000" lon="87.158555000">
  <ele>946.708800</ele>
  <time>2017-07-22T06:32:13Z</time>
</trkpt>
<trkpt lat="52.201461000" lon="87.158536000">
  <ele>946.708800</ele>
  <time>2017-07-22T06:32:27Z</time>
</trkpt>
<trkpt lat="52.201459000" lon="87.158493000">
  <ele>946.708800</ele>
  <time>2017-07-22T06:32:33Z</time>
</trkpt>
<trkpt lat="52.201456000" lon="87.158446000">
  <ele>947.013600</ele>
  <time>2017-07-22T06:32:36Z</time>
</trkpt>
<trkpt lat="52.201456000" lon="87.158399000">
  <ele>947.013600</ele>
  <time>2017-07-22T06:32:40Z</time>
</trkpt>
<trkpt lat="52.201462000" lon="87.158343000">
  <ele>947.013600</ele>
  <time>2017-07-22T06:32:43Z</time>
</trkpt>
<trkpt lat="52.201482000" lon="87.158295000">
  <ele>947.013600</ele>
  <time>2017-07-22T06:32:46Z</time>
</trkpt>
<trkpt lat="52.201476000" lon="87.158305000">
  <ele>947.013600</ele>
  <time>2017-07-22T06:33:07Z</time>
</trkpt>
<trkpt lat="52.201477000" lon="87.158291000">
  <ele>947.013600</ele>
  <time>2017-07-22T06:33:15Z</time>
</trkpt>
<trkpt lat="52.201459000" lon="87.158275000">
  <ele>947.318400</ele>
  <time>2017-07-22T06:33:21Z</time>
</trkpt>
<trkpt lat="52.201463000" lon="87.158257000">
  <ele>947.318400</ele>
  <time>2017-07-22T06:34:31Z</time>
</trkpt>
<trkpt lat="52.201433000" lon="87.158257000">
  <ele>947.318400</ele>
  <time>2017-07-22T06:34:34Z</time>
</trkpt>
<trkpt lat="52.201402000" lon="87.158247000">
  <ele>947.623200</ele>
  <time>2017-07-22T06:34:38Z</time>
</trkpt>
<trkpt lat="52.201363000" lon="87.158245000">
  <ele>947.623200</ele>
  <time>2017-07-22T06:34:41Z</time>
</trkpt>
<trkpt lat="52.201333000" lon="87.158258000">
  <ele>947.623200</ele>
  <time>2017-07-22T06:34:44Z</time>
</trkpt>
<trkpt lat="52.201300000" lon="87.158261000">
  <ele>947.623200</ele>
  <time>2017-07-22T06:34:47Z</time>
</trkpt>
<trkpt lat="52.201275000" lon="87.158248000">
  <ele>947.623200</ele>
  <time>2017-07-22T06:34:51Z</time>
</trkpt>
<trkpt lat="52.201275000" lon="87.158201000">
  <ele>947.928000</ele>
  <time>2017-07-22T06:34:57Z</time>
</trkpt>
<trkpt lat="52.201290000" lon="87.158181000">
  <ele>947.928000</ele>
  <time>2017-07-22T06:35:05Z</time>
</trkpt>
<trkpt lat="52.201308000" lon="87.158166000">
  <ele>948.232800</ele>
  <time>2017-07-22T06:35:24Z</time>
</trkpt>
<trkpt lat="52.201289000" lon="87.158143000">
  <ele>948.232800</ele>
  <time>2017-07-22T06:35:33Z</time>
</trkpt>
<trkpt lat="52.201323000" lon="87.158152000">
  <ele>948.232800</ele>
  <time>2017-07-22T06:35:48Z</time>
</trkpt>
<trkpt lat="52.201349000" lon="87.158169000">
  <ele>948.232800</ele>
  <time>2017-07-22T06:35:51Z</time>
</trkpt>
<trkpt lat="52.201377000" lon="87.158192000">
  <ele>948.232800</ele>
  <time>2017-07-22T06:35:54Z</time>
</trkpt>
<trkpt lat="52.201396000" lon="87.158216000">
  <ele>948.232800</ele>
  <time>2017-07-22T06:36:16Z</time>
</trkpt>
<trkpt lat="52.201395000" lon="87.158256000">
  <ele>948.537600</ele>
  <time>2017-07-22T06:36:25Z</time>
</trkpt>
<trkpt lat="52.201400000" lon="87.158265000">
  <ele>948.537600</ele>
  <time>2017-07-22T06:36:51Z</time>
</trkpt>
<trkpt lat="52.201401000" lon="87.158234000">
  <ele>948.842400</ele>
  <time>2017-07-22T06:37:22Z</time>
</trkpt>
<trkpt lat="52.201432000" lon="87.158222000">
  <ele>949.147200</ele>
  <time>2017-07-22T06:37:30Z</time>
</trkpt>
<trkpt lat="52.201445000" lon="87.158208000">
  <ele>949.147200</ele>
  <time>2017-07-22T06:37:56Z</time>
</trkpt>
<trkpt lat="52.201458000" lon="87.158209000">
  <ele>949.452000</ele>
  <time>2017-07-22T06:38:05Z</time>
</trkpt>
<trkpt lat="52.201418000" lon="87.158195000">
  <ele>949.756800</ele>
  <time>2017-07-22T06:38:08Z</time>
</trkpt>
<trkpt lat="52.201404000" lon="87.158172000">
  <ele>950.061600</ele>
  <time>2017-07-22T06:38:15Z</time>
</trkpt>
<trkpt lat="52.201378000" lon="87.158150000">
  <ele>950.061600</ele>
  <time>2017-07-22T06:38:20Z</time>
</trkpt>
<trkpt lat="52.201353000" lon="87.158133000">
  <ele>950.366400</ele>
  <time>2017-07-22T06:38:25Z</time>
</trkpt>
<trkpt lat="52.201329000" lon="87.158147000">
  <ele>950.366400</ele>
  <time>2017-07-22T06:38:32Z</time>
</trkpt>
<trkpt lat="52.201292000" lon="87.158169000">
  <ele>950.671200</ele>
  <time>2017-07-22T06:38:35Z</time>
</trkpt>
<trkpt lat="52.201266000" lon="87.158184000">
  <ele>950.671200</ele>
  <time>2017-07-22T06:38:38Z</time>
</trkpt>
<trkpt lat="52.201249000" lon="87.158177000">
  <ele>950.671200</ele>
  <time>2017-07-22T06:38:53Z</time>
</trkpt>
<trkpt lat="52.201228000" lon="87.158162000">
  <ele>950.976000</ele>
  <time>2017-07-22T06:39:08Z</time>
</trkpt>
<trkpt lat="52.201201000" lon="87.158148000">
  <ele>951.280800</ele>
  <time>2017-07-22T06:39:28Z</time>
</trkpt>
<trkpt lat="52.201183000" lon="87.158114000">
  <ele>951.585600</ele>
  <time>2017-07-22T06:39:51Z</time>
</trkpt>
<trkpt lat="52.201164000" lon="87.158097000">
  <ele>951.585600</ele>
  <time>2017-07-22T06:39:57Z</time>
</trkpt>
<trkpt lat="52.201145000" lon="87.158099000">
  <ele>951.890400</ele>
  <time>2017-07-22T06:40:06Z</time>
</trkpt>
<trkpt lat="52.201127000" lon="87.158068000">
  <ele>951.890400</ele>
  <time>2017-07-22T06:40:16Z</time>
</trkpt>
<trkpt lat="52.201110000" lon="87.158032000">
  <ele>951.890400</ele>
  <time>2017-07-22T06:40:19Z</time>
</trkpt>
<trkpt lat="52.201079000" lon="87.157997000">
  <ele>951.890400</ele>
  <time>2017-07-22T06:40:22Z</time>
</trkpt>
<trkpt lat="52.201058000" lon="87.157951000">
  <ele>951.890400</ele>
  <time>2017-07-22T06:40:27Z</time>
</trkpt>
<trkpt lat="52.201026000" lon="87.157942000">
  <ele>952.195200</ele>
  <time>2017-07-22T06:40:39Z</time>
</trkpt>
<trkpt lat="52.200992000" lon="87.157926000">
  <ele>952.195200</ele>
  <time>2017-07-22T06:40:42Z</time>
</trkpt>
<trkpt lat="52.200966000" lon="87.157906000">
  <ele>952.195200</ele>
  <time>2017-07-22T06:40:45Z</time>
</trkpt>
<trkpt lat="52.200933000" lon="87.157881000">
  <ele>952.195200</ele>
  <time>2017-07-22T06:40:49Z</time>
</trkpt>
<trkpt lat="52.200917000" lon="87.157846000">
  <ele>952.195200</ele>
  <time>2017-07-22T06:40:52Z</time>
</trkpt>
<trkpt lat="52.200895000" lon="87.157809000">
  <ele>952.195200</ele>
  <time>2017-07-22T06:40:55Z</time>
</trkpt>
<trkpt lat="52.200889000" lon="87.157769000">
  <ele>952.195200</ele>
  <time>2017-07-22T06:41:03Z</time>
</trkpt>
<trkpt lat="52.200863000" lon="87.157737000">
  <ele>952.500000</ele>
  <time>2017-07-22T06:41:07Z</time>
</trkpt>
<trkpt lat="52.200843000" lon="87.157748000">
  <ele>952.500000</ele>
  <time>2017-07-22T06:41:10Z</time>
</trkpt>
<trkpt lat="52.200818000" lon="87.157767000">
  <ele>952.500000</ele>
  <time>2017-07-22T06:41:14Z</time>
</trkpt>
<trkpt lat="52.200791000" lon="87.157756000">
  <ele>952.500000</ele>
  <time>2017-07-22T06:41:20Z</time>
</trkpt>
<trkpt lat="52.200753000" lon="87.157747000">
  <ele>952.500000</ele>
  <time>2017-07-22T06:41:25Z</time>
</trkpt>
<trkpt lat="52.200738000" lon="87.157741000">
  <ele>952.500000</ele>
  <time>2017-07-22T06:41:28Z</time>
</trkpt>
<trkpt lat="52.200770000" lon="87.157732000">
  <ele>952.500000</ele>
  <time>2017-07-22T06:41:33Z</time>
</trkpt>
<trkpt lat="52.200798000" lon="87.157710000">
  <ele>952.500000</ele>
  <time>2017-07-22T06:41:36Z</time>
</trkpt>
<trkpt lat="52.200824000" lon="87.157719000">
  <ele>952.500000</ele>
  <time>2017-07-22T06:41:43Z</time>
</trkpt>
<trkpt lat="52.200850000" lon="87.157702000">
  <ele>952.804800</ele>
  <time>2017-07-22T06:41:49Z</time>
</trkpt>
<trkpt lat="52.200859000" lon="87.157710000">
  <ele>952.804800</ele>
  <time>2017-07-22T06:42:10Z</time>
</trkpt>
<trkpt lat="52.200847000" lon="87.157721000">
  <ele>952.804800</ele>
  <time>2017-07-22T06:42:25Z</time>
</trkpt>
<trkpt lat="52.200822000" lon="87.157741000">
  <ele>952.804800</ele>
  <time>2017-07-22T06:42:29Z</time>
</trkpt>
<trkpt lat="52.200814000" lon="87.157762000">
  <ele>952.804800</ele>
  <time>2017-07-22T06:42:59Z</time>
</trkpt>
<trkpt lat="52.200796000" lon="87.157763000">
  <ele>952.804800</ele>
  <time>2017-07-22T06:43:13Z</time>
</trkpt>
<trkpt lat="52.200768000" lon="87.157738000">
  <ele>952.804800</ele>
  <time>2017-07-22T06:43:18Z</time>
</trkpt>
<trkpt lat="52.200775000" lon="87.157686000">
  <ele>952.804800</ele>
  <time>2017-07-22T06:43:22Z</time>
</trkpt>
<trkpt lat="52.200777000" lon="87.157628000">
  <ele>952.804800</ele>
  <time>2017-07-22T06:43:26Z</time>
</trkpt>
<trkpt lat="52.200779000" lon="87.157601000">
  <ele>952.804800</ele>
  <time>2017-07-22T06:43:31Z</time>
</trkpt>
<trkpt lat="52.200776000" lon="87.157622000">
  <ele>952.804800</ele>
  <time>2017-07-22T06:43:34Z</time>
</trkpt>
<trkpt lat="52.200797000" lon="87.157628000">
  <ele>952.804800</ele>
  <time>2017-07-22T06:43:38Z</time>
</trkpt>
<trkpt lat="52.200779000" lon="87.157599000">
  <ele>952.804800</ele>
  <time>2017-07-22T06:43:44Z</time>
</trkpt>
<trkpt lat="52.200792000" lon="87.157569000">
  <ele>952.804800</ele>
  <time>2017-07-22T06:43:51Z</time>
</trkpt>
<trkpt lat="52.200808000" lon="87.157534000">
  <ele>952.804800</ele>
  <time>2017-07-22T06:43:57Z</time>
</trkpt>
<trkpt lat="52.200802000" lon="87.157508000">
  <ele>952.804800</ele>
  <time>2017-07-22T06:44:05Z</time>
</trkpt>
<trkpt lat="52.200799000" lon="87.157479000">
  <ele>952.804800</ele>
  <time>2017-07-22T06:45:09Z</time>
</trkpt>
<trkpt lat="52.200798000" lon="87.157460000">
  <ele>952.804800</ele>
  <time>2017-07-22T06:45:21Z</time>
</trkpt>
<trkpt lat="52.200811000" lon="87.157429000">
  <ele>952.804800</ele>
  <time>2017-07-22T06:45:31Z</time>
</trkpt>
<trkpt lat="52.200843000" lon="87.157421000">
  <ele>952.804800</ele>
  <time>2017-07-22T06:45:38Z</time>
</trkpt>
<trkpt lat="52.200825000" lon="87.157409000">
  <ele>952.804800</ele>
  <time>2017-07-22T06:45:47Z</time>
</trkpt>
<trkpt lat="52.200808000" lon="87.157388000">
  <ele>952.804800</ele>
  <time>2017-07-22T06:45:52Z</time>
</trkpt>
<trkpt lat="52.200798000" lon="87.157344000">
  <ele>952.804800</ele>
  <time>2017-07-22T06:45:58Z</time>
</trkpt>
<trkpt lat="52.200785000" lon="87.157306000">
  <ele>952.804800</ele>
  <time>2017-07-22T06:46:03Z</time>
</trkpt>
<trkpt lat="52.200806000" lon="87.157294000">
  <ele>952.804800</ele>
  <time>2017-07-22T06:46:09Z</time>
</trkpt>
<trkpt lat="52.200831000" lon="87.157275000">
  <ele>952.804800</ele>
  <time>2017-07-22T06:46:12Z</time>
</trkpt>
<trkpt lat="52.200864000" lon="87.157254000">
  <ele>952.804800</ele>
  <time>2017-07-22T06:46:15Z</time>
</trkpt>
<trkpt lat="52.200895000" lon="87.157227000">
  <ele>952.804800</ele>
  <time>2017-07-22T06:46:18Z</time>
</trkpt>
<trkpt lat="52.200913000" lon="87.157224000">
  <ele>953.109600</ele>
  <time>2017-07-22T06:46:26Z</time>
</trkpt>
<trkpt lat="52.200932000" lon="87.157198000">
  <ele>953.109600</ele>
  <time>2017-07-22T06:46:32Z</time>
</trkpt>
<trkpt lat="52.200959000" lon="87.157182000">
  <ele>953.109600</ele>
  <time>2017-07-22T06:46:39Z</time>
</trkpt>
<trkpt lat="52.200978000" lon="87.157163000">
  <ele>953.109600</ele>
  <time>2017-07-22T06:46:45Z</time>
</trkpt>
<trkpt lat="52.200985000" lon="87.157147000">
  <ele>953.109600</ele>
  <time>2017-07-22T06:46:52Z</time>
</trkpt>
<trkpt lat="52.200968000" lon="87.157138000">
  <ele>953.109600</ele>
  <time>2017-07-22T06:46:58Z</time>
</trkpt>
<trkpt lat="52.200969000" lon="87.157123000">
  <ele>953.414400</ele>
  <time>2017-07-22T06:47:08Z</time>
</trkpt>
<trkpt lat="52.200991000" lon="87.157103000">
  <ele>953.414400</ele>
  <time>2017-07-22T06:47:17Z</time>
</trkpt>
<trkpt lat="52.201003000" lon="87.157093000">
  <ele>953.414400</ele>
  <time>2017-07-22T06:47:21Z</time>
</trkpt>
<trkpt lat="52.200996000" lon="87.157103000">
  <ele>953.414400</ele>
  <time>2017-07-22T06:47:29Z</time>
</trkpt>
<trkpt lat="52.201004000" lon="87.157070000">
  <ele>953.414400</ele>
  <time>2017-07-22T06:47:33Z</time>
</trkpt>
<trkpt lat="52.201030000" lon="87.157045000">
  <ele>953.414400</ele>
  <time>2017-07-22T06:47:42Z</time>
</trkpt>
<trkpt lat="52.201034000" lon="87.157075000">
  <ele>953.719200</ele>
  <time>2017-07-22T06:47:50Z</time>
</trkpt>
<trkpt lat="52.201050000" lon="87.157057000">
  <ele>953.719200</ele>
  <time>2017-07-22T06:48:01Z</time>
</trkpt>
<trkpt lat="52.201061000" lon="87.157030000">
  <ele>953.719200</ele>
  <time>2017-07-22T06:48:10Z</time>
</trkpt>
<trkpt lat="52.201058000" lon="87.157016000">
  <ele>953.719200</ele>
  <time>2017-07-22T06:48:15Z</time>
</trkpt>
<trkpt lat="52.201053000" lon="87.157025000">
  <ele>954.024000</ele>
  <time>2017-07-22T06:48:20Z</time>
</trkpt>
<trkpt lat="52.201012000" lon="87.157018000">
  <ele>954.024000</ele>
  <time>2017-07-22T06:48:23Z</time>
</trkpt>
<trkpt lat="52.200989000" lon="87.157004000">
  <ele>954.024000</ele>
  <time>2017-07-22T06:48:32Z</time>
</trkpt>
<trkpt lat="52.200970000" lon="87.157001000">
  <ele>954.024000</ele>
  <time>2017-07-22T06:48:53Z</time>
</trkpt>
<trkpt lat="52.200961000" lon="87.156985000">
  <ele>954.328800</ele>
  <time>2017-07-22T06:49:03Z</time>
</trkpt>
<trkpt lat="52.200939000" lon="87.156964000">
  <ele>954.328800</ele>
  <time>2017-07-22T06:49:07Z</time>
</trkpt>
<trkpt lat="52.200923000" lon="87.156945000">
  <ele>954.633600</ele>
  <time>2017-07-22T06:49:15Z</time>
</trkpt>
<trkpt lat="52.200926000" lon="87.156966000">
  <ele>954.938400</ele>
  <time>2017-07-22T06:49:24Z</time>
</trkpt>
<trkpt lat="52.200927000" lon="87.156963000">
  <ele>954.938400</ele>
  <time>2017-07-22T06:49:29Z</time>
</trkpt>
<trkpt lat="52.200956000" lon="87.156941000">
  <ele>955.243200</ele>
  <time>2017-07-22T06:49:35Z</time>
</trkpt>
<trkpt lat="52.200944000" lon="87.156922000">
  <ele>955.548000</ele>
  <time>2017-07-22T06:49:38Z</time>
</trkpt>
<trkpt lat="52.200961000" lon="87.156904000">
  <ele>955.852800</ele>
  <time>2017-07-22T06:49:50Z</time>
</trkpt>
<trkpt lat="52.200979000" lon="87.156888000">
  <ele>956.157600</ele>
  <time>2017-07-22T06:49:56Z</time>
</trkpt>
<trkpt lat="52.200993000" lon="87.156910000">
  <ele>956.462400</ele>
  <time>2017-07-22T06:50:02Z</time>
</trkpt>
<trkpt lat="52.201012000" lon="87.156895000">
  <ele>956.767200</ele>
  <time>2017-07-22T06:50:08Z</time>
</trkpt>
<trkpt lat="52.201028000" lon="87.156898000">
  <ele>957.376800</ele>
  <time>2017-07-22T06:50:18Z</time>
</trkpt>
<trkpt lat="52.201040000" lon="87.156900000">
  <ele>957.681600</ele>
  <time>2017-07-22T06:50:23Z</time>
</trkpt>
<trkpt lat="52.201029000" lon="87.156914000">
  <ele>958.291200</ele>
  <time>2017-07-22T06:50:29Z</time>
</trkpt>
<trkpt lat="52.201048000" lon="87.156901000">
  <ele>958.596000</ele>
  <time>2017-07-22T06:50:34Z</time>
</trkpt>
<trkpt lat="52.201060000" lon="87.156902000">
  <ele>958.900800</ele>
  <time>2017-07-22T06:50:39Z</time>
</trkpt>
<trkpt lat="52.201074000" lon="87.156896000">
  <ele>959.510400</ele>
  <time>2017-07-22T06:50:48Z</time>
</trkpt>
<trkpt lat="52.201115000" lon="87.156910000">
  <ele>960.120000</ele>
  <time>2017-07-22T06:50:52Z</time>
</trkpt>
<trkpt lat="52.201114000" lon="87.156914000">
  <ele>960.424800</ele>
  <time>2017-07-22T06:50:55Z</time>
</trkpt>
<trkpt lat="52.201134000" lon="87.156891000">
  <ele>960.729600</ele>
  <time>2017-07-22T06:50:59Z</time>
</trkpt>
<trkpt lat="52.201134000" lon="87.156883000">
  <ele>961.339200</ele>
  <time>2017-07-22T06:51:06Z</time>
</trkpt>
<trkpt lat="52.201135000" lon="87.156927000">
  <ele>961.644000</ele>
  <time>2017-07-22T06:51:10Z</time>
</trkpt>
<trkpt lat="52.201134000" lon="87.156930000">
  <ele>962.253600</ele>
  <time>2017-07-22T06:51:16Z</time>
</trkpt>
<trkpt lat="52.201135000" lon="87.156914000">
  <ele>962.558400</ele>
  <time>2017-07-22T06:51:23Z</time>
</trkpt>
<trkpt lat="52.201115000" lon="87.156911000">
  <ele>963.168000</ele>
  <time>2017-07-22T06:51:31Z</time>
</trkpt>
<trkpt lat="52.201083000" lon="87.156923000">
  <ele>963.777600</ele>
  <time>2017-07-22T06:51:35Z</time>
</trkpt>
<trkpt lat="52.201062000" lon="87.156949000">
  <ele>963.777600</ele>
  <time>2017-07-22T06:51:38Z</time>
</trkpt>
<trkpt lat="52.201040000" lon="87.156938000">
  <ele>964.082400</ele>
  <time>2017-07-22T06:51:43Z</time>
</trkpt>
<trkpt lat="52.201010000" lon="87.156931000">
  <ele>964.692000</ele>
  <time>2017-07-22T06:51:48Z</time>
</trkpt>
<trkpt lat="52.200980000" lon="87.156928000">
  <ele>965.301600</ele>
  <time>2017-07-22T06:51:57Z</time>
</trkpt>
<trkpt lat="52.200978000" lon="87.156956000">
  <ele>965.606400</ele>
  <time>2017-07-22T06:52:02Z</time>
</trkpt>
<trkpt lat="52.200965000" lon="87.156988000">
  <ele>966.216000</ele>
  <time>2017-07-22T06:52:08Z</time>
</trkpt>
<trkpt lat="52.200939000" lon="87.156999000">
  <ele>966.520800</ele>
  <time>2017-07-22T06:52:13Z</time>
</trkpt>
</trkseg>
</trk>
</gpx>
