<?xml version="1.0" encoding="UTF-8"?>
<gpx version="1.1" creator="GPS Track Editor" xmlns="http://www.topografix.com/GPX/1/1" xmlns:xsi="http://www.w3.org/2001/XMLSchema-instance" xmlns:gte="http://www.gpstrackeditor.com/xmlschemas/General/1" xmlns:gpxtpx="http://www.garmin.com/xmlschemas/TrackPointExtension/v1" xmlns:gpxx="http://www.garmin.com/xmlschemas/GpxExtensions/v3" targetNamespace="http://www.topografix.com/GPX/1/1" elementFormDefault="qualified" xsi:schemaLocation="http://www.topografix.com/GPX/1/1 http://www.topografix.com/GPX/1/1/gpx.xsd">
<metadata>
	<name>track32.gpx</name>
</metadata>
<trk>
	<name>Партизанская поляна</name>
	<trkseg>
		<trkpt lat="53.213137" lon="34.473398">
			<ele>145.50</ele>
			<time>2017-06-18T04:51:32.49Z</time>
			<pdop>5.6</pdop>
		</trkpt>
		<trkpt lat="53.213128" lon="34.473377">
			<ele>145.50</ele>
			<time>2017-06-18T04:53:13.47Z</time>
			<pdop>3.9</pdop>
		</trkpt>
		<trkpt lat="53.213118" lon="34.473377">
			<ele>145.50</ele>
			<time>2017-06-18T04:53:22.48Z</time>
			<pdop>3.9</pdop>
		</trkpt>
		<trkpt lat="53.213023" lon="34.473325">
			<ele>147.82</ele>
			<time>2017-06-18T04:53:51.48Z</time>
			<pdop>3.4</pdop>
		</trkpt>
		<trkpt lat="53.213000" lon="34.473290">
			<ele>148.70</ele>
			<time>2017-06-18T04:54:02.55Z</time>
			<pdop>3.8</pdop>
		</trkpt>
		<trkpt lat="53.213042" lon="34.473418">
			<ele>149.52</ele>
			<time>2017-06-18T04:54:33.48Z</time>
			<pdop>3.4</pdop>
		</trkpt>
		<trkpt lat="53.213052" lon="34.473415">
			<ele>149.20</ele>
			<time>2017-06-18T04:54:43.47Z</time>
			<pdop>3.2</pdop>
		</trkpt>
		<trkpt lat="53.213098" lon="34.473538">
			<ele>150.58</ele>
			<time>2017-06-18T04:54:52.48Z</time>
			<pdop>3.3</pdop>
		</trkpt>
		<trkpt lat="53.213135" lon="34.473743">
			<ele>150.19</ele>
			<time>2017-06-18T04:55:02.47Z</time>
			<pdop>4.1</pdop>
		</trkpt>
		<trkpt lat="53.213140" lon="34.473772">
			<ele>150.00</ele>
			<time>2017-06-18T04:55:11.51Z</time>
			<pdop>4.1</pdop>
		</trkpt>
		<trkpt lat="53.213173" lon="34.473843">
			<ele>149.91</ele>
			<time>2017-06-18T04:55:21.47Z</time>
			<pdop>3.8</pdop>
		</trkpt>
		<trkpt lat="53.213147" lon="34.473842">
			<ele>149.80</ele>
			<time>2017-06-18T04:55:30.48Z</time>
			<pdop>3.6</pdop>
		</trkpt>
		<trkpt lat="53.213112" lon="34.473863">
			<ele>149.90</ele>
			<time>2017-06-18T04:55:40.48Z</time>
			<pdop>3.6</pdop>
		</trkpt>
		<trkpt lat="53.213107" lon="34.473808">
			<ele>150.10</ele>
			<time>2017-06-18T04:55:50.47Z</time>
			<pdop>3.4</pdop>
		</trkpt>
		<trkpt lat="53.213095" lon="34.473777">
			<ele>151.30</ele>
			<time>2017-06-18T04:56:00.47Z</time>
			<pdop>3.4</pdop>
		</trkpt>
		<trkpt lat="53.213075" lon="34.473788">
			<ele>151.15</ele>
			<time>2017-06-18T04:56:09.48Z</time>
			<pdop>3.6</pdop>
		</trkpt>
		<trkpt lat="53.213110" lon="34.473925">
			<ele>151.29</ele>
			<time>2017-06-18T04:56:19.48Z</time>
			<pdop>4.8</pdop>
		</trkpt>
		<trkpt lat="53.213040" lon="34.474060">
			<ele>150.73</ele>
			<time>2017-06-18T04:56:29.49Z</time>
			<pdop>4.6</pdop>
		</trkpt>
		<trkpt lat="53.213053" lon="34.474217">
			<ele>150.23</ele>
			<time>2017-06-18T04:56:39.47Z</time>
			<pdop>4.7</pdop>
		</trkpt>
		<trkpt lat="53.213020" lon="34.474407">
			<ele>149.63</ele>
			<time>2017-06-18T04:56:49.47Z</time>
			<pdop>4.5</pdop>
		</trkpt>
		<trkpt lat="53.212977" lon="34.474492">
			<ele>148.76</ele>
			<time>2017-06-18T04:56:58.47Z</time>
			<pdop>4.2</pdop>
		</trkpt>
		<trkpt lat="53.212938" lon="34.474480">
			<ele>148.18</ele>
			<time>2017-06-18T04:57:08.47Z</time>
			<pdop>4.2</pdop>
		</trkpt>
		<trkpt lat="53.212932" lon="34.474512">
			<ele>147.61</ele>
			<time>2017-06-18T04:57:17.48Z</time>
			<pdop>4.3</pdop>
		</trkpt>
		<trkpt lat="53.212902" lon="34.474612">
			<ele>147.20</ele>
			<time>2017-06-18T04:57:27.52Z</time>
			<pdop>4.4</pdop>
		</trkpt>
		<trkpt lat="53.212915" lon="34.474628">
			<ele>147.20</ele>
			<time>2017-06-18T04:57:37.48Z</time>
			<pdop>4.7</pdop>
		</trkpt>
		<trkpt lat="53.212913" lon="34.474657">
			<ele>148.18</ele>
			<time>2017-06-18T04:57:46.48Z</time>
			<pdop>5.1</pdop>
		</trkpt>
		<trkpt lat="53.212885" lon="34.474617">
			<ele>148.30</ele>
			<time>2017-06-18T04:57:55.56Z</time>
			<pdop>5.3</pdop>
		</trkpt>
		<trkpt lat="53.212848" lon="34.474647">
			<ele>148.10</ele>
			<time>2017-06-18T04:58:05.47Z</time>
			<pdop>5.9</pdop>
		</trkpt>
		<trkpt lat="53.212985" lon="34.474755">
			<ele>148.60</ele>
			<time>2017-06-18T04:58:15.47Z</time>
			<pdop>4.4</pdop>
		</trkpt>
		<trkpt lat="53.213023" lon="34.474685">
			<ele>149.10</ele>
			<time>2017-06-18T04:58:24.48Z</time>
			<pdop>5.1</pdop>
		</trkpt>
		<trkpt lat="53.213003" lon="34.474712">
			<ele>149.00</ele>
			<time>2017-06-18T04:58:34.48Z</time>
			<pdop>5.4</pdop>
		</trkpt>
		<trkpt lat="53.213068" lon="34.474708">
			<ele>149.30</ele>
			<time>2017-06-18T04:58:44.47Z</time>
			<pdop>4.9</pdop>
		</trkpt>
		<trkpt lat="53.213108" lon="34.474732">
			<ele>149.60</ele>
			<time>2017-06-18T04:58:53.47Z</time>
			<pdop>4.3</pdop>
		</trkpt>
		<trkpt lat="53.213138" lon="34.474772">
			<ele>149.80</ele>
			<time>2017-06-18T04:59:02.62Z</time>
			<pdop>4.2</pdop>
		</trkpt>
		<trkpt lat="53.213090" lon="34.474872">
			<ele>148.48</ele>
			<time>2017-06-18T04:59:12.47Z</time>
			<pdop>4.5</pdop>
		</trkpt>
		<trkpt lat="53.213085" lon="34.474925">
			<ele>147.21</ele>
			<time>2017-06-18T04:59:21.47Z</time>
			<pdop>4.4</pdop>
		</trkpt>
		<trkpt lat="53.213135" lon="34.474942">
			<ele>147.40</ele>
			<time>2017-06-18T04:59:31.48Z</time>
			<pdop>4.6</pdop>
		</trkpt>
		<trkpt lat="53.213158" lon="34.474928">
			<ele>147.40</ele>
			<time>2017-06-18T04:59:41.48Z</time>
			<pdop>4.1</pdop>
		</trkpt>
		<trkpt lat="53.213165" lon="34.474905">
			<ele>147.67</ele>
			<time>2017-06-18T04:59:51.47Z</time>
			<pdop>4.2</pdop>
		</trkpt>
		<trkpt lat="53.213157" lon="34.474977">
			<ele>148.27</ele>
			<time>2017-06-18T05:00:00.47Z</time>
			<pdop>4.5</pdop>
		</trkpt>
		<trkpt lat="53.213187" lon="34.475025">
			<ele>148.90</ele>
			<time>2017-06-18T05:00:09.47Z</time>
			<pdop>3.9</pdop>
		</trkpt>
		<trkpt lat="53.213277" lon="34.474993">
			<ele>148.90</ele>
			<time>2017-06-18T05:00:24.48Z</time>
			<pdop>4.4</pdop>
		</trkpt>
		<trkpt lat="53.213265" lon="34.475015">
			<ele>149.10</ele>
			<time>2017-06-18T05:00:34.47Z</time>
			<pdop>4.1</pdop>
		</trkpt>
		<trkpt lat="53.213230" lon="34.475025">
			<ele>149.20</ele>
			<time>2017-06-18T05:00:44.47Z</time>
			<pdop>4.5</pdop>
		</trkpt>
		<trkpt lat="53.213267" lon="34.475022">
			<ele>149.20</ele>
			<time>2017-06-18T05:00:55.47Z</time>
			<pdop>5.3</pdop>
		</trkpt>
		<trkpt lat="53.213218" lon="34.475073">
			<ele>149.30</ele>
			<time>2017-06-18T05:01:05.47Z</time>
			<pdop>6.3</pdop>
		</trkpt>
		<trkpt lat="53.213258" lon="34.475080">
			<ele>149.40</ele>
			<time>2017-06-18T05:01:15.48Z</time>
			<pdop>6.0</pdop>
		</trkpt>
		<trkpt lat="53.213255" lon="34.475055">
			<ele>149.23</ele>
			<time>2017-06-18T05:01:25.48Z</time>
			<pdop>5.3</pdop>
		</trkpt>
		<trkpt lat="53.213228" lon="34.475067">
			<ele>149.03</ele>
			<time>2017-06-18T05:01:34.49Z</time>
			<pdop>5.4</pdop>
		</trkpt>
		<trkpt lat="53.213202" lon="34.475007">
			<ele>149.00</ele>
			<time>2017-06-18T05:01:44.48Z</time>
			<pdop>5.3</pdop>
		</trkpt>
		<trkpt lat="53.213212" lon="34.474957">
			<ele>149.00</ele>
			<time>2017-06-18T05:01:54.48Z</time>
			<pdop>4.7</pdop>
		</trkpt>
		<trkpt lat="53.213292" lon="34.475078">
			<ele>149.29</ele>
			<time>2017-06-18T05:02:04.48Z</time>
			<pdop>4.6</pdop>
		</trkpt>
		<trkpt lat="53.213307" lon="34.475087">
			<ele>149.99</ele>
			<time>2017-06-18T05:02:13.51Z</time>
			<pdop>4.6</pdop>
		</trkpt>
		<trkpt lat="53.213290" lon="34.475115">
			<ele>150.67</ele>
			<time>2017-06-18T05:02:23.48Z</time>
			<pdop>4.6</pdop>
		</trkpt>
		<trkpt lat="53.213338" lon="34.475083">
			<ele>151.37</ele>
			<time>2017-06-18T05:02:33.48Z</time>
			<pdop>4.7</pdop>
		</trkpt>
		<trkpt lat="53.213357" lon="34.475042">
			<ele>151.60</ele>
			<time>2017-06-18T05:02:43.48Z</time>
			<pdop>4.4</pdop>
		</trkpt>
		<trkpt lat="53.213362" lon="34.475080">
			<ele>151.72</ele>
			<time>2017-06-18T05:02:53.48Z</time>
			<pdop>4.1</pdop>
		</trkpt>
		<trkpt lat="53.213348" lon="34.475107">
			<ele>152.00</ele>
			<time>2017-06-18T05:03:03.95Z</time>
			<pdop>4.3</pdop>
		</trkpt>
		<trkpt lat="53.213385" lon="34.475115">
			<ele>152.80</ele>
			<time>2017-06-18T05:03:13.48Z</time>
			<pdop>4.6</pdop>
		</trkpt>
		<trkpt lat="53.213335" lon="34.475135">
			<ele>154.15</ele>
			<time>2017-06-18T05:03:22.48Z</time>
			<pdop>4.4</pdop>
		</trkpt>
		<trkpt lat="53.213360" lon="34.475185">
			<ele>155.10</ele>
			<time>2017-06-18T05:03:32.47Z</time>
			<pdop>4.6</pdop>
		</trkpt>
		<trkpt lat="53.213377" lon="34.475248">
			<ele>155.26</ele>
			<time>2017-06-18T05:03:41.48Z</time>
			<pdop>4.5</pdop>
		</trkpt>
		<trkpt lat="53.213443" lon="34.475335">
			<ele>155.29</ele>
			<time>2017-06-18T05:03:51.47Z</time>
			<pdop>4.7</pdop>
		</trkpt>
		<trkpt lat="53.213510" lon="34.475408">
			<ele>155.87</ele>
			<time>2017-06-18T05:04:00.48Z</time>
			<pdop>4.6</pdop>
		</trkpt>
		<trkpt lat="53.213582" lon="34.475495">
			<ele>156.27</ele>
			<time>2017-06-18T05:04:09.51Z</time>
			<pdop>4.9</pdop>
		</trkpt>
		<trkpt lat="53.213593" lon="34.475633">
			<ele>156.69</ele>
			<time>2017-06-18T05:04:19.50Z</time>
			<pdop>5.1</pdop>
		</trkpt>
		<trkpt lat="53.213650" lon="34.475707">
			<ele>156.97</ele>
			<time>2017-06-18T05:04:29.47Z</time>
			<pdop>5.1</pdop>
		</trkpt>
		<trkpt lat="53.213662" lon="34.475753">
			<ele>157.37</ele>
			<time>2017-06-18T05:04:38.47Z</time>
			<pdop>4.2</pdop>
		</trkpt>
		<trkpt lat="53.213652" lon="34.475782">
			<ele>157.60</ele>
			<time>2017-06-18T05:04:47.48Z</time>
			<pdop>4.5</pdop>
		</trkpt>
		<trkpt lat="53.213662" lon="34.475718">
			<ele>157.99</ele>
			<time>2017-06-18T05:04:57.48Z</time>
			<pdop>4.4</pdop>
		</trkpt>
		<trkpt lat="53.213635" lon="34.475717">
			<ele>157.40</ele>
			<time>2017-06-18T05:05:07.48Z</time>
			<pdop>4.1</pdop>
		</trkpt>
		<trkpt lat="53.213628" lon="34.475788">
			<ele>156.60</ele>
			<time>2017-06-18T05:05:16.48Z</time>
			<pdop>4.3</pdop>
		</trkpt>
		<trkpt lat="53.213642" lon="34.475695">
			<ele>156.60</ele>
			<time>2017-06-18T05:05:25.49Z</time>
			<pdop>4.4</pdop>
		</trkpt>
		<trkpt lat="53.213645" lon="34.475655">
			<ele>156.51</ele>
			<time>2017-06-18T05:05:34.50Z</time>
			<pdop>4.1</pdop>
		</trkpt>
		<trkpt lat="53.213632" lon="34.475682">
			<ele>156.40</ele>
			<time>2017-06-18T05:05:44.49Z</time>
			<pdop>4.3</pdop>
		</trkpt>
		<trkpt lat="53.213653" lon="34.475717">
			<ele>156.36</ele>
			<time>2017-06-18T05:05:54.48Z</time>
			<pdop>3.7</pdop>
		</trkpt>
		<trkpt lat="53.213687" lon="34.475748">
			<ele>157.77</ele>
			<time>2017-06-18T05:06:04.48Z</time>
			<pdop>4.8</pdop>
		</trkpt>
		<trkpt lat="53.213648" lon="34.475732">
			<ele>158.57</ele>
			<time>2017-06-18T05:06:14.47Z</time>
			<pdop>4.6</pdop>
		</trkpt>
		<trkpt lat="53.213727" lon="34.475803">
			<ele>159.19</ele>
			<time>2017-06-18T05:06:23.48Z</time>
			<pdop>4.5</pdop>
		</trkpt>
		<trkpt lat="53.213782" lon="34.475925">
			<ele>159.40</ele>
			<time>2017-06-18T05:06:33.47Z</time>
			<pdop>4.7</pdop>
		</trkpt>
		<trkpt lat="53.213830" lon="34.476017">
			<ele>159.70</ele>
			<time>2017-06-18T05:06:42.54Z</time>
			<pdop>5.2</pdop>
		</trkpt>
		<trkpt lat="53.213707" lon="34.476125">
			<ele>160.10</ele>
			<time>2017-06-18T05:06:52.47Z</time>
			<pdop>4.1</pdop>
		</trkpt>
		<trkpt lat="53.213710" lon="34.476140">
			<ele>160.82</ele>
			<time>2017-06-18T05:07:02.47Z</time>
			<pdop>4.0</pdop>
		</trkpt>
		<trkpt lat="53.213758" lon="34.476122">
			<ele>161.39</ele>
			<time>2017-06-18T05:07:11.47Z</time>
			<pdop>4.5</pdop>
		</trkpt>
		<trkpt lat="53.213770" lon="34.476167">
			<ele>161.80</ele>
			<time>2017-06-18T05:07:20.48Z</time>
			<pdop>4.5</pdop>
		</trkpt>
		<trkpt lat="53.213770" lon="34.476212">
			<ele>161.82</ele>
			<time>2017-06-18T05:07:30.48Z</time>
			<pdop>4.9</pdop>
		</trkpt>
		<trkpt lat="53.213872" lon="34.476333">
			<ele>161.50</ele>
			<time>2017-06-18T05:07:39.50Z</time>
			<pdop>4.7</pdop>
		</trkpt>
		<trkpt lat="53.213982" lon="34.476422">
			<ele>161.03</ele>
			<time>2017-06-18T05:07:49.48Z</time>
			<pdop>4.9</pdop>
		</trkpt>
		<trkpt lat="53.213972" lon="34.476462">
			<ele>160.10</ele>
			<time>2017-06-18T05:07:59.47Z</time>
			<pdop>4.8</pdop>
		</trkpt>
		<trkpt lat="53.213913" lon="34.476562">
			<ele>159.70</ele>
			<time>2017-06-18T05:08:08.48Z</time>
			<pdop>4.7</pdop>
		</trkpt>
		<trkpt lat="53.213983" lon="34.476575">
			<ele>159.71</ele>
			<time>2017-06-18T05:08:19.45Z</time>
			<pdop>4.8</pdop>
		</trkpt>
		<trkpt lat="53.213988" lon="34.476518">
			<ele>159.59</ele>
			<time>2017-06-18T05:08:28.47Z</time>
			<pdop>4.5</pdop>
		</trkpt>
		<trkpt lat="53.213963" lon="34.476563">
			<ele>160.09</ele>
			<time>2017-06-18T05:08:37.48Z</time>
			<pdop>4.3</pdop>
		</trkpt>
		<trkpt lat="53.213922" lon="34.476593">
			<ele>160.25</ele>
			<time>2017-06-18T05:08:46.48Z</time>
			<pdop>4.3</pdop>
		</trkpt>
		<trkpt lat="53.213922" lon="34.476543">
			<ele>160.69</ele>
			<time>2017-06-18T05:08:56.48Z</time>
			<pdop>5.0</pdop>
		</trkpt>
		<trkpt lat="53.213955" lon="34.476528">
			<ele>160.40</ele>
			<time>2017-06-18T05:09:05.48Z</time>
			<pdop>4.7</pdop>
		</trkpt>
		<trkpt lat="53.214032" lon="34.476607">
			<ele>159.76</ele>
			<time>2017-06-18T05:09:14.48Z</time>
			<pdop>4.2</pdop>
		</trkpt>
		<trkpt lat="53.214067" lon="34.476715">
			<ele>159.53</ele>
			<time>2017-06-18T05:09:24.48Z</time>
			<pdop>4.5</pdop>
		</trkpt>
		<trkpt lat="53.214092" lon="34.476758">
			<ele>158.71</ele>
			<time>2017-06-18T05:09:34.48Z</time>
			<pdop>4.9</pdop>
		</trkpt>
		<trkpt lat="53.214098" lon="34.476785">
			<ele>158.70</ele>
			<time>2017-06-18T05:09:47.48Z</time>
			<pdop>4.5</pdop>
		</trkpt>
		<trkpt lat="53.214097" lon="34.476807">
			<ele>157.90</ele>
			<time>2017-06-18T05:09:57.47Z</time>
			<pdop>4.7</pdop>
		</trkpt>
		<trkpt lat="53.214160" lon="34.476878">
			<ele>156.54</ele>
			<time>2017-06-18T05:10:06.48Z</time>
			<pdop>4.8</pdop>
		</trkpt>
		<trkpt lat="53.214222" lon="34.476972">
			<ele>155.81</ele>
			<time>2017-06-18T05:10:16.50Z</time>
			<pdop>5.1</pdop>
		</trkpt>
		<trkpt lat="53.214252" lon="34.477095">
			<ele>155.63</ele>
			<time>2017-06-18T05:10:26.47Z</time>
			<pdop>5.2</pdop>
		</trkpt>
		<trkpt lat="53.214250" lon="34.477185">
			<ele>155.50</ele>
			<time>2017-06-18T05:10:36.47Z</time>
			<pdop>5.1</pdop>
		</trkpt>
		<trkpt lat="53.214303" lon="34.477240">
			<ele>155.22</ele>
			<time>2017-06-18T05:10:46.48Z</time>
			<pdop>5.0</pdop>
		</trkpt>
		<trkpt lat="53.214393" lon="34.477287">
			<ele>155.11</ele>
			<time>2017-06-18T05:10:56.48Z</time>
			<pdop>4.5</pdop>
		</trkpt>
		<trkpt lat="53.214380" lon="34.477255">
			<ele>155.95</ele>
			<time>2017-06-18T05:11:07.47Z</time>
			<pdop>4.1</pdop>
		</trkpt>
		<trkpt lat="53.214362" lon="34.477243">
			<ele>156.40</ele>
			<time>2017-06-18T05:11:16.47Z</time>
			<pdop>4.3</pdop>
		</trkpt>
		<trkpt lat="53.214317" lon="34.477212">
			<ele>156.70</ele>
			<time>2017-06-18T05:11:26.47Z</time>
			<pdop>6.4</pdop>
		</trkpt>
		<trkpt lat="53.214282" lon="34.477367">
			<ele>156.70</ele>
			<time>2017-06-18T05:11:35.47Z</time>
			<pdop>5.9</pdop>
		</trkpt>
		<trkpt lat="53.214292" lon="34.477522">
			<ele>155.66</ele>
			<time>2017-06-18T05:11:44.48Z</time>
			<pdop>5.4</pdop>
		</trkpt>
		<trkpt lat="53.214438" lon="34.477652">
			<ele>154.65</ele>
			<time>2017-06-18T05:11:54.47Z</time>
			<pdop>4.8</pdop>
		</trkpt>
		<trkpt lat="53.214532" lon="34.477668">
			<ele>152.87</ele>
			<time>2017-06-18T05:12:03.47Z</time>
			<pdop>4.8</pdop>
		</trkpt>
		<trkpt lat="53.214595" lon="34.477768">
			<ele>152.38</ele>
			<time>2017-06-18T05:12:13.48Z</time>
			<pdop>5.0</pdop>
		</trkpt>
		<trkpt lat="53.214613" lon="34.477775">
			<ele>153.30</ele>
			<time>2017-06-18T05:12:23.47Z</time>
			<pdop>4.8</pdop>
		</trkpt>
		<trkpt lat="53.214625" lon="34.477818">
			<ele>153.81</ele>
			<time>2017-06-18T05:12:33.47Z</time>
			<pdop>4.5</pdop>
		</trkpt>
		<trkpt lat="53.214633" lon="34.477833">
			<ele>153.70</ele>
			<time>2017-06-18T05:12:43.47Z</time>
			<pdop>5.1</pdop>
		</trkpt>
		<trkpt lat="53.214647" lon="34.477822">
			<ele>153.85</ele>
			<time>2017-06-18T05:12:57.49Z</time>
			<pdop>4.7</pdop>
		</trkpt>
		<trkpt lat="53.214713" lon="34.477932">
			<ele>154.29</ele>
			<time>2017-06-18T05:13:07.05Z</time>
			<pdop>4.5</pdop>
		</trkpt>
		<trkpt lat="53.214705" lon="34.477932">
			<ele>154.47</ele>
			<time>2017-06-18T05:13:10.48Z</time>
			<pdop>4.7</pdop>
		</trkpt>
		<trkpt lat="53.214692" lon="34.477950">
			<ele>154.70</ele>
			<time>2017-06-18T05:13:19.49Z</time>
			<pdop>4.8</pdop>
		</trkpt>
		<trkpt lat="53.214662" lon="34.478038">
			<ele>154.90</ele>
			<time>2017-06-18T05:13:28.93Z</time>
			<pdop>4.6</pdop>
		</trkpt>
		<trkpt lat="53.214628" lon="34.478047">
			<ele>155.42</ele>
			<time>2017-06-18T05:13:39.50Z</time>
			<pdop>4.9</pdop>
		</trkpt>
		<trkpt lat="53.214608" lon="34.478015">
			<ele>155.50</ele>
			<time>2017-06-18T05:13:48.66Z</time>
			<pdop>4.9</pdop>
		</trkpt>
		<trkpt lat="53.214632" lon="34.478168">
			<ele>155.30</ele>
			<time>2017-06-18T05:13:58.56Z</time>
			<pdop>5.4</pdop>
		</trkpt>
		<trkpt lat="53.214612" lon="34.478253">
			<ele>154.93</ele>
			<time>2017-06-18T05:14:08.55Z</time>
			<pdop>5.8</pdop>
		</trkpt>
		<trkpt lat="53.214760" lon="34.478333">
			<ele>154.80</ele>
			<time>2017-06-18T05:14:18.54Z</time>
			<pdop>5.8</pdop>
		</trkpt>
		<trkpt lat="53.214807" lon="34.478312">
			<ele>154.81</ele>
			<time>2017-06-18T05:14:27.58Z</time>
			<pdop>6.0</pdop>
		</trkpt>
		<trkpt lat="53.214853" lon="34.478513">
			<ele>154.30</ele>
			<time>2017-06-18T05:14:37.59Z</time>
			<pdop>5.8</pdop>
		</trkpt>
		<trkpt lat="53.214832" lon="34.478512">
			<ele>154.00</ele>
			<time>2017-06-18T05:14:47.50Z</time>
			<pdop>5.2</pdop>
		</trkpt>
		<trkpt lat="53.214842" lon="34.478532">
			<ele>153.63</ele>
			<time>2017-06-18T05:14:57.47Z</time>
			<pdop>4.6</pdop>
		</trkpt>
		<trkpt lat="53.214850" lon="34.478555">
			<ele>153.43</ele>
			<time>2017-06-18T05:15:06.55Z</time>
			<pdop>5.6</pdop>
		</trkpt>
		<trkpt lat="53.215000" lon="34.478567">
			<ele>153.57</ele>
			<time>2017-06-18T05:15:16.48Z</time>
			<pdop>5.2</pdop>
		</trkpt>
		<trkpt lat="53.215008" lon="34.478597">
			<ele>153.33</ele>
			<time>2017-06-18T05:15:25.48Z</time>
			<pdop>6.3</pdop>
		</trkpt>
		<trkpt lat="53.214970" lon="34.478653">
			<ele>152.48</ele>
			<time>2017-06-18T05:15:36.47Z</time>
			<pdop>6.7</pdop>
		</trkpt>
		<trkpt lat="53.214895" lon="34.478703">
			<ele>151.51</ele>
			<time>2017-06-18T05:15:46.48Z</time>
			<pdop>6.6</pdop>
		</trkpt>
		<trkpt lat="53.214915" lon="34.478677">
			<ele>150.91</ele>
			<time>2017-06-18T05:15:55.48Z</time>
			<pdop>5.7</pdop>
		</trkpt>
		<trkpt lat="53.214838" lon="34.478637">
			<ele>149.95</ele>
			<time>2017-06-18T05:16:05.47Z</time>
			<pdop>4.7</pdop>
		</trkpt>
		<trkpt lat="53.214825" lon="34.478627">
			<ele>149.60</ele>
			<time>2017-06-18T05:16:14.47Z</time>
			<pdop>4.6</pdop>
		</trkpt>
		<trkpt lat="53.214815" lon="34.478615">
			<ele>149.43</ele>
			<time>2017-06-18T05:16:24.47Z</time>
			<pdop>5.2</pdop>
		</trkpt>
		<trkpt lat="53.214818" lon="34.478715">
			<ele>149.77</ele>
			<time>2017-06-18T05:16:34.48Z</time>
			<pdop>4.7</pdop>
		</trkpt>
		<trkpt lat="53.214868" lon="34.478737">
			<ele>150.50</ele>
			<time>2017-06-18T05:16:44.47Z</time>
			<pdop>3.5</pdop>
		</trkpt>
		<trkpt lat="53.214885" lon="34.478805">
			<ele>150.87</ele>
			<time>2017-06-18T05:16:53.47Z</time>
			<pdop>4.1</pdop>
		</trkpt>
		<trkpt lat="53.214898" lon="34.478843">
			<ele>151.87</ele>
			<time>2017-06-18T05:17:02.48Z</time>
			<pdop>4.7</pdop>
		</trkpt>
		<trkpt lat="53.214910" lon="34.478898">
			<ele>152.69</ele>
			<time>2017-06-18T05:17:12.47Z</time>
			<pdop>5.3</pdop>
		</trkpt>
		<trkpt lat="53.214925" lon="34.478883">
			<ele>152.99</ele>
			<time>2017-06-18T05:17:21.48Z</time>
			<pdop>5.4</pdop>
		</trkpt>
		<trkpt lat="53.214923" lon="34.479025">
			<ele>153.20</ele>
			<time>2017-06-18T05:17:31.48Z</time>
			<pdop>5.1</pdop>
		</trkpt>
		<trkpt lat="53.214848" lon="34.479067">
			<ele>153.40</ele>
			<time>2017-06-18T05:17:40.48Z</time>
			<pdop>4.9</pdop>
		</trkpt>
		<trkpt lat="53.214857" lon="34.479188">
			<ele>153.49</ele>
			<time>2017-06-18T05:17:49.53Z</time>
			<pdop>5.1</pdop>
		</trkpt>
		<trkpt lat="53.214850" lon="34.479267">
			<ele>153.89</ele>
			<time>2017-06-18T05:17:59.48Z</time>
			<pdop>5.2</pdop>
		</trkpt>
		<trkpt lat="53.214797" lon="34.479453">
			<ele>154.10</ele>
			<time>2017-06-18T05:18:09.47Z</time>
			<pdop>5.2</pdop>
		</trkpt>
		<trkpt lat="53.214742" lon="34.479572">
			<ele>153.90</ele>
			<time>2017-06-18T05:18:18.47Z</time>
			<pdop>5.2</pdop>
		</trkpt>
		<trkpt lat="53.214723" lon="34.479732">
			<ele>154.07</ele>
			<time>2017-06-18T05:18:28.48Z</time>
			<pdop>5.1</pdop>
		</trkpt>
		<trkpt lat="53.214720" lon="34.479898">
			<ele>154.99</ele>
			<time>2017-06-18T05:18:37.48Z</time>
			<pdop>4.3</pdop>
		</trkpt>
		<trkpt lat="53.214673" lon="34.479927">
			<ele>155.40</ele>
			<time>2017-06-18T05:18:47.47Z</time>
			<pdop>4.6</pdop>
		</trkpt>
		<trkpt lat="53.214633" lon="34.480012">
			<ele>155.67</ele>
			<time>2017-06-18T05:18:56.49Z</time>
			<pdop>5.0</pdop>
		</trkpt>
		<trkpt lat="53.214645" lon="34.480137">
			<ele>155.90</ele>
			<time>2017-06-18T05:19:06.47Z</time>
			<pdop>5.8</pdop>
		</trkpt>
		<trkpt lat="53.214630" lon="34.480188">
			<ele>156.00</ele>
			<time>2017-06-18T05:19:15.48Z</time>
			<pdop>5.7</pdop>
		</trkpt>
		<trkpt lat="53.214608" lon="34.480148">
			<ele>155.90</ele>
			<time>2017-06-18T05:19:25.49Z</time>
			<pdop>5.6</pdop>
		</trkpt>
		<trkpt lat="53.214570" lon="34.480288">
			<ele>155.90</ele>
			<time>2017-06-18T05:19:35.47Z</time>
			<pdop>5.0</pdop>
		</trkpt>
		<trkpt lat="53.214595" lon="34.480352">
			<ele>156.00</ele>
			<time>2017-06-18T05:19:46.48Z</time>
			<pdop>5.1</pdop>
		</trkpt>
		<trkpt lat="53.214620" lon="34.480497">
			<ele>156.39</ele>
			<time>2017-06-18T05:19:56.47Z</time>
			<pdop>5.0</pdop>
		</trkpt>
		<trkpt lat="53.214587" lon="34.480678">
			<ele>156.10</ele>
			<time>2017-06-18T05:20:06.48Z</time>
			<pdop>5.0</pdop>
		</trkpt>
		<trkpt lat="53.214523" lon="34.480812">
			<ele>156.12</ele>
			<time>2017-06-18T05:20:16.48Z</time>
			<pdop>4.9</pdop>
		</trkpt>
		<trkpt lat="53.214495" lon="34.480923">
			<ele>156.02</ele>
			<time>2017-06-18T05:20:25.48Z</time>
			<pdop>5.1</pdop>
		</trkpt>
		<trkpt lat="53.214480" lon="34.480985">
			<ele>155.90</ele>
			<time>2017-06-18T05:20:36.53Z</time>
			<pdop>5.4</pdop>
		</trkpt>
		<trkpt lat="53.214380" lon="34.481033">
			<ele>156.20</ele>
			<time>2017-06-18T05:20:46.48Z</time>
			<pdop>5.4</pdop>
		</trkpt>
		<trkpt lat="53.214403" lon="34.481053">
			<ele>156.12</ele>
			<time>2017-06-18T05:21:01.48Z</time>
			<pdop>6.0</pdop>
		</trkpt>
		<trkpt lat="53.214467" lon="34.481072">
			<ele>156.30</ele>
			<time>2017-06-18T05:21:10.48Z</time>
			<pdop>6.2</pdop>
		</trkpt>
		<trkpt lat="53.214528" lon="34.481110">
			<ele>156.30</ele>
			<time>2017-06-18T05:21:20.47Z</time>
			<pdop>6.8</pdop>
		</trkpt>
		<trkpt lat="53.214537" lon="34.481210">
			<ele>156.20</ele>
			<time>2017-06-18T05:21:29.48Z</time>
			<pdop>7.2</pdop>
		</trkpt>
		<trkpt lat="53.214422" lon="34.481115">
			<ele>156.19</ele>
			<time>2017-06-18T05:21:39.47Z</time>
			<pdop>5.8</pdop>
		</trkpt>
		<trkpt lat="53.214433" lon="34.481212">
			<ele>156.57</ele>
			<time>2017-06-18T05:21:49.47Z</time>
			<pdop>5.2</pdop>
		</trkpt>
		<trkpt lat="53.214397" lon="34.481327">
			<ele>156.90</ele>
			<time>2017-06-18T05:21:58.48Z</time>
			<pdop>5.0</pdop>
		</trkpt>
		<trkpt lat="53.214388" lon="34.481500">
			<ele>157.17</ele>
			<time>2017-06-18T05:22:07.48Z</time>
			<pdop>5.1</pdop>
		</trkpt>
		<trkpt lat="53.214345" lon="34.481603">
			<ele>157.19</ele>
			<time>2017-06-18T05:22:16.49Z</time>
			<pdop>5.1</pdop>
		</trkpt>
		<trkpt lat="53.214272" lon="34.481790">
			<ele>157.08</ele>
			<time>2017-06-18T05:22:25.50Z</time>
			<pdop>4.7</pdop>
		</trkpt>
		<trkpt lat="53.214242" lon="34.481963">
			<ele>157.19</ele>
			<time>2017-06-18T05:22:35.54Z</time>
			<pdop>4.6</pdop>
		</trkpt>
		<trkpt lat="53.214210" lon="34.482092">
			<ele>157.28</ele>
			<time>2017-06-18T05:22:45.51Z</time>
			<pdop>5.0</pdop>
		</trkpt>
		<trkpt lat="53.214182" lon="34.482245">
			<ele>157.57</ele>
			<time>2017-06-18T05:22:55.52Z</time>
			<pdop>5.0</pdop>
		</trkpt>
		<trkpt lat="53.214127" lon="34.482422">
			<ele>158.00</ele>
			<time>2017-06-18T05:23:05.49Z</time>
			<pdop>4.9</pdop>
		</trkpt>
		<trkpt lat="53.214122" lon="34.482448">
			<ele>158.00</ele>
			<time>2017-06-18T05:23:15.47Z</time>
			<pdop>4.4</pdop>
		</trkpt>
		<trkpt lat="53.214125" lon="34.482625">
			<ele>157.41</ele>
			<time>2017-06-18T05:23:24.65Z</time>
			<pdop>5.4</pdop>
		</trkpt>
		<trkpt lat="53.214145" lon="34.482625">
			<ele>157.31</ele>
			<time>2017-06-18T05:23:27.57Z</time>
			<pdop>5.1</pdop>
		</trkpt>
		<trkpt lat="53.214222" lon="34.482647">
			<ele>157.00</ele>
			<time>2017-06-18T05:23:37.47Z</time>
			<pdop>4.8</pdop>
		</trkpt>
		<trkpt lat="53.214277" lon="34.482700">
			<ele>157.49</ele>
			<time>2017-06-18T05:23:47.14Z</time>
			<pdop>4.8</pdop>
		</trkpt>
		<trkpt lat="53.214303" lon="34.482798">
			<ele>157.30</ele>
			<time>2017-06-18T05:23:56.50Z</time>
			<pdop>5.8</pdop>
		</trkpt>
		<trkpt lat="53.214343" lon="34.482828">
			<ele>157.20</ele>
			<time>2017-06-18T05:24:05.52Z</time>
			<pdop>5.6</pdop>
		</trkpt>
		<trkpt lat="53.214420" lon="34.482893">
			<ele>157.00</ele>
			<time>2017-06-18T05:24:14.53Z</time>
			<pdop>6.5</pdop>
		</trkpt>
		<trkpt lat="53.214493" lon="34.482892">
			<ele>156.71</ele>
			<time>2017-06-18T05:24:23.53Z</time>
			<pdop>7.3</pdop>
		</trkpt>
		<trkpt lat="53.214533" lon="34.482935">
			<ele>156.40</ele>
			<time>2017-06-18T05:24:33.49Z</time>
			<pdop>7.3</pdop>
		</trkpt>
		<trkpt lat="53.214607" lon="34.482917">
			<ele>156.30</ele>
			<time>2017-06-18T05:24:43.48Z</time>
			<pdop>7.3</pdop>
		</trkpt>
		<trkpt lat="53.214527" lon="34.482870">
			<ele>156.20</ele>
			<time>2017-06-18T05:24:52.48Z</time>
			<pdop>7.4</pdop>
		</trkpt>
		<trkpt lat="53.214630" lon="34.482817">
			<ele>156.10</ele>
			<time>2017-06-18T05:25:02.47Z</time>
			<pdop>6.9</pdop>
		</trkpt>
		<trkpt lat="53.214673" lon="34.482783">
			<ele>155.93</ele>
			<time>2017-06-18T05:25:11.48Z</time>
			<pdop>6.7</pdop>
		</trkpt>
		<trkpt lat="53.214703" lon="34.482828">
			<ele>155.90</ele>
			<time>2017-06-18T05:25:21.47Z</time>
			<pdop>6.9</pdop>
		</trkpt>
		<trkpt lat="53.214902" lon="34.482933">
			<ele>156.10</ele>
			<time>2017-06-18T05:25:30.52Z</time>
			<pdop>6.0</pdop>
		</trkpt>
		<trkpt lat="53.215028" lon="34.482990">
			<ele>156.39</ele>
			<time>2017-06-18T05:25:40.48Z</time>
			<pdop>6.0</pdop>
		</trkpt>
		<trkpt lat="53.215068" lon="34.482993">
			<ele>156.69</ele>
			<time>2017-06-18T05:25:50.47Z</time>
			<pdop>6.2</pdop>
		</trkpt>
		<trkpt lat="53.215108" lon="34.482960">
			<ele>156.70</ele>
			<time>2017-06-18T05:25:59.48Z</time>
			<pdop>6.3</pdop>
		</trkpt>
		<trkpt lat="53.215117" lon="34.482930">
			<ele>156.87</ele>
			<time>2017-06-18T05:26:09.47Z</time>
			<pdop>6.6</pdop>
		</trkpt>
		<trkpt lat="53.215192" lon="34.482885">
			<ele>157.10</ele>
			<time>2017-06-18T05:26:19.48Z</time>
			<pdop>6.4</pdop>
		</trkpt>
		<trkpt lat="53.215415" lon="34.482972">
			<ele>157.10</ele>
			<time>2017-06-18T05:26:29.47Z</time>
			<pdop>5.9</pdop>
		</trkpt>
		<trkpt lat="53.215577" lon="34.483015">
			<ele>157.59</ele>
			<time>2017-06-18T05:26:38.47Z</time>
			<pdop>5.3</pdop>
		</trkpt>
		<trkpt lat="53.215565" lon="34.483060">
			<ele>157.60</ele>
			<time>2017-06-18T05:26:48.47Z</time>
			<pdop>5.1</pdop>
		</trkpt>
		<trkpt lat="53.215602" lon="34.483070">
			<ele>157.59</ele>
			<time>2017-06-18T05:26:57.48Z</time>
			<pdop>5.9</pdop>
		</trkpt>
		<trkpt lat="53.215593" lon="34.483093">
			<ele>157.60</ele>
			<time>2017-06-18T05:27:07.47Z</time>
			<pdop>6.1</pdop>
		</trkpt>
		<trkpt lat="53.215693" lon="34.483163">
			<ele>157.41</ele>
			<time>2017-06-18T05:27:16.47Z</time>
			<pdop>7.1</pdop>
		</trkpt>
		<trkpt lat="53.215893" lon="34.483320">
			<ele>157.40</ele>
			<time>2017-06-18T05:27:25.47Z</time>
			<pdop>6.6</pdop>
		</trkpt>
		<trkpt lat="53.216065" lon="34.483418">
			<ele>157.30</ele>
			<time>2017-06-18T05:27:34.54Z</time>
			<pdop>6.4</pdop>
		</trkpt>
		<trkpt lat="53.216238" lon="34.483538">
			<ele>156.91</ele>
			<time>2017-06-18T05:27:44.47Z</time>
			<pdop>5.9</pdop>
		</trkpt>
		<trkpt lat="53.216260" lon="34.483525">
			<ele>156.73</ele>
			<time>2017-06-18T05:27:53.47Z</time>
			<pdop>6.0</pdop>
		</trkpt>
		<trkpt lat="53.216242" lon="34.483502">
			<ele>156.63</ele>
			<time>2017-06-18T05:28:02.48Z</time>
			<pdop>5.6</pdop>
		</trkpt>
		<trkpt lat="53.216188" lon="34.483485">
			<ele>156.78</ele>
			<time>2017-06-18T05:28:12.47Z</time>
			<pdop>5.0</pdop>
		</trkpt>
		<trkpt lat="53.216205" lon="34.483455">
			<ele>156.72</ele>
			<time>2017-06-18T05:28:21.47Z</time>
			<pdop>5.1</pdop>
		</trkpt>
		<trkpt lat="53.216297" lon="34.483437">
			<ele>156.48</ele>
			<time>2017-06-18T05:28:31.47Z</time>
			<pdop>5.3</pdop>
		</trkpt>
		<trkpt lat="53.216365" lon="34.483417">
			<ele>156.30</ele>
			<time>2017-06-18T05:28:40.87Z</time>
			<pdop>5.6</pdop>
		</trkpt>
		<trkpt lat="53.216402" lon="34.483418">
			<ele>156.11</ele>
			<time>2017-06-18T05:28:50.48Z</time>
			<pdop>5.9</pdop>
		</trkpt>
		<trkpt lat="53.216488" lon="34.483498">
			<ele>156.30</ele>
			<time>2017-06-18T05:29:00.19Z</time>
			<pdop>6.2</pdop>
		</trkpt>
		<trkpt lat="53.216598" lon="34.483513">
			<ele>156.70</ele>
			<time>2017-06-18T05:29:09.47Z</time>
			<pdop>6.1</pdop>
		</trkpt>
		<trkpt lat="53.216625" lon="34.483575">
			<ele>156.80</ele>
			<time>2017-06-18T05:29:18.47Z</time>
			<pdop>6.3</pdop>
		</trkpt>
		<trkpt lat="53.216678" lon="34.483595">
			<ele>156.90</ele>
			<time>2017-06-18T05:29:27.48Z</time>
			<pdop>6.4</pdop>
		</trkpt>
		<trkpt lat="53.216712" lon="34.483562">
			<ele>157.00</ele>
			<time>2017-06-18T05:29:37.47Z</time>
			<pdop>6.5</pdop>
		</trkpt>
		<trkpt lat="53.216822" lon="34.483610">
			<ele>157.00</ele>
			<time>2017-06-18T05:29:46.49Z</time>
			<pdop>6.7</pdop>
		</trkpt>
		<trkpt lat="53.216902" lon="34.483510">
			<ele>157.10</ele>
			<time>2017-06-18T05:29:56.51Z</time>
			<pdop>6.8</pdop>
		</trkpt>
		<trkpt lat="53.216958" lon="34.483520">
			<ele>157.10</ele>
			<time>2017-06-18T05:30:06.48Z</time>
			<pdop>6.9</pdop>
		</trkpt>
		<trkpt lat="53.217120" lon="34.483593">
			<ele>157.10</ele>
			<time>2017-06-18T05:30:16.48Z</time>
			<pdop>6.8</pdop>
		</trkpt>
		<trkpt lat="53.217282" lon="34.483697">
			<ele>156.80</ele>
			<time>2017-06-18T05:30:26.47Z</time>
			<pdop>6.7</pdop>
		</trkpt>
		<trkpt lat="53.217518" lon="34.483768">
			<ele>156.25</ele>
			<time>2017-06-18T05:30:35.47Z</time>
			<pdop>6.4</pdop>
		</trkpt>
		<trkpt lat="53.217652" lon="34.483823">
			<ele>155.93</ele>
			<time>2017-06-18T05:30:44.48Z</time>
			<pdop>6.1</pdop>
		</trkpt>
		<trkpt lat="53.217762" lon="34.483855">
			<ele>155.80</ele>
			<time>2017-06-18T05:30:54.48Z</time>
			<pdop>5.5</pdop>
		</trkpt>
		<trkpt lat="53.217888" lon="34.484018">
			<ele>156.27</ele>
			<time>2017-06-18T05:31:04.48Z</time>
			<pdop>5.1</pdop>
		</trkpt>
		<trkpt lat="53.217908" lon="34.483980">
			<ele>156.38</ele>
			<time>2017-06-18T05:31:14.47Z</time>
			<pdop>5.6</pdop>
		</trkpt>
		<trkpt lat="53.217937" lon="34.483982">
			<ele>156.60</ele>
			<time>2017-06-18T05:31:23.48Z</time>
			<pdop>5.2</pdop>
		</trkpt>
		<trkpt lat="53.217987" lon="34.483913">
			<ele>156.10</ele>
			<time>2017-06-18T05:31:32.48Z</time>
			<pdop>5.4</pdop>
		</trkpt>
		<trkpt lat="53.218002" lon="34.483962">
			<ele>156.60</ele>
			<time>2017-06-18T05:31:42.47Z</time>
			<pdop>5.0</pdop>
		</trkpt>
		<trkpt lat="53.218012" lon="34.483972">
			<ele>156.53</ele>
			<time>2017-06-18T05:31:51.48Z</time>
			<pdop>5.2</pdop>
		</trkpt>
		<trkpt lat="53.218005" lon="34.483987">
			<ele>156.60</ele>
			<time>2017-06-18T05:32:00.48Z</time>
			<pdop>4.5</pdop>
		</trkpt>
		<trkpt lat="53.218032" lon="34.483962">
			<ele>157.40</ele>
			<time>2017-06-18T05:32:09.50Z</time>
			<pdop>4.5</pdop>
		</trkpt>
		<trkpt lat="53.218082" lon="34.484062">
			<ele>157.50</ele>
			<time>2017-06-18T05:32:19.49Z</time>
			<pdop>5.0</pdop>
		</trkpt>
		<trkpt lat="53.218115" lon="34.484083">
			<ele>157.30</ele>
			<time>2017-06-18T05:32:29.47Z</time>
			<pdop>4.8</pdop>
		</trkpt>
		<trkpt lat="53.218072" lon="34.484060">
			<ele>157.30</ele>
			<time>2017-06-18T05:32:38.47Z</time>
			<pdop>5.5</pdop>
		</trkpt>
		<trkpt lat="53.218020" lon="34.484162">
			<ele>157.30</ele>
			<time>2017-06-18T05:32:48.48Z</time>
			<pdop>4.4</pdop>
		</trkpt>
		<trkpt lat="53.218033" lon="34.484170">
			<ele>157.19</ele>
			<time>2017-06-18T05:32:57.48Z</time>
			<pdop>4.5</pdop>
		</trkpt>
		<trkpt lat="53.218052" lon="34.484217">
			<ele>157.22</ele>
			<time>2017-06-18T05:33:07.25Z</time>
			<pdop>5.5</pdop>
		</trkpt>
		<trkpt lat="53.218048" lon="34.484222">
			<ele>157.20</ele>
			<time>2017-06-18T05:33:12.49Z</time>
			<pdop>5.9</pdop>
		</trkpt>
		<trkpt lat="53.218013" lon="34.484287">
			<ele>157.27</ele>
			<time>2017-06-18T05:33:22.47Z</time>
			<pdop>5.7</pdop>
		</trkpt>
		<trkpt lat="53.218028" lon="34.484297">
			<ele>157.30</ele>
			<time>2017-06-18T05:33:31.56Z</time>
			<pdop>6.3</pdop>
		</trkpt>
		<trkpt lat="53.218060" lon="34.484418">
			<ele>157.20</ele>
			<time>2017-06-18T05:33:41.50Z</time>
			<pdop>6.8</pdop>
		</trkpt>
		<trkpt lat="53.218022" lon="34.484440">
			<ele>157.10</ele>
			<time>2017-06-18T05:33:51.47Z</time>
			<pdop>5.7</pdop>
		</trkpt>
		<trkpt lat="53.217938" lon="34.484448">
			<ele>156.90</ele>
			<time>2017-06-18T05:34:00.49Z</time>
			<pdop>6.3</pdop>
		</trkpt>
		<trkpt lat="53.217937" lon="34.484632">
			<ele>156.80</ele>
			<time>2017-06-18T05:34:09.52Z</time>
			<pdop>6.5</pdop>
		</trkpt>
		<trkpt lat="53.217852" lon="34.484828">
			<ele>156.61</ele>
			<time>2017-06-18T05:34:18.53Z</time>
			<pdop>7.0</pdop>
		</trkpt>
		<trkpt lat="53.217955" lon="34.484913">
			<ele>156.40</ele>
			<time>2017-06-18T05:34:27.54Z</time>
			<pdop>7.0</pdop>
		</trkpt>
		<trkpt lat="53.217915" lon="34.485252">
			<ele>156.03</ele>
			<time>2017-06-18T05:34:37.52Z</time>
			<pdop>6.5</pdop>
		</trkpt>
		<trkpt lat="53.217947" lon="34.485328">
			<ele>155.81</ele>
			<time>2017-06-18T05:34:47.50Z</time>
			<pdop>6.9</pdop>
		</trkpt>
		<trkpt lat="53.217865" lon="34.485422">
			<ele>155.70</ele>
			<time>2017-06-18T05:34:57.48Z</time>
			<pdop>6.4</pdop>
		</trkpt>
		<trkpt lat="53.217933" lon="34.485552">
			<ele>155.70</ele>
			<time>2017-06-18T05:35:07.47Z</time>
			<pdop>5.5</pdop>
		</trkpt>
		<trkpt lat="53.217995" lon="34.485680">
			<ele>155.70</ele>
			<time>2017-06-18T05:35:16.48Z</time>
			<pdop>6.0</pdop>
		</trkpt>
		<trkpt lat="53.218028" lon="34.485732">
			<ele>155.60</ele>
			<time>2017-06-18T05:35:26.47Z</time>
			<pdop>7.7</pdop>
		</trkpt>
		<trkpt lat="53.217948" lon="34.485738">
			<ele>155.60</ele>
			<time>2017-06-18T05:35:36.47Z</time>
			<pdop>6.5</pdop>
		</trkpt>
		<trkpt lat="53.217930" lon="34.485710">
			<ele>155.69</ele>
			<time>2017-06-18T05:35:45.47Z</time>
			<pdop>6.3</pdop>
		</trkpt>
		<trkpt lat="53.218007" lon="34.485733">
			<ele>155.90</ele>
			<time>2017-06-18T05:35:55.47Z</time>
			<pdop>5.7</pdop>
		</trkpt>
		<trkpt lat="53.218022" lon="34.485742">
			<ele>155.90</ele>
			<time>2017-06-18T05:36:04.47Z</time>
			<pdop>6.4</pdop>
		</trkpt>
		<trkpt lat="53.218020" lon="34.485697">
			<ele>156.00</ele>
			<time>2017-06-18T05:36:14.47Z</time>
			<pdop>6.1</pdop>
		</trkpt>
		<trkpt lat="53.217990" lon="34.485730">
			<ele>156.00</ele>
			<time>2017-06-18T05:36:24.47Z</time>
			<pdop>6.5</pdop>
		</trkpt>
		<trkpt lat="53.218092" lon="34.485885">
			<ele>155.90</ele>
			<time>2017-06-18T05:36:33.47Z</time>
			<pdop>6.5</pdop>
		</trkpt>
		<trkpt lat="53.218103" lon="34.485918">
			<ele>155.90</ele>
			<time>2017-06-18T05:36:42.47Z</time>
			<pdop>5.7</pdop>
		</trkpt>
		<trkpt lat="53.218035" lon="34.485958">
			<ele>156.00</ele>
			<time>2017-06-18T05:36:52.48Z</time>
			<pdop>5.4</pdop>
		</trkpt>
		<trkpt lat="53.218067" lon="34.486048">
			<ele>156.10</ele>
			<time>2017-06-18T05:37:02.47Z</time>
			<pdop>5.1</pdop>
		</trkpt>
		<trkpt lat="53.217975" lon="34.486035">
			<ele>156.30</ele>
			<time>2017-06-18T05:37:11.54Z</time>
			<pdop>5.6</pdop>
		</trkpt>
		<trkpt lat="53.218058" lon="34.486190">
			<ele>156.57</ele>
			<time>2017-06-18T05:37:21.47Z</time>
			<pdop>5.7</pdop>
		</trkpt>
		<trkpt lat="53.218105" lon="34.486240">
			<ele>156.70</ele>
			<time>2017-06-18T05:37:30.47Z</time>
			<pdop>5.7</pdop>
		</trkpt>
		<trkpt lat="53.218123" lon="34.486315">
			<ele>156.80</ele>
			<time>2017-06-18T05:37:40.47Z</time>
			<pdop>5.6</pdop>
		</trkpt>
		<trkpt lat="53.218145" lon="34.486425">
			<ele>156.70</ele>
			<time>2017-06-18T05:37:49.47Z</time>
			<pdop>5.3</pdop>
		</trkpt>
		<trkpt lat="53.218227" lon="34.486648">
			<ele>156.13</ele>
			<time>2017-06-18T05:37:58.48Z</time>
			<pdop>5.2</pdop>
		</trkpt>
		<trkpt lat="53.218295" lon="34.486737">
			<ele>155.92</ele>
			<time>2017-06-18T05:38:07.48Z</time>
			<pdop>5.1</pdop>
		</trkpt>
		<trkpt lat="53.218312" lon="34.486873">
			<ele>155.88</ele>
			<time>2017-06-18T05:38:16.50Z</time>
			<pdop>5.2</pdop>
		</trkpt>
		<trkpt lat="53.218360" lon="34.487095">
			<ele>155.70</ele>
			<time>2017-06-18T05:38:26.47Z</time>
			<pdop>5.0</pdop>
		</trkpt>
		<trkpt lat="53.218332" lon="34.487205">
			<ele>155.33</ele>
			<time>2017-06-18T05:38:35.47Z</time>
			<pdop>5.2</pdop>
		</trkpt>
		<trkpt lat="53.218380" lon="34.487328">
			<ele>155.20</ele>
			<time>2017-06-18T05:38:44.47Z</time>
			<pdop>5.6</pdop>
		</trkpt>
		<trkpt lat="53.218382" lon="34.487365">
			<ele>155.00</ele>
			<time>2017-06-18T05:38:53.48Z</time>
			<pdop>5.6</pdop>
		</trkpt>
		<trkpt lat="53.218280" lon="34.487485">
			<ele>154.53</ele>
			<time>2017-06-18T05:39:02.48Z</time>
			<pdop>5.4</pdop>
		</trkpt>
		<trkpt lat="53.218330" lon="34.487665">
			<ele>154.50</ele>
			<time>2017-06-18T05:39:12.48Z</time>
			<pdop>5.1</pdop>
		</trkpt>
		<trkpt lat="53.218332" lon="34.487773">
			<ele>154.70</ele>
			<time>2017-06-18T05:39:22.20Z</time>
			<pdop>5.0</pdop>
		</trkpt>
		<trkpt lat="53.218342" lon="34.487812">
			<ele>154.80</ele>
			<time>2017-06-18T05:39:32.24Z</time>
			<pdop>5.4</pdop>
		</trkpt>
		<trkpt lat="53.218355" lon="34.487870">
			<ele>154.80</ele>
			<time>2017-06-18T05:39:41.47Z</time>
			<pdop>7.5</pdop>
		</trkpt>
		<trkpt lat="53.218470" lon="34.487900">
			<ele>154.60</ele>
			<time>2017-06-18T05:39:51.47Z</time>
			<pdop>7.8</pdop>
		</trkpt>
		<trkpt lat="53.218347" lon="34.487887">
			<ele>154.60</ele>
			<time>2017-06-18T05:40:00.48Z</time>
			<pdop>6.8</pdop>
		</trkpt>
		<trkpt lat="53.218318" lon="34.487872">
			<ele>154.40</ele>
			<time>2017-06-18T05:40:10.48Z</time>
			<pdop>7.0</pdop>
		</trkpt>
		<trkpt lat="53.218263" lon="34.487812">
			<ele>154.30</ele>
			<time>2017-06-18T05:40:20.47Z</time>
			<pdop>6.5</pdop>
		</trkpt>
		<trkpt lat="53.218320" lon="34.487772">
			<ele>154.50</ele>
			<time>2017-06-18T05:40:29.47Z</time>
			<pdop>5.5</pdop>
		</trkpt>
		<trkpt lat="53.218382" lon="34.487967">
			<ele>154.30</ele>
			<time>2017-06-18T05:40:39.47Z</time>
			<pdop>5.1</pdop>
		</trkpt>
		<trkpt lat="53.218378" lon="34.488122">
			<ele>154.38</ele>
			<time>2017-06-18T05:40:48.47Z</time>
			<pdop>5.0</pdop>
		</trkpt>
		<trkpt lat="53.218420" lon="34.488433">
			<ele>154.50</ele>
			<time>2017-06-18T05:40:58.48Z</time>
			<pdop>4.8</pdop>
		</trkpt>
		<trkpt lat="53.218445" lon="34.488700">
			<ele>154.70</ele>
			<time>2017-06-18T05:41:08.47Z</time>
			<pdop>5.0</pdop>
		</trkpt>
		<trkpt lat="53.218460" lon="34.488887">
			<ele>155.07</ele>
			<time>2017-06-18T05:41:18.47Z</time>
			<pdop>5.0</pdop>
		</trkpt>
		<trkpt lat="53.218525" lon="34.489103">
			<ele>155.67</ele>
			<time>2017-06-18T05:41:28.47Z</time>
			<pdop>4.8</pdop>
		</trkpt>
		<trkpt lat="53.218507" lon="34.489205">
			<ele>155.89</ele>
			<time>2017-06-18T05:41:37.47Z</time>
			<pdop>5.0</pdop>
		</trkpt>
		<trkpt lat="53.218517" lon="34.489382">
			<ele>156.20</ele>
			<time>2017-06-18T05:41:47.47Z</time>
			<pdop>5.2</pdop>
		</trkpt>
		<trkpt lat="53.218535" lon="34.489427">
			<ele>156.39</ele>
			<time>2017-06-18T05:41:57.47Z</time>
			<pdop>5.1</pdop>
		</trkpt>
		<trkpt lat="53.218620" lon="34.489437">
			<ele>156.70</ele>
			<time>2017-06-18T05:42:06.47Z</time>
			<pdop>5.3</pdop>
		</trkpt>
		<trkpt lat="53.218570" lon="34.489702">
			<ele>157.42</ele>
			<time>2017-06-18T05:42:16.47Z</time>
			<pdop>5.0</pdop>
		</trkpt>
		<trkpt lat="53.218607" lon="34.490028">
			<ele>157.90</ele>
			<time>2017-06-18T05:42:26.47Z</time>
			<pdop>5.2</pdop>
		</trkpt>
		<trkpt lat="53.218657" lon="34.490272">
			<ele>157.80</ele>
			<time>2017-06-18T05:42:35.50Z</time>
			<pdop>5.4</pdop>
		</trkpt>
		<trkpt lat="53.218610" lon="34.490360">
			<ele>157.87</ele>
			<time>2017-06-18T05:42:45.47Z</time>
			<pdop>5.9</pdop>
		</trkpt>
		<trkpt lat="53.218635" lon="34.490513">
			<ele>158.10</ele>
			<time>2017-06-18T05:42:55.47Z</time>
			<pdop>6.9</pdop>
		</trkpt>
		<trkpt lat="53.218690" lon="34.490480">
			<ele>157.93</ele>
			<time>2017-06-18T05:43:05.47Z</time>
			<pdop>5.7</pdop>
		</trkpt>
		<trkpt lat="53.218642" lon="34.490655">
			<ele>157.60</ele>
			<time>2017-06-18T05:43:15.47Z</time>
			<pdop>5.1</pdop>
		</trkpt>
		<trkpt lat="53.218643" lon="34.490765">
			<ele>157.89</ele>
			<time>2017-06-18T05:43:26.69Z</time>
			<pdop>5.0</pdop>
		</trkpt>
		<trkpt lat="53.218683" lon="34.490965">
			<ele>158.75</ele>
			<time>2017-06-18T05:43:36.47Z</time>
			<pdop>5.1</pdop>
		</trkpt>
		<trkpt lat="53.218733" lon="34.491028">
			<ele>159.76</ele>
			<time>2017-06-18T05:43:45.61Z</time>
			<pdop>5.3</pdop>
		</trkpt>
		<trkpt lat="53.218643" lon="34.490970">
			<ele>160.76</ele>
			<time>2017-06-18T05:43:55.47Z</time>
			<pdop>4.7</pdop>
		</trkpt>
		<trkpt lat="53.218638" lon="34.491105">
			<ele>161.10</ele>
			<time>2017-06-18T05:44:05.47Z</time>
			<pdop>4.6</pdop>
		</trkpt>
		<trkpt lat="53.218612" lon="34.491180">
			<ele>160.73</ele>
			<time>2017-06-18T05:44:15.47Z</time>
			<pdop>4.8</pdop>
		</trkpt>
		<trkpt lat="53.218598" lon="34.491317">
			<ele>160.40</ele>
			<time>2017-06-18T05:44:24.48Z</time>
			<pdop>4.8</pdop>
		</trkpt>
		<trkpt lat="53.218658" lon="34.491480">
			<ele>160.59</ele>
			<time>2017-06-18T05:44:34.48Z</time>
			<pdop>5.0</pdop>
		</trkpt>
		<trkpt lat="53.218755" lon="34.491518">
			<ele>160.59</ele>
			<time>2017-06-18T05:44:44.48Z</time>
			<pdop>5.5</pdop>
		</trkpt>
		<trkpt lat="53.218778" lon="34.491583">
			<ele>160.81</ele>
			<time>2017-06-18T05:44:53.48Z</time>
			<pdop>5.2</pdop>
		</trkpt>
		<trkpt lat="53.218740" lon="34.491638">
			<ele>160.09</ele>
			<time>2017-06-18T05:45:03.47Z</time>
			<pdop>4.7</pdop>
		</trkpt>
		<trkpt lat="53.218687" lon="34.491842">
			<ele>160.68</ele>
			<time>2017-06-18T05:45:12.48Z</time>
			<pdop>4.7</pdop>
		</trkpt>
		<trkpt lat="53.218652" lon="34.491987">
			<ele>161.08</ele>
			<time>2017-06-18T05:45:22.47Z</time>
			<pdop>5.0</pdop>
		</trkpt>
		<trkpt lat="53.218578" lon="34.492163">
			<ele>161.47</ele>
			<time>2017-06-18T05:45:31.47Z</time>
			<pdop>4.6</pdop>
		</trkpt>
		<trkpt lat="53.218548" lon="34.492228">
			<ele>161.60</ele>
			<time>2017-06-18T05:45:41.47Z</time>
			<pdop>4.7</pdop>
		</trkpt>
		<trkpt lat="53.218578" lon="34.492328">
			<ele>161.21</ele>
			<time>2017-06-18T05:45:50.48Z</time>
			<pdop>5.0</pdop>
		</trkpt>
		<trkpt lat="53.218552" lon="34.492385">
			<ele>160.60</ele>
			<time>2017-06-18T05:46:00.47Z</time>
			<pdop>4.9</pdop>
		</trkpt>
		<trkpt lat="53.218547" lon="34.492505">
			<ele>160.13</ele>
			<time>2017-06-18T05:46:10.47Z</time>
			<pdop>4.5</pdop>
		</trkpt>
		<trkpt lat="53.218577" lon="34.492703">
			<ele>159.63</ele>
			<time>2017-06-18T05:46:20.47Z</time>
			<pdop>4.6</pdop>
		</trkpt>
		<trkpt lat="53.218570" lon="34.492762">
			<ele>159.20</ele>
			<time>2017-06-18T05:46:29.48Z</time>
			<pdop>5.2</pdop>
		</trkpt>
		<trkpt lat="53.218487" lon="34.492885">
			<ele>159.19</ele>
			<time>2017-06-18T05:46:39.47Z</time>
			<pdop>5.1</pdop>
		</trkpt>
		<trkpt lat="53.218525" lon="34.492975">
			<ele>159.30</ele>
			<time>2017-06-18T05:46:48.47Z</time>
			<pdop>4.8</pdop>
		</trkpt>
		<trkpt lat="53.218547" lon="34.492975">
			<ele>159.15</ele>
			<time>2017-06-18T05:47:00.48Z</time>
			<pdop>4.8</pdop>
		</trkpt>
		<trkpt lat="53.218517" lon="34.493137">
			<ele>158.90</ele>
			<time>2017-06-18T05:47:10.48Z</time>
			<pdop>4.4</pdop>
		</trkpt>
		<trkpt lat="53.218505" lon="34.493327">
			<ele>159.00</ele>
			<time>2017-06-18T05:47:20.48Z</time>
			<pdop>4.7</pdop>
		</trkpt>
		<trkpt lat="53.218500" lon="34.493467">
			<ele>159.30</ele>
			<time>2017-06-18T05:47:30.47Z</time>
			<pdop>4.8</pdop>
		</trkpt>
		<trkpt lat="53.218503" lon="34.493660">
			<ele>159.61</ele>
			<time>2017-06-18T05:47:39.48Z</time>
			<pdop>4.8</pdop>
		</trkpt>
		<trkpt lat="53.218488" lon="34.493837">
			<ele>159.69</ele>
			<time>2017-06-18T05:47:49.48Z</time>
			<pdop>4.8</pdop>
		</trkpt>
		<trkpt lat="53.218513" lon="34.493987">
			<ele>159.44</ele>
			<time>2017-06-18T05:47:59.47Z</time>
			<pdop>5.0</pdop>
		</trkpt>
		<trkpt lat="53.218523" lon="34.493987">
			<ele>159.51</ele>
			<time>2017-06-18T05:48:08.47Z</time>
			<pdop>5.3</pdop>
		</trkpt>
		<trkpt lat="53.218532" lon="34.494008">
			<ele>159.50</ele>
			<time>2017-06-18T05:48:18.51Z</time>
			<pdop>6.0</pdop>
		</trkpt>
		<trkpt lat="53.218558" lon="34.494138">
			<ele>159.70</ele>
			<time>2017-06-18T05:48:28.48Z</time>
			<pdop>5.3</pdop>
		</trkpt>
		<trkpt lat="53.218560" lon="34.494212">
			<ele>159.33</ele>
			<time>2017-06-18T05:48:37.50Z</time>
			<pdop>4.5</pdop>
		</trkpt>
		<trkpt lat="53.218542" lon="34.494288">
			<ele>158.81</ele>
			<time>2017-06-18T05:48:47.47Z</time>
			<pdop>4.7</pdop>
		</trkpt>
		<trkpt lat="53.218582" lon="34.494470">
			<ele>158.52</ele>
			<time>2017-06-18T05:48:56.47Z</time>
			<pdop>4.5</pdop>
		</trkpt>
		<trkpt lat="53.218595" lon="34.494607">
			<ele>158.33</ele>
			<time>2017-06-18T05:49:06.47Z</time>
			<pdop>4.3</pdop>
		</trkpt>
		<trkpt lat="53.218648" lon="34.494703">
			<ele>157.43</ele>
			<time>2017-06-18T05:49:16.48Z</time>
			<pdop>4.5</pdop>
		</trkpt>
		<trkpt lat="53.218682" lon="34.494827">
			<ele>157.10</ele>
			<time>2017-06-18T05:49:25.48Z</time>
			<pdop>4.6</pdop>
		</trkpt>
		<trkpt lat="53.218713" lon="34.494903">
			<ele>156.73</ele>
			<time>2017-06-18T05:49:35.47Z</time>
			<pdop>5.5</pdop>
		</trkpt>
		<trkpt lat="53.218712" lon="34.494977">
			<ele>156.43</ele>
			<time>2017-06-18T05:49:44.48Z</time>
			<pdop>5.5</pdop>
		</trkpt>
		<trkpt lat="53.218710" lon="34.495180">
			<ele>156.69</ele>
			<time>2017-06-18T05:49:54.48Z</time>
			<pdop>4.9</pdop>
		</trkpt>
		<trkpt lat="53.218690" lon="34.495378">
			<ele>156.43</ele>
			<time>2017-06-18T05:50:03.48Z</time>
			<pdop>4.6</pdop>
		</trkpt>
		<trkpt lat="53.218728" lon="34.495542">
			<ele>156.03</ele>
			<time>2017-06-18T05:50:12.48Z</time>
			<pdop>4.6</pdop>
		</trkpt>
		<trkpt lat="53.218738" lon="34.495698">
			<ele>155.60</ele>
			<time>2017-06-18T05:50:22.47Z</time>
			<pdop>4.6</pdop>
		</trkpt>
		<trkpt lat="53.218758" lon="34.495842">
			<ele>155.60</ele>
			<time>2017-06-18T05:50:32.47Z</time>
			<pdop>5.1</pdop>
		</trkpt>
		<trkpt lat="53.218742" lon="34.495907">
			<ele>155.60</ele>
			<time>2017-06-18T05:50:42.48Z</time>
			<pdop>5.0</pdop>
		</trkpt>
		<trkpt lat="53.218672" lon="34.495852">
			<ele>155.50</ele>
			<time>2017-06-18T05:50:52.49Z</time>
			<pdop>5.2</pdop>
		</trkpt>
		<trkpt lat="53.218660" lon="34.495930">
			<ele>155.53</ele>
			<time>2017-06-18T05:51:02.47Z</time>
			<pdop>4.6</pdop>
		</trkpt>
		<trkpt lat="53.218653" lon="34.496000">
			<ele>155.20</ele>
			<time>2017-06-18T05:51:11.48Z</time>
			<pdop>4.5</pdop>
		</trkpt>
		<trkpt lat="53.218650" lon="34.496175">
			<ele>154.98</ele>
			<time>2017-06-18T05:51:24.48Z</time>
			<pdop>9.0</pdop>
		</trkpt>
		<trkpt lat="53.218647" lon="34.496230">
			<ele>156.84</ele>
			<time>2017-06-18T05:51:34.99Z</time>
			<pdop>4.9</pdop>
		</trkpt>
		<trkpt lat="53.218607" lon="34.496225">
			<ele>157.22</ele>
			<time>2017-06-18T05:51:44.47Z</time>
			<pdop>4.9</pdop>
		</trkpt>
		<trkpt lat="53.218640" lon="34.496330">
			<ele>157.26</ele>
			<time>2017-06-18T05:51:53.47Z</time>
			<pdop>4.9</pdop>
		</trkpt>
		<trkpt lat="53.218733" lon="34.496457">
			<ele>157.30</ele>
			<time>2017-06-18T05:52:03.48Z</time>
			<pdop>4.9</pdop>
		</trkpt>
		<trkpt lat="53.218710" lon="34.496548">
			<ele>157.60</ele>
			<time>2017-06-18T05:52:13.04Z</time>
			<pdop>4.7</pdop>
		</trkpt>
		<trkpt lat="53.218727" lon="34.496648">
			<ele>157.61</ele>
			<time>2017-06-18T05:52:22.55Z</time>
			<pdop>5.5</pdop>
		</trkpt>
		<trkpt lat="53.218768" lon="34.496640">
			<ele>157.60</ele>
			<time>2017-06-18T05:52:32.74Z</time>
			<pdop>5.8</pdop>
		</trkpt>
		<trkpt lat="53.218782" lon="34.496713">
			<ele>157.50</ele>
			<time>2017-06-18T05:52:42.51Z</time>
			<pdop>5.6</pdop>
		</trkpt>
		<trkpt lat="53.218775" lon="34.496897">
			<ele>157.51</ele>
			<time>2017-06-18T05:52:51.56Z</time>
			<pdop>5.4</pdop>
		</trkpt>
		<trkpt lat="53.218698" lon="34.497032">
			<ele>157.21</ele>
			<time>2017-06-18T05:53:01.48Z</time>
			<pdop>5.5</pdop>
		</trkpt>
		<trkpt lat="53.218645" lon="34.497140">
			<ele>157.40</ele>
			<time>2017-06-18T05:53:10.51Z</time>
			<pdop>5.0</pdop>
		</trkpt>
		<trkpt lat="53.218555" lon="34.497252">
			<ele>157.01</ele>
			<time>2017-06-18T05:53:20.47Z</time>
			<pdop>4.7</pdop>
		</trkpt>
		<trkpt lat="53.218533" lon="34.497413">
			<ele>156.71</ele>
			<time>2017-06-18T05:53:30.47Z</time>
			<pdop>4.3</pdop>
		</trkpt>
		<trkpt lat="53.218523" lon="34.497585">
			<ele>156.50</ele>
			<time>2017-06-18T05:53:39.47Z</time>
			<pdop>4.4</pdop>
		</trkpt>
		<trkpt lat="53.218520" lon="34.497727">
			<ele>156.87</ele>
			<time>2017-06-18T05:53:49.47Z</time>
			<pdop>4.4</pdop>
		</trkpt>
		<trkpt lat="53.218503" lon="34.497823">
			<ele>157.59</ele>
			<time>2017-06-18T05:53:58.48Z</time>
			<pdop>4.5</pdop>
		</trkpt>
		<trkpt lat="53.218520" lon="34.497912">
			<ele>158.05</ele>
			<time>2017-06-18T05:54:07.48Z</time>
			<pdop>4.3</pdop>
		</trkpt>
		<trkpt lat="53.218548" lon="34.498087">
			<ele>158.60</ele>
			<time>2017-06-18T05:54:17.48Z</time>
			<pdop>4.3</pdop>
		</trkpt>
		<trkpt lat="53.218562" lon="34.498230">
			<ele>158.45</ele>
			<time>2017-06-18T05:54:27.47Z</time>
			<pdop>4.4</pdop>
		</trkpt>
		<trkpt lat="53.218550" lon="34.498365">
			<ele>158.10</ele>
			<time>2017-06-18T05:54:36.48Z</time>
			<pdop>4.4</pdop>
		</trkpt>
		<trkpt lat="53.218518" lon="34.498548">
			<ele>158.29</ele>
			<time>2017-06-18T05:54:46.48Z</time>
			<pdop>4.6</pdop>
		</trkpt>
		<trkpt lat="53.218480" lon="34.498700">
			<ele>159.07</ele>
			<time>2017-06-18T05:54:56.48Z</time>
			<pdop>4.4</pdop>
		</trkpt>
		<trkpt lat="53.218450" lon="34.498908">
			<ele>159.70</ele>
			<time>2017-06-18T05:55:05.48Z</time>
			<pdop>4.3</pdop>
		</trkpt>
		<trkpt lat="53.218440" lon="34.499127">
			<ele>160.44</ele>
			<time>2017-06-18T05:55:15.49Z</time>
			<pdop>4.2</pdop>
		</trkpt>
		<trkpt lat="53.218477" lon="34.499232">
			<ele>161.00</ele>
			<time>2017-06-18T05:55:25.48Z</time>
			<pdop>4.7</pdop>
		</trkpt>
		<trkpt lat="53.218462" lon="34.499275">
			<ele>161.25</ele>
			<time>2017-06-18T05:55:35.47Z</time>
			<pdop>4.8</pdop>
		</trkpt>
		<trkpt lat="53.218405" lon="34.499472">
			<ele>161.73</ele>
			<time>2017-06-18T05:55:44.47Z</time>
			<pdop>4.2</pdop>
		</trkpt>
		<trkpt lat="53.218385" lon="34.499550">
			<ele>161.20</ele>
			<time>2017-06-18T05:55:53.47Z</time>
			<pdop>4.0</pdop>
		</trkpt>
		<trkpt lat="53.218363" lon="34.499655">
			<ele>161.69</ele>
			<time>2017-06-18T05:56:02.48Z</time>
			<pdop>4.4</pdop>
		</trkpt>
		<trkpt lat="53.218322" lon="34.499762">
			<ele>162.07</ele>
			<time>2017-06-18T05:56:11.54Z</time>
			<pdop>4.3</pdop>
		</trkpt>
		<trkpt lat="53.218245" lon="34.499875">
			<ele>162.46</ele>
			<time>2017-06-18T05:56:21.47Z</time>
			<pdop>4.2</pdop>
		</trkpt>
		<trkpt lat="53.218213" lon="34.500020">
			<ele>162.77</ele>
			<time>2017-06-18T05:56:30.48Z</time>
			<pdop>4.2</pdop>
		</trkpt>
		<trkpt lat="53.218172" lon="34.500130">
			<ele>163.06</ele>
			<time>2017-06-18T05:56:39.48Z</time>
			<pdop>4.5</pdop>
		</trkpt>
		<trkpt lat="53.218167" lon="34.500157">
			<ele>162.90</ele>
			<time>2017-06-18T05:56:49.47Z</time>
			<pdop>4.8</pdop>
		</trkpt>
		<trkpt lat="53.218148" lon="34.500253">
			<ele>162.83</ele>
			<time>2017-06-18T05:56:58.49Z</time>
			<pdop>5.0</pdop>
		</trkpt>
		<trkpt lat="53.218145" lon="34.500377">
			<ele>162.70</ele>
			<time>2017-06-18T05:57:07.60Z</time>
			<pdop>4.5</pdop>
		</trkpt>
		<trkpt lat="53.218153" lon="34.500515">
			<ele>162.40</ele>
			<time>2017-06-18T05:57:17.49Z</time>
			<pdop>4.4</pdop>
		</trkpt>
		<trkpt lat="53.218150" lon="34.500678">
			<ele>162.30</ele>
			<time>2017-06-18T05:57:27.49Z</time>
			<pdop>4.4</pdop>
		</trkpt>
		<trkpt lat="53.218085" lon="34.500833">
			<ele>162.57</ele>
			<time>2017-06-18T05:57:37.70Z</time>
			<pdop>4.5</pdop>
		</trkpt>
		<trkpt lat="53.218037" lon="34.501013">
			<ele>163.07</ele>
			<time>2017-06-18T05:57:47.47Z</time>
			<pdop>4.6</pdop>
		</trkpt>
		<trkpt lat="53.218052" lon="34.501178">
			<ele>163.30</ele>
			<time>2017-06-18T05:57:56.80Z</time>
			<pdop>4.3</pdop>
		</trkpt>
		<trkpt lat="53.218057" lon="34.501313">
			<ele>163.42</ele>
			<time>2017-06-18T05:58:06.47Z</time>
			<pdop>4.7</pdop>
		</trkpt>
		<trkpt lat="53.218055" lon="34.501348">
			<ele>163.60</ele>
			<time>2017-06-18T05:58:15.48Z</time>
			<pdop>4.8</pdop>
		</trkpt>
		<trkpt lat="53.218050" lon="34.501372">
			<ele>164.07</ele>
			<time>2017-06-18T05:58:24.57Z</time>
			<pdop>5.2</pdop>
		</trkpt>
		<trkpt lat="53.218003" lon="34.501425">
			<ele>163.93</ele>
			<time>2017-06-18T05:58:34.49Z</time>
			<pdop>5.6</pdop>
		</trkpt>
		<trkpt lat="53.218042" lon="34.501397">
			<ele>163.60</ele>
			<time>2017-06-18T05:58:44.48Z</time>
			<pdop>4.9</pdop>
		</trkpt>
		<trkpt lat="53.218023" lon="34.501383">
			<ele>163.10</ele>
			<time>2017-06-18T05:58:58.52Z</time>
			<pdop>5.3</pdop>
		</trkpt>
		<trkpt lat="53.218075" lon="34.501472">
			<ele>162.90</ele>
			<time>2017-06-18T05:59:08.53Z</time>
			<pdop>5.3</pdop>
		</trkpt>
		<trkpt lat="53.218085" lon="34.501512">
			<ele>163.00</ele>
			<time>2017-06-18T05:59:17.56Z</time>
			<pdop>5.7</pdop>
		</trkpt>
		<trkpt lat="53.218070" lon="34.501507">
			<ele>162.73</ele>
			<time>2017-06-18T05:59:27.54Z</time>
			<pdop>5.3</pdop>
		</trkpt>
		<trkpt lat="53.218055" lon="34.501515">
			<ele>162.43</ele>
			<time>2017-06-18T05:59:36.75Z</time>
			<pdop>5.3</pdop>
		</trkpt>
		<trkpt lat="53.218040" lon="34.501660">
			<ele>162.13</ele>
			<time>2017-06-18T05:59:46.55Z</time>
			<pdop>5.0</pdop>
		</trkpt>
		<trkpt lat="53.218050" lon="34.501853">
			<ele>162.00</ele>
			<time>2017-06-18T05:59:56.47Z</time>
			<pdop>4.7</pdop>
		</trkpt>
		<trkpt lat="53.218067" lon="34.502013">
			<ele>161.90</ele>
			<time>2017-06-18T06:00:05.47Z</time>
			<pdop>5.2</pdop>
		</trkpt>
		<trkpt lat="53.217968" lon="34.502090">
			<ele>161.83</ele>
			<time>2017-06-18T06:00:14.47Z</time>
			<pdop>5.5</pdop>
		</trkpt>
		<trkpt lat="53.218038" lon="34.502142">
			<ele>161.63</ele>
			<time>2017-06-18T06:00:26.47Z</time>
			<pdop>6.5</pdop>
		</trkpt>
		<trkpt lat="53.217945" lon="34.502215">
			<ele>161.60</ele>
			<time>2017-06-18T06:00:35.52Z</time>
			<pdop>5.1</pdop>
		</trkpt>
		<trkpt lat="53.217862" lon="34.502375">
			<ele>161.89</ele>
			<time>2017-06-18T06:00:45.47Z</time>
			<pdop>4.8</pdop>
		</trkpt>
		<trkpt lat="53.217868" lon="34.502483">
			<ele>162.19</ele>
			<time>2017-06-18T06:00:54.48Z</time>
			<pdop>4.5</pdop>
		</trkpt>
		<trkpt lat="53.217828" lon="34.502663">
			<ele>162.67</ele>
			<time>2017-06-18T06:01:04.48Z</time>
			<pdop>4.7</pdop>
		</trkpt>
		<trkpt lat="53.217792" lon="34.502812">
			<ele>163.37</ele>
			<time>2017-06-18T06:01:13.49Z</time>
			<pdop>4.7</pdop>
		</trkpt>
		<trkpt lat="53.217732" lon="34.502977">
			<ele>164.07</ele>
			<time>2017-06-18T06:01:23.48Z</time>
			<pdop>4.7</pdop>
		</trkpt>
		<trkpt lat="53.217720" lon="34.503172">
			<ele>164.67</ele>
			<time>2017-06-18T06:01:33.47Z</time>
			<pdop>4.5</pdop>
		</trkpt>
		<trkpt lat="53.217692" lon="34.503278">
			<ele>165.44</ele>
			<time>2017-06-18T06:01:42.48Z</time>
			<pdop>4.5</pdop>
		</trkpt>
		<trkpt lat="53.217698" lon="34.503262">
			<ele>165.80</ele>
			<time>2017-06-18T06:01:51.49Z</time>
			<pdop>5.6</pdop>
		</trkpt>
		<trkpt lat="53.217637" lon="34.503315">
			<ele>165.90</ele>
			<time>2017-06-18T06:02:01.47Z</time>
			<pdop>5.0</pdop>
		</trkpt>
		<trkpt lat="53.217690" lon="34.503402">
			<ele>165.88</ele>
			<time>2017-06-18T06:02:10.48Z</time>
			<pdop>4.8</pdop>
		</trkpt>
		<trkpt lat="53.217693" lon="34.503493">
			<ele>166.20</ele>
			<time>2017-06-18T06:02:20.47Z</time>
			<pdop>4.9</pdop>
		</trkpt>
		<trkpt lat="53.217662" lon="34.503582">
			<ele>165.80</ele>
			<time>2017-06-18T06:02:29.48Z</time>
			<pdop>4.8</pdop>
		</trkpt>
		<trkpt lat="53.217720" lon="34.503722">
			<ele>166.50</ele>
			<time>2017-06-18T06:02:38.49Z</time>
			<pdop>4.5</pdop>
		</trkpt>
		<trkpt lat="53.217690" lon="34.503880">
			<ele>166.30</ele>
			<time>2017-06-18T06:02:48.49Z</time>
			<pdop>4.7</pdop>
		</trkpt>
		<trkpt lat="53.217703" lon="34.503908">
			<ele>166.50</ele>
			<time>2017-06-18T06:02:58.49Z</time>
			<pdop>5.0</pdop>
		</trkpt>
		<trkpt lat="53.217677" lon="34.503992">
			<ele>166.80</ele>
			<time>2017-06-18T06:03:07.80Z</time>
			<pdop>4.6</pdop>
		</trkpt>
		<trkpt lat="53.217687" lon="34.504108">
			<ele>167.09</ele>
			<time>2017-06-18T06:03:17.48Z</time>
			<pdop>4.7</pdop>
		</trkpt>
		<trkpt lat="53.217730" lon="34.504193">
			<ele>167.20</ele>
			<time>2017-06-18T06:03:27.47Z</time>
			<pdop>4.9</pdop>
		</trkpt>
		<trkpt lat="53.217755" lon="34.504307">
			<ele>166.93</ele>
			<time>2017-06-18T06:03:36.48Z</time>
			<pdop>4.9</pdop>
		</trkpt>
		<trkpt lat="53.217773" lon="34.504572">
			<ele>166.63</ele>
			<time>2017-06-18T06:03:45.50Z</time>
			<pdop>4.8</pdop>
		</trkpt>
		<trkpt lat="53.217828" lon="34.504660">
			<ele>166.40</ele>
			<time>2017-06-18T06:03:55.49Z</time>
			<pdop>5.1</pdop>
		</trkpt>
		<trkpt lat="53.217792" lon="34.504713">
			<ele>166.49</ele>
			<time>2017-06-18T06:04:05.48Z</time>
			<pdop>5.8</pdop>
		</trkpt>
		<trkpt lat="53.217940" lon="34.504832">
			<ele>166.68</ele>
			<time>2017-06-18T06:04:14.49Z</time>
			<pdop>4.7</pdop>
		</trkpt>
		<trkpt lat="53.217890" lon="34.504928">
			<ele>166.60</ele>
			<time>2017-06-18T06:04:24.49Z</time>
			<pdop>4.9</pdop>
		</trkpt>
		<trkpt lat="53.217887" lon="34.505130">
			<ele>166.31</ele>
			<time>2017-06-18T06:04:33.49Z</time>
			<pdop>4.9</pdop>
		</trkpt>
		<trkpt lat="53.217873" lon="34.505307">
			<ele>166.20</ele>
			<time>2017-06-18T06:04:43.48Z</time>
			<pdop>5.0</pdop>
		</trkpt>
		<trkpt lat="53.217838" lon="34.505563">
			<ele>166.25</ele>
			<time>2017-06-18T06:04:53.47Z</time>
			<pdop>4.8</pdop>
		</trkpt>
		<trkpt lat="53.217822" lon="34.505673">
			<ele>165.83</ele>
			<time>2017-06-18T06:05:02.48Z</time>
			<pdop>4.8</pdop>
		</trkpt>
		<trkpt lat="53.217812" lon="34.505842">
			<ele>165.70</ele>
			<time>2017-06-18T06:05:11.48Z</time>
			<pdop>4.8</pdop>
		</trkpt>
		<trkpt lat="53.217860" lon="34.506127">
			<ele>165.62</ele>
			<time>2017-06-18T06:05:20.50Z</time>
			<pdop>4.6</pdop>
		</trkpt>
		<trkpt lat="53.217905" lon="34.506330">
			<ele>165.80</ele>
			<time>2017-06-18T06:05:30.47Z</time>
			<pdop>5.1</pdop>
		</trkpt>
		<trkpt lat="53.217827" lon="34.506397">
			<ele>165.83</ele>
			<time>2017-06-18T06:05:39.47Z</time>
			<pdop>4.7</pdop>
		</trkpt>
		<trkpt lat="53.217868" lon="34.506475">
			<ele>165.11</ele>
			<time>2017-06-18T06:05:49.47Z</time>
			<pdop>5.1</pdop>
		</trkpt>
		<trkpt lat="53.217830" lon="34.506382">
			<ele>165.29</ele>
			<time>2017-06-18T06:05:58.48Z</time>
			<pdop>5.2</pdop>
		</trkpt>
		<trkpt lat="53.217760" lon="34.506485">
			<ele>165.39</ele>
			<time>2017-06-18T06:06:08.47Z</time>
			<pdop>4.6</pdop>
		</trkpt>
		<trkpt lat="53.217770" lon="34.506622">
			<ele>165.69</ele>
			<time>2017-06-18T06:06:17.47Z</time>
			<pdop>4.7</pdop>
		</trkpt>
		<trkpt lat="53.217750" lon="34.506568">
			<ele>165.99</ele>
			<time>2017-06-18T06:06:26.48Z</time>
			<pdop>5.0</pdop>
		</trkpt>
		<trkpt lat="53.217693" lon="34.506617">
			<ele>166.70</ele>
			<time>2017-06-18T06:06:36.47Z</time>
			<pdop>4.8</pdop>
		</trkpt>
		<trkpt lat="53.217700" lon="34.506797">
			<ele>166.79</ele>
			<time>2017-06-18T06:06:45.56Z</time>
			<pdop>5.0</pdop>
		</trkpt>
		<trkpt lat="53.217692" lon="34.506977">
			<ele>166.41</ele>
			<time>2017-06-18T06:06:55.52Z</time>
			<pdop>4.9</pdop>
		</trkpt>
		<trkpt lat="53.217688" lon="34.507025">
			<ele>165.66</ele>
			<time>2017-06-18T06:07:05.49Z</time>
			<pdop>4.9</pdop>
		</trkpt>
		<trkpt lat="53.217715" lon="34.507147">
			<ele>165.21</ele>
			<time>2017-06-18T06:07:14.51Z</time>
			<pdop>5.0</pdop>
		</trkpt>
		<trkpt lat="53.217723" lon="34.507215">
			<ele>165.37</ele>
			<time>2017-06-18T06:07:24.49Z</time>
			<pdop>5.8</pdop>
		</trkpt>
		<trkpt lat="53.217678" lon="34.507328">
			<ele>165.57</ele>
			<time>2017-06-18T06:07:33.49Z</time>
			<pdop>5.2</pdop>
		</trkpt>
		<trkpt lat="53.217622" lon="34.507492">
			<ele>165.60</ele>
			<time>2017-06-18T06:07:43.47Z</time>
			<pdop>4.8</pdop>
		</trkpt>
		<trkpt lat="53.217577" lon="34.507693">
			<ele>165.77</ele>
			<time>2017-06-18T06:07:52.48Z</time>
			<pdop>5.0</pdop>
		</trkpt>
		<trkpt lat="53.217608" lon="34.507878">
			<ele>165.55</ele>
			<time>2017-06-18T06:08:01.66Z</time>
			<pdop>4.8</pdop>
		</trkpt>
		<trkpt lat="53.217600" lon="34.508057">
			<ele>164.58</ele>
			<time>2017-06-18T06:08:11.49Z</time>
			<pdop>4.5</pdop>
		</trkpt>
		<trkpt lat="53.217617" lon="34.508123">
			<ele>164.60</ele>
			<time>2017-06-18T06:08:21Z</time>
			<pdop>4.8</pdop>
		</trkpt>
		<trkpt lat="53.217562" lon="34.508262">
			<ele>164.10</ele>
			<time>2017-06-18T06:08:30.50Z</time>
			<pdop>4.4</pdop>
		</trkpt>
		<trkpt lat="53.217552" lon="34.508275">
			<ele>163.60</ele>
			<time>2017-06-18T06:08:40.47Z</time>
			<pdop>5.0</pdop>
		</trkpt>
		<trkpt lat="53.217582" lon="34.508305">
			<ele>163.50</ele>
			<time>2017-06-18T06:08:49.48Z</time>
			<pdop>5.7</pdop>
		</trkpt>
		<trkpt lat="53.217597" lon="34.508333">
			<ele>163.79</ele>
			<time>2017-06-18T06:08:59.47Z</time>
			<pdop>5.1</pdop>
		</trkpt>
		<trkpt lat="53.217677" lon="34.508385">
			<ele>163.53</ele>
			<time>2017-06-18T06:09:09.48Z</time>
			<pdop>5.5</pdop>
		</trkpt>
		<trkpt lat="53.217740" lon="34.508327">
			<ele>163.50</ele>
			<time>2017-06-18T06:09:19.47Z</time>
			<pdop>5.6</pdop>
		</trkpt>
		<trkpt lat="53.217832" lon="34.508302">
			<ele>163.40</ele>
			<time>2017-06-18T06:09:28.48Z</time>
			<pdop>5.5</pdop>
		</trkpt>
		<trkpt lat="53.217873" lon="34.508348">
			<ele>163.31</ele>
			<time>2017-06-18T06:09:38.47Z</time>
			<pdop>5.9</pdop>
		</trkpt>
		<trkpt lat="53.217865" lon="34.508362">
			<ele>162.98</ele>
			<time>2017-06-18T06:09:48.47Z</time>
			<pdop>5.4</pdop>
		</trkpt>
		<trkpt lat="53.217950" lon="34.508410">
			<ele>162.90</ele>
			<time>2017-06-18T06:09:58.48Z</time>
			<pdop>5.8</pdop>
		</trkpt>
		<trkpt lat="53.218082" lon="34.508280">
			<ele>162.41</ele>
			<time>2017-06-18T06:10:09.15Z</time>
			<pdop>5.7</pdop>
		</trkpt>
		<trkpt lat="53.218178" lon="34.508188">
			<ele>162.20</ele>
			<time>2017-06-18T06:10:18.47Z</time>
			<pdop>6.3</pdop>
		</trkpt>
		<trkpt lat="53.218157" lon="34.508152">
			<ele>162.01</ele>
			<time>2017-06-18T06:10:28.47Z</time>
			<pdop>7.1</pdop>
		</trkpt>
		<trkpt lat="53.218218" lon="34.508265">
			<ele>161.70</ele>
			<time>2017-06-18T06:10:38.48Z</time>
			<pdop>5.3</pdop>
		</trkpt>
		<trkpt lat="53.218345" lon="34.508382">
			<ele>161.68</ele>
			<time>2017-06-18T06:10:48.47Z</time>
			<pdop>5.2</pdop>
		</trkpt>
		<trkpt lat="53.218355" lon="34.508343">
			<ele>161.50</ele>
			<time>2017-06-18T06:10:57.49Z</time>
			<pdop>5.1</pdop>
		</trkpt>
		<trkpt lat="53.218390" lon="34.508272">
			<ele>161.20</ele>
			<time>2017-06-18T06:11:13.49Z</time>
			<pdop>5.3</pdop>
		</trkpt>
		<trkpt lat="53.218455" lon="34.508332">
			<ele>161.20</ele>
			<time>2017-06-18T06:11:23.48Z</time>
			<pdop>4.9</pdop>
		</trkpt>
		<trkpt lat="53.218532" lon="34.508265">
			<ele>161.50</ele>
			<time>2017-06-18T06:11:33.47Z</time>
			<pdop>5.4</pdop>
		</trkpt>
		<trkpt lat="53.218568" lon="34.508132">
			<ele>161.69</ele>
			<time>2017-06-18T06:11:42.49Z</time>
			<pdop>5.6</pdop>
		</trkpt>
		<trkpt lat="53.218607" lon="34.508068">
			<ele>162.07</ele>
			<time>2017-06-18T06:11:52.49Z</time>
			<pdop>5.1</pdop>
		</trkpt>
		<trkpt lat="53.218672" lon="34.507992">
			<ele>162.20</ele>
			<time>2017-06-18T06:12:02.47Z</time>
			<pdop>5.2</pdop>
		</trkpt>
		<trkpt lat="53.218690" lon="34.507975">
			<ele>162.40</ele>
			<time>2017-06-18T06:12:12.47Z</time>
			<pdop>6.2</pdop>
		</trkpt>
		<trkpt lat="53.218763" lon="34.507933">
			<ele>162.60</ele>
			<time>2017-06-18T06:12:22.48Z</time>
			<pdop>6.0</pdop>
		</trkpt>
		<trkpt lat="53.218905" lon="34.507928">
			<ele>162.87</ele>
			<time>2017-06-18T06:12:32.47Z</time>
			<pdop>5.2</pdop>
		</trkpt>
		<trkpt lat="53.218918" lon="34.507905">
			<ele>162.90</ele>
			<time>2017-06-18T06:12:41.52Z</time>
			<pdop>4.9</pdop>
		</trkpt>
		<trkpt lat="53.218993" lon="34.507895">
			<ele>163.09</ele>
			<time>2017-06-18T06:12:51.49Z</time>
			<pdop>5.4</pdop>
		</trkpt>
		<trkpt lat="53.219090" lon="34.507765">
			<ele>163.10</ele>
			<time>2017-06-18T06:13:01.48Z</time>
			<pdop>5.4</pdop>
		</trkpt>
		<trkpt lat="53.219202" lon="34.507762">
			<ele>163.20</ele>
			<time>2017-06-18T06:13:11.48Z</time>
			<pdop>5.3</pdop>
		</trkpt>
		<trkpt lat="53.219177" lon="34.507762">
			<ele>163.50</ele>
			<time>2017-06-18T06:13:20.48Z</time>
			<pdop>5.2</pdop>
		</trkpt>
		<trkpt lat="53.219243" lon="34.507792">
			<ele>163.80</ele>
			<time>2017-06-18T06:13:30.47Z</time>
			<pdop>4.9</pdop>
		</trkpt>
		<trkpt lat="53.219280" lon="34.507707">
			<ele>163.89</ele>
			<time>2017-06-18T06:13:39.48Z</time>
			<pdop>5.3</pdop>
		</trkpt>
		<trkpt lat="53.219353" lon="34.507685">
			<ele>164.10</ele>
			<time>2017-06-18T06:13:48.49Z</time>
			<pdop>5.2</pdop>
		</trkpt>
		<trkpt lat="53.219372" lon="34.507673">
			<ele>164.20</ele>
			<time>2017-06-18T06:13:57.51Z</time>
			<pdop>4.9</pdop>
		</trkpt>
		<trkpt lat="53.219382" lon="34.507587">
			<ele>165.19</ele>
			<time>2017-06-18T06:14:07.47Z</time>
			<pdop>5.6</pdop>
		</trkpt>
		<trkpt lat="53.219483" lon="34.507603">
			<ele>165.30</ele>
			<time>2017-06-18T06:14:17.47Z</time>
			<pdop>5.9</pdop>
		</trkpt>
		<trkpt lat="53.219518" lon="34.507567">
			<ele>165.30</ele>
			<time>2017-06-18T06:14:27.48Z</time>
			<pdop>6.0</pdop>
		</trkpt>
		<trkpt lat="53.219848" lon="34.507537">
			<ele>165.20</ele>
			<time>2017-06-18T06:14:37.48Z</time>
			<pdop>5.5</pdop>
		</trkpt>
		<trkpt lat="53.219940" lon="34.507553">
			<ele>165.20</ele>
			<time>2017-06-18T06:14:46.50Z</time>
			<pdop>5.7</pdop>
		</trkpt>
		<trkpt lat="53.220075" lon="34.507637">
			<ele>165.10</ele>
			<time>2017-06-18T06:14:56.47Z</time>
			<pdop>5.1</pdop>
		</trkpt>
		<trkpt lat="53.220148" lon="34.507718">
			<ele>165.10</ele>
			<time>2017-06-18T06:15:06.51Z</time>
			<pdop>5.0</pdop>
		</trkpt>
		<trkpt lat="53.220220" lon="34.507783">
			<ele>165.57</ele>
			<time>2017-06-18T06:15:16.47Z</time>
			<pdop>5.2</pdop>
		</trkpt>
		<trkpt lat="53.220233" lon="34.507838">
			<ele>165.72</ele>
			<time>2017-06-18T06:15:25.48Z</time>
			<pdop>5.0</pdop>
		</trkpt>
		<trkpt lat="53.220240" lon="34.507957">
			<ele>165.78</ele>
			<time>2017-06-18T06:15:35.47Z</time>
			<pdop>5.1</pdop>
		</trkpt>
		<trkpt lat="53.220263" lon="34.508038">
			<ele>166.10</ele>
			<time>2017-06-18T06:15:44.47Z</time>
			<pdop>5.3</pdop>
		</trkpt>
		<trkpt lat="53.220252" lon="34.508033">
			<ele>166.10</ele>
			<time>2017-06-18T06:15:53.47Z</time>
			<pdop>5.6</pdop>
		</trkpt>
		<trkpt lat="53.220292" lon="34.508180">
			<ele>165.73</ele>
			<time>2017-06-18T06:16:03.47Z</time>
			<pdop>5.1</pdop>
		</trkpt>
		<trkpt lat="53.220292" lon="34.508247">
			<ele>165.72</ele>
			<time>2017-06-18T06:16:12.47Z</time>
			<pdop>4.9</pdop>
		</trkpt>
		<trkpt lat="53.220255" lon="34.508258">
			<ele>165.72</ele>
			<time>2017-06-18T06:16:21.49Z</time>
			<pdop>4.6</pdop>
		</trkpt>
		<trkpt lat="53.220238" lon="34.508360">
			<ele>164.73</ele>
			<time>2017-06-18T06:16:31.49Z</time>
			<pdop>4.5</pdop>
		</trkpt>
		<trkpt lat="53.220273" lon="34.508490">
			<ele>164.70</ele>
			<time>2017-06-18T06:16:41.55Z</time>
			<pdop>4.6</pdop>
		</trkpt>
		<trkpt lat="53.220317" lon="34.508677">
			<ele>164.78</ele>
			<time>2017-06-18T06:16:51.49Z</time>
			<pdop>4.6</pdop>
		</trkpt>
		<trkpt lat="53.220307" lon="34.508817">
			<ele>165.00</ele>
			<time>2017-06-18T06:17:01.47Z</time>
			<pdop>4.8</pdop>
		</trkpt>
		<trkpt lat="53.220317" lon="34.508927">
			<ele>165.77</ele>
			<time>2017-06-18T06:17:10.47Z</time>
			<pdop>4.7</pdop>
		</trkpt>
		<trkpt lat="53.220325" lon="34.509090">
			<ele>166.30</ele>
			<time>2017-06-18T06:17:20.48Z</time>
			<pdop>5.0</pdop>
		</trkpt>
		<trkpt lat="53.220350" lon="34.509130">
			<ele>166.49</ele>
			<time>2017-06-18T06:17:29.48Z</time>
			<pdop>5.2</pdop>
		</trkpt>
		<trkpt lat="53.220302" lon="34.509385">
			<ele>167.39</ele>
			<time>2017-06-18T06:17:39.47Z</time>
			<pdop>4.6</pdop>
		</trkpt>
		<trkpt lat="53.220307" lon="34.509463">
			<ele>167.69</ele>
			<time>2017-06-18T06:17:48.48Z</time>
			<pdop>4.4</pdop>
		</trkpt>
		<trkpt lat="53.220318" lon="34.509558">
			<ele>167.33</ele>
			<time>2017-06-18T06:17:58.48Z</time>
			<pdop>4.8</pdop>
		</trkpt>
		<trkpt lat="53.220327" lon="34.509688">
			<ele>167.77</ele>
			<time>2017-06-18T06:18:07.54Z</time>
			<pdop>4.8</pdop>
		</trkpt>
		<trkpt lat="53.220320" lon="34.509920">
			<ele>167.95</ele>
			<time>2017-06-18T06:18:17.48Z</time>
			<pdop>4.7</pdop>
		</trkpt>
		<trkpt lat="53.220310" lon="34.510082">
			<ele>168.00</ele>
			<time>2017-06-18T06:18:26.49Z</time>
			<pdop>4.9</pdop>
		</trkpt>
		<trkpt lat="53.220307" lon="34.510190">
			<ele>168.00</ele>
			<time>2017-06-18T06:18:36.48Z</time>
			<pdop>6.0</pdop>
		</trkpt>
		<trkpt lat="53.220288" lon="34.510257">
			<ele>168.30</ele>
			<time>2017-06-18T06:18:46.48Z</time>
			<pdop>5.0</pdop>
		</trkpt>
		<trkpt lat="53.220270" lon="34.510327">
			<ele>168.31</ele>
			<time>2017-06-18T06:18:55.51Z</time>
			<pdop>5.1</pdop>
		</trkpt>
		<trkpt lat="53.220293" lon="34.510380">
			<ele>168.50</ele>
			<time>2017-06-18T06:19:05.50Z</time>
			<pdop>5.4</pdop>
		</trkpt>
		<trkpt lat="53.220335" lon="34.510427">
			<ele>168.40</ele>
			<time>2017-06-18T06:19:15.47Z</time>
			<pdop>5.8</pdop>
		</trkpt>
		<trkpt lat="53.220358" lon="34.510578">
			<ele>168.41</ele>
			<time>2017-06-18T06:19:24.48Z</time>
			<pdop>5.5</pdop>
		</trkpt>
		<trkpt lat="53.220373" lon="34.510728">
			<ele>168.03</ele>
			<time>2017-06-18T06:19:34.48Z</time>
			<pdop>5.3</pdop>
		</trkpt>
		<trkpt lat="53.220422" lon="34.510850">
			<ele>167.98</ele>
			<time>2017-06-18T06:19:44.47Z</time>
			<pdop>5.5</pdop>
		</trkpt>
		<trkpt lat="53.220472" lon="34.511022">
			<ele>167.63</ele>
			<time>2017-06-18T06:19:54.47Z</time>
			<pdop>5.4</pdop>
		</trkpt>
		<trkpt lat="53.220518" lon="34.511062">
			<ele>167.15</ele>
			<time>2017-06-18T06:20:04.47Z</time>
			<pdop>5.8</pdop>
		</trkpt>
		<trkpt lat="53.220450" lon="34.511293">
			<ele>167.29</ele>
			<time>2017-06-18T06:20:14.47Z</time>
			<pdop>6.8</pdop>
		</trkpt>
		<trkpt lat="53.220437" lon="34.511452">
			<ele>167.40</ele>
			<time>2017-06-18T06:20:24.47Z</time>
			<pdop>4.8</pdop>
		</trkpt>
		<trkpt lat="53.220457" lon="34.511553">
			<ele>167.30</ele>
			<time>2017-06-18T06:20:33.48Z</time>
			<pdop>5.0</pdop>
		</trkpt>
		<trkpt lat="53.220473" lon="34.511720">
			<ele>167.99</ele>
			<time>2017-06-18T06:20:43.47Z</time>
			<pdop>4.7</pdop>
		</trkpt>
		<trkpt lat="53.220473" lon="34.511872">
			<ele>168.67</ele>
			<time>2017-06-18T06:20:52.49Z</time>
			<pdop>4.5</pdop>
		</trkpt>
		<trkpt lat="53.220462" lon="34.512082">
			<ele>169.10</ele>
			<time>2017-06-18T06:21:01.63Z</time>
			<pdop>4.5</pdop>
		</trkpt>
		<trkpt lat="53.220483" lon="34.512183">
			<ele>169.59</ele>
			<time>2017-06-18T06:21:11.47Z</time>
			<pdop>4.8</pdop>
		</trkpt>
		<trkpt lat="53.220482" lon="34.512248">
			<ele>169.90</ele>
			<time>2017-06-18T06:21:21.47Z</time>
			<pdop>4.8</pdop>
		</trkpt>
		<trkpt lat="53.220475" lon="34.512332">
			<ele>169.71</ele>
			<time>2017-06-18T06:21:30.47Z</time>
			<pdop>4.8</pdop>
		</trkpt>
		<trkpt lat="53.220503" lon="34.512413">
			<ele>169.33</ele>
			<time>2017-06-18T06:21:39.47Z</time>
			<pdop>4.7</pdop>
		</trkpt>
		<trkpt lat="53.220533" lon="34.512538">
			<ele>168.54</ele>
			<time>2017-06-18T06:21:48.52Z</time>
			<pdop>4.6</pdop>
		</trkpt>
		<trkpt lat="53.220565" lon="34.512620">
			<ele>167.81</ele>
			<time>2017-06-18T06:21:58.48Z</time>
			<pdop>4.8</pdop>
		</trkpt>
		<trkpt lat="53.220573" lon="34.512790">
			<ele>167.40</ele>
			<time>2017-06-18T06:22:08.47Z</time>
			<pdop>4.9</pdop>
		</trkpt>
		<trkpt lat="53.220522" lon="34.512882">
			<ele>167.48</ele>
			<time>2017-06-18T06:22:17.49Z</time>
			<pdop>5.6</pdop>
		</trkpt>
		<trkpt lat="53.220508" lon="34.512975">
			<ele>167.40</ele>
			<time>2017-06-18T06:22:27.49Z</time>
			<pdop>5.2</pdop>
		</trkpt>
		<trkpt lat="53.220517" lon="34.513032">
			<ele>167.69</ele>
			<time>2017-06-18T06:22:37.47Z</time>
			<pdop>4.9</pdop>
		</trkpt>
		<trkpt lat="53.220508" lon="34.513108">
			<ele>167.70</ele>
			<time>2017-06-18T06:22:46.49Z</time>
			<pdop>5.9</pdop>
		</trkpt>
		<trkpt lat="53.220440" lon="34.513210">
			<ele>167.87</ele>
			<time>2017-06-18T06:22:55.50Z</time>
			<pdop>5.2</pdop>
		</trkpt>
		<trkpt lat="53.220503" lon="34.513375">
			<ele>167.90</ele>
			<time>2017-06-18T06:23:05.47Z</time>
			<pdop>4.8</pdop>
		</trkpt>
		<trkpt lat="53.220530" lon="34.513437">
			<ele>168.00</ele>
			<time>2017-06-18T06:23:14.48Z</time>
			<pdop>4.8</pdop>
		</trkpt>
		<trkpt lat="53.220573" lon="34.513605">
			<ele>168.10</ele>
			<time>2017-06-18T06:23:24.47Z</time>
			<pdop>4.9</pdop>
		</trkpt>
		<trkpt lat="53.220555" lon="34.513798">
			<ele>168.67</ele>
			<time>2017-06-18T06:23:33.49Z</time>
			<pdop>4.6</pdop>
		</trkpt>
		<trkpt lat="53.220593" lon="34.513923">
			<ele>169.17</ele>
			<time>2017-06-18T06:23:43.48Z</time>
			<pdop>5.5</pdop>
		</trkpt>
		<trkpt lat="53.220568" lon="34.514063">
			<ele>169.40</ele>
			<time>2017-06-18T06:23:53.47Z</time>
			<pdop>5.4</pdop>
		</trkpt>
		<trkpt lat="53.220585" lon="34.514173">
			<ele>169.31</ele>
			<time>2017-06-18T06:24:02.47Z</time>
			<pdop>5.0</pdop>
		</trkpt>
		<trkpt lat="53.220542" lon="34.514293">
			<ele>169.20</ele>
			<time>2017-06-18T06:24:11.49Z</time>
			<pdop>5.1</pdop>
		</trkpt>
		<trkpt lat="53.220620" lon="34.514435">
			<ele>169.20</ele>
			<time>2017-06-18T06:24:21.47Z</time>
			<pdop>5.6</pdop>
		</trkpt>
		<trkpt lat="53.220758" lon="34.514403">
			<ele>169.40</ele>
			<time>2017-06-18T06:24:31.48Z</time>
			<pdop>5.6</pdop>
		</trkpt>
		<trkpt lat="53.220875" lon="34.514405">
			<ele>169.49</ele>
			<time>2017-06-18T06:24:41.47Z</time>
			<pdop>5.6</pdop>
		</trkpt>
		<trkpt lat="53.220928" lon="34.514407">
			<ele>169.70</ele>
			<time>2017-06-18T06:24:51.47Z</time>
			<pdop>5.9</pdop>
		</trkpt>
		<trkpt lat="53.221042" lon="34.514378">
			<ele>169.80</ele>
			<time>2017-06-18T06:25:00.50Z</time>
			<pdop>5.4</pdop>
		</trkpt>
		<trkpt lat="53.221127" lon="34.514343">
			<ele>170.00</ele>
			<time>2017-06-18T06:25:10.50Z</time>
			<pdop>5.5</pdop>
		</trkpt>
		<trkpt lat="53.221238" lon="34.514308">
			<ele>169.90</ele>
			<time>2017-06-18T06:25:19.51Z</time>
			<pdop>5.3</pdop>
		</trkpt>
		<trkpt lat="53.221343" lon="34.514305">
			<ele>169.99</ele>
			<time>2017-06-18T06:25:29.48Z</time>
			<pdop>5.4</pdop>
		</trkpt>
		<trkpt lat="53.221523" lon="34.514187">
			<ele>170.29</ele>
			<time>2017-06-18T06:25:39.47Z</time>
			<pdop>5.8</pdop>
		</trkpt>
		<trkpt lat="53.221583" lon="34.514160">
			<ele>170.19</ele>
			<time>2017-06-18T06:25:49.47Z</time>
			<pdop>5.9</pdop>
		</trkpt>
		<trkpt lat="53.221630" lon="34.514233">
			<ele>170.50</ele>
			<time>2017-06-18T06:25:58.48Z</time>
			<pdop>5.5</pdop>
		</trkpt>
		<trkpt lat="53.221722" lon="34.514315">
			<ele>170.60</ele>
			<time>2017-06-18T06:26:08.47Z</time>
			<pdop>4.8</pdop>
		</trkpt>
		<trkpt lat="53.221755" lon="34.514372">
			<ele>170.60</ele>
			<time>2017-06-18T06:26:17.47Z</time>
			<pdop>5.1</pdop>
		</trkpt>
		<trkpt lat="53.221838" lon="34.514383">
			<ele>170.11</ele>
			<time>2017-06-18T06:26:27.47Z</time>
			<pdop>5.3</pdop>
		</trkpt>
		<trkpt lat="53.221853" lon="34.514443">
			<ele>169.90</ele>
			<time>2017-06-18T06:26:36.48Z</time>
			<pdop>5.6</pdop>
		</trkpt>
		<trkpt lat="53.221957" lon="34.514462">
			<ele>170.09</ele>
			<time>2017-06-18T06:26:45.50Z</time>
			<pdop>5.6</pdop>
		</trkpt>
		<trkpt lat="53.222083" lon="34.514405">
			<ele>170.70</ele>
			<time>2017-06-18T06:26:54.50Z</time>
			<pdop>5.5</pdop>
		</trkpt>
		<trkpt lat="53.222215" lon="34.514428">
			<ele>171.10</ele>
			<time>2017-06-18T06:27:04.49Z</time>
			<pdop>5.4</pdop>
		</trkpt>
		<trkpt lat="53.222307" lon="34.514475">
			<ele>171.50</ele>
			<time>2017-06-18T06:27:14.47Z</time>
			<pdop>5.6</pdop>
		</trkpt>
		<trkpt lat="53.222347" lon="34.514460">
			<ele>172.07</ele>
			<time>2017-06-18T06:27:23.49Z</time>
			<pdop>5.8</pdop>
		</trkpt>
		<trkpt lat="53.222355" lon="34.514440">
			<ele>172.29</ele>
			<time>2017-06-18T06:27:33.73Z</time>
			<pdop>6.2</pdop>
		</trkpt>
		<trkpt lat="53.222378" lon="34.514382">
			<ele>172.40</ele>
			<time>2017-06-18T06:27:36.54Z</time>
			<pdop>6.4</pdop>
		</trkpt>
		<trkpt lat="53.222480" lon="34.514422">
			<ele>172.80</ele>
			<time>2017-06-18T06:28:05.61Z</time>
			<pdop>6.2</pdop>
		</trkpt>
		<trkpt lat="53.222570" lon="34.514462">
			<ele>172.70</ele>
			<time>2017-06-18T06:28:14.73Z</time>
			<pdop>6.5</pdop>
		</trkpt>
		<trkpt lat="53.222655" lon="34.514403">
			<ele>172.51</ele>
			<time>2017-06-18T06:28:21.55Z</time>
			<pdop>8.1</pdop>
		</trkpt>
		<extensions>
			<gte:name>126км — памятник Военнный госпиталь</gte:name>
			<gte:color>#fbaf00</gte:color>
		</extensions>
	</trkseg>
	<trkseg>
		<trkpt lat="53.222655" lon="34.514403">
			<ele>172.51</ele>
			<time>2017-06-18T06:28:21.55Z</time>
			<pdop>8.1</pdop>
		</trkpt>
		<trkpt lat="53.222497" lon="34.515030">
			<ele>172.51</ele>
			<time>2017-06-18T06:48:37.60Z</time>
			<pdop>6.6</pdop>
		</trkpt>
		<trkpt lat="53.222495" lon="34.515000">
			<ele>145.54</ele>
			<time>2017-06-18T06:48:46.60Z</time>
			<pdop>5.0</pdop>
		</trkpt>
		<trkpt lat="53.222458" lon="34.515058">
			<ele>147.01</ele>
			<time>2017-06-18T06:48:55.62Z</time>
			<pdop>5.4</pdop>
		</trkpt>
		<trkpt lat="53.222462" lon="34.515238">
			<ele>153.83</ele>
			<time>2017-06-18T06:49:06.60Z</time>
			<pdop>5.5</pdop>
		</trkpt>
		<trkpt lat="53.222433" lon="34.515518">
			<ele>157.07</ele>
			<time>2017-06-18T06:49:17.10Z</time>
			<pdop>4.8</pdop>
		</trkpt>
		<trkpt lat="53.222437" lon="34.515618">
			<ele>156.23</ele>
			<time>2017-06-18T06:49:26.60Z</time>
			<pdop>5.0</pdop>
		</trkpt>
		<trkpt lat="53.222485" lon="34.515633">
			<ele>152.83</ele>
			<time>2017-06-18T06:49:37.60Z</time>
			<pdop>5.6</pdop>
		</trkpt>
		<trkpt lat="53.222458" lon="34.515795">
			<ele>155.52</ele>
			<time>2017-06-18T06:50:04.92Z</time>
			<pdop>5.6</pdop>
		</trkpt>
		<trkpt lat="53.222463" lon="34.515827">
			<ele>156.40</ele>
			<time>2017-06-18T06:50:12.91Z</time>
			<pdop>5.5</pdop>
		</trkpt>
		<trkpt lat="53.222423" lon="34.516008">
			<ele>156.30</ele>
			<time>2017-06-18T06:50:22.91Z</time>
			<pdop>5.2</pdop>
		</trkpt>
		<trkpt lat="53.222340" lon="34.516083">
			<ele>156.08</ele>
			<time>2017-06-18T06:50:47.91Z</time>
			<pdop>4.9</pdop>
		</trkpt>
		<trkpt lat="53.222342" lon="34.516032">
			<ele>155.90</ele>
			<time>2017-06-18T06:50:57.91Z</time>
			<pdop>4.7</pdop>
		</trkpt>
		<trkpt lat="53.222348" lon="34.516115">
			<ele>155.64</ele>
			<time>2017-06-18T06:51:07.92Z</time>
			<pdop>4.4</pdop>
		</trkpt>
		<trkpt lat="53.222295" lon="34.516227">
			<ele>155.48</ele>
			<time>2017-06-18T06:51:17.94Z</time>
			<pdop>4.3</pdop>
		</trkpt>
		<trkpt lat="53.222187" lon="34.516382">
			<ele>155.33</ele>
			<time>2017-06-18T06:51:27.90Z</time>
			<pdop>4.2</pdop>
		</trkpt>
		<trkpt lat="53.222133" lon="34.516485">
			<ele>155.39</ele>
			<time>2017-06-18T06:51:37.90Z</time>
			<pdop>4.6</pdop>
		</trkpt>
		<trkpt lat="53.222088" lon="34.516617">
			<ele>156.10</ele>
			<time>2017-06-18T06:51:46.92Z</time>
			<pdop>4.6</pdop>
		</trkpt>
		<trkpt lat="53.222050" lon="34.516552">
			<ele>156.10</ele>
			<time>2017-06-18T06:51:56.90Z</time>
			<pdop>4.3</pdop>
		</trkpt>
		<trkpt lat="53.222032" lon="34.516637">
			<ele>155.91</ele>
			<time>2017-06-18T06:52:05.90Z</time>
			<pdop>4.2</pdop>
		</trkpt>
		<trkpt lat="53.222058" lon="34.516735">
			<ele>156.03</ele>
			<time>2017-06-18T06:52:15.90Z</time>
			<pdop>4.4</pdop>
		</trkpt>
		<trkpt lat="53.222082" lon="34.516858">
			<ele>156.00</ele>
			<time>2017-06-18T06:52:24.90Z</time>
			<pdop>4.7</pdop>
		</trkpt>
		<trkpt lat="53.222098" lon="34.517022">
			<ele>156.01</ele>
			<time>2017-06-18T06:52:34.90Z</time>
			<pdop>4.6</pdop>
		</trkpt>
		<trkpt lat="53.222070" lon="34.517097">
			<ele>156.50</ele>
			<time>2017-06-18T06:52:44.90Z</time>
			<pdop>4.3</pdop>
		</trkpt>
		<trkpt lat="53.222013" lon="34.517235">
			<ele>156.35</ele>
			<time>2017-06-18T06:52:54.90Z</time>
			<pdop>3.9</pdop>
		</trkpt>
		<trkpt lat="53.222035" lon="34.517333">
			<ele>155.41</ele>
			<time>2017-06-18T06:53:03.90Z</time>
			<pdop>4.1</pdop>
		</trkpt>
		<trkpt lat="53.222097" lon="34.517475">
			<ele>155.47</ele>
			<time>2017-06-18T06:53:13.90Z</time>
			<pdop>4.6</pdop>
		</trkpt>
		<trkpt lat="53.222165" lon="34.517595">
			<ele>155.60</ele>
			<time>2017-06-18T06:53:22.91Z</time>
			<pdop>4.9</pdop>
		</trkpt>
		<trkpt lat="53.222250" lon="34.517702">
			<ele>155.50</ele>
			<time>2017-06-18T06:53:31.95Z</time>
			<pdop>5.1</pdop>
		</trkpt>
		<trkpt lat="53.222258" lon="34.517928">
			<ele>155.84</ele>
			<time>2017-06-18T06:53:41.91Z</time>
			<pdop>4.2</pdop>
		</trkpt>
		<trkpt lat="53.222252" lon="34.517943">
			<ele>156.40</ele>
			<time>2017-06-18T06:53:51.90Z</time>
			<pdop>3.9</pdop>
		</trkpt>
		<trkpt lat="53.222283" lon="34.518043">
			<ele>156.85</ele>
			<time>2017-06-18T06:54:10.91Z</time>
			<pdop>4.0</pdop>
		</trkpt>
		<trkpt lat="53.222328" lon="34.518137">
			<ele>157.09</ele>
			<time>2017-06-18T06:54:20.90Z</time>
			<pdop>4.2</pdop>
		</trkpt>
		<trkpt lat="53.222330" lon="34.518283">
			<ele>157.20</ele>
			<time>2017-06-18T06:54:30.90Z</time>
			<pdop>4.5</pdop>
		</trkpt>
		<trkpt lat="53.222318" lon="34.518467">
			<ele>157.37</ele>
			<time>2017-06-18T06:54:39.90Z</time>
			<pdop>4.7</pdop>
		</trkpt>
		<trkpt lat="53.222355" lon="34.518687">
			<ele>157.60</ele>
			<time>2017-06-18T06:54:48.91Z</time>
			<pdop>4.6</pdop>
		</trkpt>
		<trkpt lat="53.222428" lon="34.518858">
			<ele>158.50</ele>
			<time>2017-06-18T06:54:59.11Z</time>
			<pdop>4.6</pdop>
		</trkpt>
		<trkpt lat="53.222490" lon="34.519050">
			<ele>159.47</ele>
			<time>2017-06-18T06:55:08.90Z</time>
			<pdop>4.7</pdop>
		</trkpt>
		<trkpt lat="53.222520" lon="34.519202">
			<ele>159.77</ele>
			<time>2017-06-18T06:55:18.90Z</time>
			<pdop>4.6</pdop>
		</trkpt>
		<trkpt lat="53.222532" lon="34.519300">
			<ele>159.88</ele>
			<time>2017-06-18T06:55:27.90Z</time>
			<pdop>4.9</pdop>
		</trkpt>
		<trkpt lat="53.222567" lon="34.519430">
			<ele>160.10</ele>
			<time>2017-06-18T06:55:36.90Z</time>
			<pdop>5.0</pdop>
		</trkpt>
		<trkpt lat="53.222587" lon="34.519613">
			<ele>160.46</ele>
			<time>2017-06-18T06:55:45.91Z</time>
			<pdop>4.7</pdop>
		</trkpt>
		<trkpt lat="53.222610" lon="34.519792">
			<ele>161.00</ele>
			<time>2017-06-18T06:55:55.90Z</time>
			<pdop>4.7</pdop>
		</trkpt>
		<trkpt lat="53.222593" lon="34.519860">
			<ele>161.00</ele>
			<time>2017-06-18T06:56:04.91Z</time>
			<pdop>4.4</pdop>
		</trkpt>
		<trkpt lat="53.222562" lon="34.519972">
			<ele>161.38</ele>
			<time>2017-06-18T06:56:31.90Z</time>
			<pdop>4.4</pdop>
		</trkpt>
		<trkpt lat="53.222575" lon="34.520075">
			<ele>161.97</ele>
			<time>2017-06-18T06:56:41.91Z</time>
			<pdop>4.4</pdop>
		</trkpt>
		<trkpt lat="53.222610" lon="34.520222">
			<ele>162.29</ele>
			<time>2017-06-18T06:56:51.90Z</time>
			<pdop>4.7</pdop>
		</trkpt>
		<trkpt lat="53.222670" lon="34.520338">
			<ele>162.30</ele>
			<time>2017-06-18T06:57:00.91Z</time>
			<pdop>5.0</pdop>
		</trkpt>
		<trkpt lat="53.222658" lon="34.520580">
			<ele>162.50</ele>
			<time>2017-06-18T06:57:09.91Z</time>
			<pdop>5.0</pdop>
		</trkpt>
		<trkpt lat="53.222693" lon="34.520728">
			<ele>162.30</ele>
			<time>2017-06-18T06:57:19.90Z</time>
			<pdop>4.9</pdop>
		</trkpt>
		<trkpt lat="53.222590" lon="34.520927">
			<ele>162.00</ele>
			<time>2017-06-18T06:57:29.04Z</time>
			<pdop>4.0</pdop>
		</trkpt>
		<trkpt lat="53.222565" lon="34.520817">
			<ele>162.20</ele>
			<time>2017-06-18T06:57:38.90Z</time>
			<pdop>4.4</pdop>
		</trkpt>
		<trkpt lat="53.222642" lon="34.520757">
			<ele>162.05</ele>
			<time>2017-06-18T06:57:49.91Z</time>
			<pdop>4.6</pdop>
		</trkpt>
		<trkpt lat="53.222645" lon="34.520883">
			<ele>161.86</ele>
			<time>2017-06-18T06:57:59.91Z</time>
			<pdop>4.6</pdop>
		</trkpt>
		<trkpt lat="53.222597" lon="34.521072">
			<ele>162.37</ele>
			<time>2017-06-18T06:58:09.90Z</time>
			<pdop>4.9</pdop>
		</trkpt>
		<trkpt lat="53.222578" lon="34.521135">
			<ele>162.50</ele>
			<time>2017-06-18T06:58:18.91Z</time>
			<pdop>4.6</pdop>
		</trkpt>
		<trkpt lat="53.222610" lon="34.521198">
			<ele>162.65</ele>
			<time>2017-06-18T06:58:30.90Z</time>
			<pdop>4.5</pdop>
		</trkpt>
		<trkpt lat="53.222595" lon="34.521318">
			<ele>163.07</ele>
			<time>2017-06-18T06:58:39.91Z</time>
			<pdop>4.6</pdop>
		</trkpt>
		<trkpt lat="53.222665" lon="34.521447">
			<ele>163.10</ele>
			<time>2017-06-18T06:58:49.90Z</time>
			<pdop>4.7</pdop>
		</trkpt>
		<trkpt lat="53.222737" lon="34.521572">
			<ele>163.20</ele>
			<time>2017-06-18T06:58:58.91Z</time>
			<pdop>4.8</pdop>
		</trkpt>
		<trkpt lat="53.222783" lon="34.521745">
			<ele>163.32</ele>
			<time>2017-06-18T06:59:07.95Z</time>
			<pdop>4.9</pdop>
		</trkpt>
		<trkpt lat="53.222825" lon="34.522012">
			<ele>163.69</ele>
			<time>2017-06-18T06:59:17.91Z</time>
			<pdop>4.7</pdop>
		</trkpt>
		<trkpt lat="53.222838" lon="34.522188">
			<ele>163.87</ele>
			<time>2017-06-18T06:59:26.92Z</time>
			<pdop>4.9</pdop>
		</trkpt>
		<trkpt lat="53.222865" lon="34.522367">
			<ele>164.11</ele>
			<time>2017-06-18T06:59:36.90Z</time>
			<pdop>5.0</pdop>
		</trkpt>
		<trkpt lat="53.222862" lon="34.522437">
			<ele>164.27</ele>
			<time>2017-06-18T06:59:45.91Z</time>
			<pdop>5.1</pdop>
		</trkpt>
		<trkpt lat="53.222875" lon="34.522453">
			<ele>164.40</ele>
			<time>2017-06-18T06:59:55.91Z</time>
			<pdop>5.3</pdop>
		</trkpt>
		<trkpt lat="53.222822" lon="34.522668">
			<ele>164.87</ele>
			<time>2017-06-18T07:00:05.91Z</time>
			<pdop>4.7</pdop>
		</trkpt>
		<trkpt lat="53.222828" lon="34.522842">
			<ele>165.10</ele>
			<time>2017-06-18T07:00:14.91Z</time>
			<pdop>4.7</pdop>
		</trkpt>
		<trkpt lat="53.222812" lon="34.523022">
			<ele>165.40</ele>
			<time>2017-06-18T07:00:23.94Z</time>
			<pdop>4.3</pdop>
		</trkpt>
		<trkpt lat="53.222795" lon="34.523122">
			<ele>165.50</ele>
			<time>2017-06-18T07:00:33.91Z</time>
			<pdop>4.4</pdop>
		</trkpt>
		<trkpt lat="53.222757" lon="34.523198">
			<ele>165.50</ele>
			<time>2017-06-18T07:00:43.90Z</time>
			<pdop>4.7</pdop>
		</trkpt>
		<trkpt lat="53.222812" lon="34.523262">
			<ele>165.60</ele>
			<time>2017-06-18T07:00:52.91Z</time>
			<pdop>4.5</pdop>
		</trkpt>
		<trkpt lat="53.222880" lon="34.523332">
			<ele>165.60</ele>
			<time>2017-06-18T07:01:01.92Z</time>
			<pdop>4.7</pdop>
		</trkpt>
		<trkpt lat="53.222892" lon="34.523525">
			<ele>165.60</ele>
			<time>2017-06-18T07:01:11.90Z</time>
			<pdop>4.5</pdop>
		</trkpt>
		<trkpt lat="53.222885" lon="34.523555">
			<ele>165.60</ele>
			<time>2017-06-18T07:01:20.91Z</time>
			<pdop>4.5</pdop>
		</trkpt>
		<trkpt lat="53.222848" lon="34.523593">
			<ele>165.82</ele>
			<time>2017-06-18T07:01:30.91Z</time>
			<pdop>4.1</pdop>
		</trkpt>
		<trkpt lat="53.222902" lon="34.523700">
			<ele>165.90</ele>
			<time>2017-06-18T07:01:39.91Z</time>
			<pdop>4.2</pdop>
		</trkpt>
		<trkpt lat="53.222963" lon="34.523837">
			<ele>165.70</ele>
			<time>2017-06-18T07:01:49.90Z</time>
			<pdop>4.5</pdop>
		</trkpt>
		<trkpt lat="53.223000" lon="34.523862">
			<ele>165.90</ele>
			<time>2017-06-18T07:01:59.90Z</time>
			<pdop>4.4</pdop>
		</trkpt>
		<trkpt lat="53.222965" lon="34.524058">
			<ele>165.50</ele>
			<time>2017-06-18T07:02:08.90Z</time>
			<pdop>4.2</pdop>
		</trkpt>
		<trkpt lat="53.222957" lon="34.524168">
			<ele>165.33</ele>
			<time>2017-06-18T07:02:18.91Z</time>
			<pdop>4.5</pdop>
		</trkpt>
		<trkpt lat="53.222992" lon="34.524305">
			<ele>165.08</ele>
			<time>2017-06-18T07:02:27.95Z</time>
			<pdop>4.3</pdop>
		</trkpt>
		<trkpt lat="53.222987" lon="34.524382">
			<ele>165.40</ele>
			<time>2017-06-18T07:02:37.90Z</time>
			<pdop>4.4</pdop>
		</trkpt>
		<trkpt lat="53.223032" lon="34.524453">
			<ele>165.40</ele>
			<time>2017-06-18T07:02:46.91Z</time>
			<pdop>4.7</pdop>
		</trkpt>
		<trkpt lat="53.223072" lon="34.524647">
			<ele>165.41</ele>
			<time>2017-06-18T07:02:55.92Z</time>
			<pdop>4.5</pdop>
		</trkpt>
		<trkpt lat="53.223078" lon="34.524807">
			<ele>165.10</ele>
			<time>2017-06-18T07:03:05.91Z</time>
			<pdop>4.6</pdop>
		</trkpt>
		<trkpt lat="53.223110" lon="34.525060">
			<ele>164.80</ele>
			<time>2017-06-18T07:03:15.90Z</time>
			<pdop>4.5</pdop>
		</trkpt>
		<trkpt lat="53.223063" lon="34.525233">
			<ele>164.68</ele>
			<time>2017-06-18T07:03:24.91Z</time>
			<pdop>4.2</pdop>
		</trkpt>
		<trkpt lat="53.222997" lon="34.525383">
			<ele>164.62</ele>
			<time>2017-06-18T07:03:33.96Z</time>
			<pdop>3.7</pdop>
		</trkpt>
		<trkpt lat="53.223022" lon="34.525433">
			<ele>164.20</ele>
			<time>2017-06-18T07:03:43.94Z</time>
			<pdop>4.0</pdop>
		</trkpt>
		<trkpt lat="53.223098" lon="34.525587">
			<ele>163.90</ele>
			<time>2017-06-18T07:03:53.91Z</time>
			<pdop>4.3</pdop>
		</trkpt>
		<trkpt lat="53.223143" lon="34.525768">
			<ele>163.80</ele>
			<time>2017-06-18T07:04:03.93Z</time>
			<pdop>4.4</pdop>
		</trkpt>
		<trkpt lat="53.223205" lon="34.525950">
			<ele>164.00</ele>
			<time>2017-06-18T07:04:13.91Z</time>
			<pdop>4.4</pdop>
		</trkpt>
		<trkpt lat="53.223320" lon="34.526095">
			<ele>163.91</ele>
			<time>2017-06-18T07:04:23.90Z</time>
			<pdop>4.5</pdop>
		</trkpt>
		<trkpt lat="53.223413" lon="34.526210">
			<ele>163.99</ele>
			<time>2017-06-18T07:04:32.90Z</time>
			<pdop>4.6</pdop>
		</trkpt>
		<trkpt lat="53.223487" lon="34.526372">
			<ele>164.19</ele>
			<time>2017-06-18T07:04:41.91Z</time>
			<pdop>4.8</pdop>
		</trkpt>
		<trkpt lat="53.223570" lon="34.526525">
			<ele>164.20</ele>
			<time>2017-06-18T07:04:50.92Z</time>
			<pdop>4.8</pdop>
		</trkpt>
		<trkpt lat="53.223635" lon="34.526710">
			<ele>163.94</ele>
			<time>2017-06-18T07:05:00.93Z</time>
			<pdop>4.5</pdop>
		</trkpt>
		<trkpt lat="53.223652" lon="34.526808">
			<ele>163.71</ele>
			<time>2017-06-18T07:05:10.93Z</time>
			<pdop>4.6</pdop>
		</trkpt>
		<trkpt lat="53.223622" lon="34.526825">
			<ele>163.60</ele>
			<time>2017-06-18T07:05:20.91Z</time>
			<pdop>4.2</pdop>
		</trkpt>
		<trkpt lat="53.223620" lon="34.527023">
			<ele>163.40</ele>
			<time>2017-06-18T07:05:30.92Z</time>
			<pdop>4.2</pdop>
		</trkpt>
		<trkpt lat="53.223612" lon="34.527195">
			<ele>163.60</ele>
			<time>2017-06-18T07:05:40.91Z</time>
			<pdop>4.3</pdop>
		</trkpt>
		<trkpt lat="53.223608" lon="34.527382">
			<ele>163.80</ele>
			<time>2017-06-18T07:05:50.90Z</time>
			<pdop>4.5</pdop>
		</trkpt>
		<trkpt lat="53.223638" lon="34.527537">
			<ele>163.51</ele>
			<time>2017-06-18T07:05:59.91Z</time>
			<pdop>4.7</pdop>
		</trkpt>
		<trkpt lat="53.223682" lon="34.527725">
			<ele>163.40</ele>
			<time>2017-06-18T07:06:09.91Z</time>
			<pdop>4.8</pdop>
		</trkpt>
		<trkpt lat="53.223743" lon="34.527905">
			<ele>163.33</ele>
			<time>2017-06-18T07:06:19.90Z</time>
			<pdop>4.9</pdop>
		</trkpt>
		<trkpt lat="53.223842" lon="34.528037">
			<ele>163.11</ele>
			<time>2017-06-18T07:06:29.90Z</time>
			<pdop>5.2</pdop>
		</trkpt>
		<trkpt lat="53.223947" lon="34.528202">
			<ele>162.90</ele>
			<time>2017-06-18T07:06:38.90Z</time>
			<pdop>5.3</pdop>
		</trkpt>
		<trkpt lat="53.224017" lon="34.528372">
			<ele>162.78</ele>
			<time>2017-06-18T07:06:48.91Z</time>
			<pdop>5.0</pdop>
		</trkpt>
		<trkpt lat="53.224052" lon="34.528497">
			<ele>162.70</ele>
			<time>2017-06-18T07:06:57.91Z</time>
			<pdop>4.5</pdop>
		</trkpt>
		<trkpt lat="53.224058" lon="34.528548">
			<ele>162.60</ele>
			<time>2017-06-18T07:07:06.91Z</time>
			<pdop>4.8</pdop>
		</trkpt>
		<trkpt lat="53.224063" lon="34.528585">
			<ele>162.11</ele>
			<time>2017-06-18T07:07:16.17Z</time>
			<pdop>4.8</pdop>
		</trkpt>
		<trkpt lat="53.224050" lon="34.528593">
			<ele>162.10</ele>
			<time>2017-06-18T07:07:19.06Z</time>
			<pdop>4.9</pdop>
		</trkpt>
		<trkpt lat="53.223997" lon="34.528720">
			<ele>161.88</ele>
			<time>2017-06-18T07:07:30.91Z</time>
			<pdop>4.9</pdop>
		</trkpt>
		<trkpt lat="53.223983" lon="34.528735">
			<ele>161.70</ele>
			<time>2017-06-18T07:07:40.91Z</time>
			<pdop>4.8</pdop>
		</trkpt>
		<trkpt lat="53.223978" lon="34.528815">
			<ele>161.55</ele>
			<time>2017-06-18T07:07:59.90Z</time>
			<pdop>5.0</pdop>
		</trkpt>
		<trkpt lat="53.223973" lon="34.528925">
			<ele>161.40</ele>
			<time>2017-06-18T07:08:08.91Z</time>
			<pdop>4.9</pdop>
		</trkpt>
		<trkpt lat="53.224062" lon="34.529040">
			<ele>161.13</ele>
			<time>2017-06-18T07:08:18.90Z</time>
			<pdop>4.9</pdop>
		</trkpt>
		<trkpt lat="53.224140" lon="34.529218">
			<ele>161.22</ele>
			<time>2017-06-18T07:08:28.90Z</time>
			<pdop>5.1</pdop>
		</trkpt>
		<trkpt lat="53.224195" lon="34.529375">
			<ele>161.11</ele>
			<time>2017-06-18T07:08:38.91Z</time>
			<pdop>5.3</pdop>
		</trkpt>
		<trkpt lat="53.224232" lon="34.529593">
			<ele>161.00</ele>
			<time>2017-06-18T07:08:47.91Z</time>
			<pdop>5.4</pdop>
		</trkpt>
		<trkpt lat="53.224238" lon="34.529788">
			<ele>161.10</ele>
			<time>2017-06-18T07:08:57.51Z</time>
			<pdop>5.5</pdop>
		</trkpt>
		<trkpt lat="53.224310" lon="34.529997">
			<ele>161.09</ele>
			<time>2017-06-18T07:09:06.91Z</time>
			<pdop>5.4</pdop>
		</trkpt>
		<trkpt lat="53.224355" lon="34.530020">
			<ele>161.10</ele>
			<time>2017-06-18T07:09:16.91Z</time>
			<pdop>5.3</pdop>
		</trkpt>
		<trkpt lat="53.224327" lon="34.530053">
			<ele>161.00</ele>
			<time>2017-06-18T07:09:25.91Z</time>
			<pdop>5.0</pdop>
		</trkpt>
		<trkpt lat="53.224357" lon="34.530048">
			<ele>160.78</ele>
			<time>2017-06-18T07:09:36.90Z</time>
			<pdop>4.9</pdop>
		</trkpt>
		<trkpt lat="53.224327" lon="34.530148">
			<ele>160.89</ele>
			<time>2017-06-18T07:09:46.90Z</time>
			<pdop>4.6</pdop>
		</trkpt>
		<trkpt lat="53.224313" lon="34.530262">
			<ele>161.00</ele>
			<time>2017-06-18T07:09:55.91Z</time>
			<pdop>4.5</pdop>
		</trkpt>
		<trkpt lat="53.224328" lon="34.530343">
			<ele>160.92</ele>
			<time>2017-06-18T07:10:11.91Z</time>
			<pdop>5.0</pdop>
		</trkpt>
		<trkpt lat="53.224413" lon="34.530473">
			<ele>160.80</ele>
			<time>2017-06-18T07:10:21.91Z</time>
			<pdop>4.8</pdop>
		</trkpt>
		<trkpt lat="53.224435" lon="34.530540">
			<ele>160.80</ele>
			<time>2017-06-18T07:10:30.91Z</time>
			<pdop>4.7</pdop>
		</trkpt>
		<trkpt lat="53.224458" lon="34.530750">
			<ele>160.80</ele>
			<time>2017-06-18T07:10:40.91Z</time>
			<pdop>4.7</pdop>
		</trkpt>
		<trkpt lat="53.224518" lon="34.530890">
			<ele>160.80</ele>
			<time>2017-06-18T07:10:50.90Z</time>
			<pdop>5.0</pdop>
		</trkpt>
		<trkpt lat="53.224577" lon="34.531160">
			<ele>160.97</ele>
			<time>2017-06-18T07:11:00.90Z</time>
			<pdop>4.9</pdop>
		</trkpt>
		<trkpt lat="53.224587" lon="34.531335">
			<ele>161.00</ele>
			<time>2017-06-18T07:11:10.91Z</time>
			<pdop>4.7</pdop>
		</trkpt>
		<trkpt lat="53.224562" lon="34.531413">
			<ele>160.33</ele>
			<time>2017-06-18T07:11:20.90Z</time>
			<pdop>4.7</pdop>
		</trkpt>
		<trkpt lat="53.224563" lon="34.531375">
			<ele>159.93</ele>
			<time>2017-06-18T07:11:30.91Z</time>
			<pdop>4.4</pdop>
		</trkpt>
		<trkpt lat="53.224585" lon="34.531405">
			<ele>159.90</ele>
			<time>2017-06-18T07:11:40.91Z</time>
			<pdop>4.8</pdop>
		</trkpt>
		<trkpt lat="53.224685" lon="34.531430">
			<ele>159.52</ele>
			<time>2017-06-18T07:11:53.90Z</time>
			<pdop>4.3</pdop>
		</trkpt>
		<trkpt lat="53.224770" lon="34.531485">
			<ele>159.20</ele>
			<time>2017-06-18T07:12:03.90Z</time>
			<pdop>4.2</pdop>
		</trkpt>
		<trkpt lat="53.224825" lon="34.531602">
			<ele>159.13</ele>
			<time>2017-06-18T07:12:12.90Z</time>
			<pdop>4.5</pdop>
		</trkpt>
		<trkpt lat="53.224892" lon="34.531762">
			<ele>159.01</ele>
			<time>2017-06-18T07:12:22.91Z</time>
			<pdop>4.5</pdop>
		</trkpt>
		<trkpt lat="53.224997" lon="34.531862">
			<ele>158.90</ele>
			<time>2017-06-18T07:12:32.91Z</time>
			<pdop>4.7</pdop>
		</trkpt>
		<trkpt lat="53.225092" lon="34.532033">
			<ele>158.80</ele>
			<time>2017-06-18T07:12:42.90Z</time>
			<pdop>4.7</pdop>
		</trkpt>
		<trkpt lat="53.225225" lon="34.532187">
			<ele>158.89</ele>
			<time>2017-06-18T07:12:51.91Z</time>
			<pdop>4.7</pdop>
		</trkpt>
		<trkpt lat="53.225303" lon="34.532292">
			<ele>158.87</ele>
			<time>2017-06-18T07:13:01.53Z</time>
			<pdop>4.1</pdop>
		</trkpt>
		<trkpt lat="53.225325" lon="34.532277">
			<ele>158.60</ele>
			<time>2017-06-18T07:13:10.91Z</time>
			<pdop>3.8</pdop>
		</trkpt>
		<trkpt lat="53.225303" lon="34.532227">
			<ele>157.90</ele>
			<time>2017-06-18T07:13:21.08Z</time>
			<pdop>3.8</pdop>
		</trkpt>
		<trkpt lat="53.225293" lon="34.532232">
			<ele>157.81</ele>
			<time>2017-06-18T07:13:30.90Z</time>
			<pdop>4.4</pdop>
		</trkpt>
		<trkpt lat="53.225305" lon="34.532217">
			<ele>157.50</ele>
			<time>2017-06-18T07:13:39.91Z</time>
			<pdop>4.3</pdop>
		</trkpt>
		<trkpt lat="53.225293" lon="34.532157">
			<ele>157.50</ele>
			<time>2017-06-18T07:13:48.91Z</time>
			<pdop>5.1</pdop>
		</trkpt>
		<trkpt lat="53.225313" lon="34.532178">
			<ele>157.59</ele>
			<time>2017-06-18T07:13:57.92Z</time>
			<pdop>4.9</pdop>
		</trkpt>
		<trkpt lat="53.225305" lon="34.532153">
			<ele>158.17</ele>
			<time>2017-06-18T07:14:07.91Z</time>
			<pdop>5.1</pdop>
		</trkpt>
		<trkpt lat="53.225278" lon="34.532138">
			<ele>157.54</ele>
			<time>2017-06-18T07:14:16.91Z</time>
			<pdop>5.0</pdop>
		</trkpt>
		<trkpt lat="53.225298" lon="34.532192">
			<ele>156.81</ele>
			<time>2017-06-18T07:14:25.92Z</time>
			<pdop>4.7</pdop>
		</trkpt>
		<trkpt lat="53.225292" lon="34.532247">
			<ele>156.45</ele>
			<time>2017-06-18T07:14:35.91Z</time>
			<pdop>4.6</pdop>
		</trkpt>
		<trkpt lat="53.225270" lon="34.532205">
			<ele>156.50</ele>
			<time>2017-06-18T07:14:44.92Z</time>
			<pdop>5.5</pdop>
		</trkpt>
		<trkpt lat="53.225295" lon="34.532212">
			<ele>156.42</ele>
			<time>2017-06-18T07:14:54.91Z</time>
			<pdop>5.2</pdop>
		</trkpt>
		<trkpt lat="53.225330" lon="34.532300">
			<ele>156.13</ele>
			<time>2017-06-18T07:15:04.91Z</time>
			<pdop>4.4</pdop>
		</trkpt>
		<trkpt lat="53.225420" lon="34.532267">
			<ele>156.50</ele>
			<time>2017-06-18T07:15:14.91Z</time>
			<pdop>4.4</pdop>
		</trkpt>
		<trkpt lat="53.225513" lon="34.532273">
			<ele>156.13</ele>
			<time>2017-06-18T07:15:23.91Z</time>
			<pdop>4.6</pdop>
		</trkpt>
		<trkpt lat="53.225618" lon="34.532227">
			<ele>156.00</ele>
			<time>2017-06-18T07:15:33.91Z</time>
			<pdop>4.6</pdop>
		</trkpt>
		<trkpt lat="53.225752" lon="34.532185">
			<ele>156.00</ele>
			<time>2017-06-18T07:15:43.92Z</time>
			<pdop>4.8</pdop>
		</trkpt>
		<trkpt lat="53.225868" lon="34.532190">
			<ele>155.95</ele>
			<time>2017-06-18T07:15:52.93Z</time>
			<pdop>5.0</pdop>
		</trkpt>
		<trkpt lat="53.225998" lon="34.532182">
			<ele>154.85</ele>
			<time>2017-06-18T07:16:02.91Z</time>
			<pdop>5.1</pdop>
		</trkpt>
		<trkpt lat="53.226053" lon="34.532190">
			<ele>154.50</ele>
			<time>2017-06-18T07:16:11.94Z</time>
			<pdop>5.2</pdop>
		</trkpt>
		<trkpt lat="53.226152" lon="34.532172">
			<ele>154.01</ele>
			<time>2017-06-18T07:16:21.90Z</time>
			<pdop>5.2</pdop>
		</trkpt>
		<trkpt lat="53.226217" lon="34.532187">
			<ele>153.90</ele>
			<time>2017-06-18T07:16:30.91Z</time>
			<pdop>4.8</pdop>
		</trkpt>
		<trkpt lat="53.226210" lon="34.532257">
			<ele>153.10</ele>
			<time>2017-06-18T07:16:40.90Z</time>
			<pdop>5.0</pdop>
		</trkpt>
		<trkpt lat="53.226190" lon="34.532282">
			<ele>152.83</ele>
			<time>2017-06-18T07:16:51.90Z</time>
			<pdop>5.2</pdop>
		</trkpt>
		<trkpt lat="53.226250" lon="34.532270">
			<ele>152.43</ele>
			<time>2017-06-18T07:17:00.91Z</time>
			<pdop>5.1</pdop>
		</trkpt>
		<trkpt lat="53.226417" lon="34.532257">
			<ele>151.83</ele>
			<time>2017-06-18T07:17:10.91Z</time>
			<pdop>5.2</pdop>
		</trkpt>
		<trkpt lat="53.226547" lon="34.532348">
			<ele>150.46</ele>
			<time>2017-06-18T07:17:20.90Z</time>
			<pdop>5.4</pdop>
		</trkpt>
		<trkpt lat="53.226650" lon="34.532503">
			<ele>149.98</ele>
			<time>2017-06-18T07:17:30.90Z</time>
			<pdop>5.4</pdop>
		</trkpt>
		<trkpt lat="53.226735" lon="34.532643">
			<ele>149.53</ele>
			<time>2017-06-18T07:17:39.92Z</time>
			<pdop>5.4</pdop>
		</trkpt>
		<trkpt lat="53.226815" lon="34.532792">
			<ele>149.10</ele>
			<time>2017-06-18T07:17:49.90Z</time>
			<pdop>5.6</pdop>
		</trkpt>
		<trkpt lat="53.226975" lon="34.532828">
			<ele>148.50</ele>
			<time>2017-06-18T07:17:58.92Z</time>
			<pdop>5.4</pdop>
		</trkpt>
		<trkpt lat="53.227028" lon="34.532933">
			<ele>148.79</ele>
			<time>2017-06-18T07:18:08.91Z</time>
			<pdop>5.4</pdop>
		</trkpt>
		<trkpt lat="53.227112" lon="34.532878">
			<ele>149.00</ele>
			<time>2017-06-18T07:18:18.90Z</time>
			<pdop>5.1</pdop>
		</trkpt>
		<trkpt lat="53.227087" lon="34.532970">
			<ele>149.00</ele>
			<time>2017-06-18T07:18:27.91Z</time>
			<pdop>4.7</pdop>
		</trkpt>
		<trkpt lat="53.227168" lon="34.532982">
			<ele>149.10</ele>
			<time>2017-06-18T07:18:36.94Z</time>
			<pdop>5.1</pdop>
		</trkpt>
		<trkpt lat="53.227267" lon="34.533060">
			<ele>149.10</ele>
			<time>2017-06-18T07:18:46.91Z</time>
			<pdop>5.4</pdop>
		</trkpt>
		<trkpt lat="53.227313" lon="34.533145">
			<ele>149.20</ele>
			<time>2017-06-18T07:18:56.90Z</time>
			<pdop>5.7</pdop>
		</trkpt>
		<trkpt lat="53.227297" lon="34.533185">
			<ele>149.10</ele>
			<time>2017-06-18T07:19:05.91Z</time>
			<pdop>5.8</pdop>
		</trkpt>
		<trkpt lat="53.227292" lon="34.533275">
			<ele>149.19</ele>
			<time>2017-06-18T07:19:14.91Z</time>
			<pdop>5.4</pdop>
		</trkpt>
		<trkpt lat="53.227300" lon="34.533308">
			<ele>149.30</ele>
			<time>2017-06-18T07:19:23.91Z</time>
			<pdop>5.1</pdop>
		</trkpt>
		<trkpt lat="53.227402" lon="34.533303">
			<ele>149.39</ele>
			<time>2017-06-18T07:19:33.91Z</time>
			<pdop>5.1</pdop>
		</trkpt>
		<trkpt lat="53.227462" lon="34.533378">
			<ele>149.30</ele>
			<time>2017-06-18T07:19:43.91Z</time>
			<pdop>5.3</pdop>
		</trkpt>
		<trkpt lat="53.227508" lon="34.533395">
			<ele>149.49</ele>
			<time>2017-06-18T07:19:52.92Z</time>
			<pdop>5.2</pdop>
		</trkpt>
		<trkpt lat="53.227527" lon="34.533578">
			<ele>149.63</ele>
			<time>2017-06-18T07:20:02.90Z</time>
			<pdop>5.0</pdop>
		</trkpt>
		<trkpt lat="53.227558" lon="34.533625">
			<ele>149.13</ele>
			<time>2017-06-18T07:20:11.91Z</time>
			<pdop>4.6</pdop>
		</trkpt>
		<trkpt lat="53.227615" lon="34.533698">
			<ele>149.00</ele>
			<time>2017-06-18T07:20:21.92Z</time>
			<pdop>4.7</pdop>
		</trkpt>
		<trkpt lat="53.227673" lon="34.533787">
			<ele>149.00</ele>
			<time>2017-06-18T07:20:31.90Z</time>
			<pdop>5.2</pdop>
		</trkpt>
		<trkpt lat="53.227728" lon="34.533933">
			<ele>149.00</ele>
			<time>2017-06-18T07:20:40.92Z</time>
			<pdop>5.3</pdop>
		</trkpt>
		<trkpt lat="53.227742" lon="34.533978">
			<ele>149.00</ele>
			<time>2017-06-18T07:20:49.94Z</time>
			<pdop>5.8</pdop>
		</trkpt>
		<trkpt lat="53.227703" lon="34.534113">
			<ele>149.19</ele>
			<time>2017-06-18T07:20:59.91Z</time>
			<pdop>5.6</pdop>
		</trkpt>
		<trkpt lat="53.227715" lon="34.534210">
			<ele>149.47</ele>
			<time>2017-06-18T07:21:08.91Z</time>
			<pdop>5.3</pdop>
		</trkpt>
		<trkpt lat="53.227760" lon="34.534280">
			<ele>149.97</ele>
			<time>2017-06-18T07:21:17.91Z</time>
			<pdop>5.4</pdop>
		</trkpt>
		<trkpt lat="53.227768" lon="34.534440">
			<ele>150.57</ele>
			<time>2017-06-18T07:21:26.92Z</time>
			<pdop>5.5</pdop>
		</trkpt>
		<trkpt lat="53.227737" lon="34.534587">
			<ele>150.77</ele>
			<time>2017-06-18T07:21:36.91Z</time>
			<pdop>5.7</pdop>
		</trkpt>
		<trkpt lat="53.227663" lon="34.534788">
			<ele>151.27</ele>
			<time>2017-06-18T07:21:46.91Z</time>
			<pdop>5.8</pdop>
		</trkpt>
		<trkpt lat="53.227617" lon="34.534835">
			<ele>151.60</ele>
			<time>2017-06-18T07:21:55.91Z</time>
			<pdop>5.4</pdop>
		</trkpt>
		<trkpt lat="53.227587" lon="34.534963">
			<ele>151.70</ele>
			<time>2017-06-18T07:22:04.95Z</time>
			<pdop>5.2</pdop>
		</trkpt>
		<trkpt lat="53.227602" lon="34.535105">
			<ele>152.00</ele>
			<time>2017-06-18T07:22:13.98Z</time>
			<pdop>5.3</pdop>
		</trkpt>
		<trkpt lat="53.227610" lon="34.535277">
			<ele>152.86</ele>
			<time>2017-06-18T07:22:23.91Z</time>
			<pdop>5.2</pdop>
		</trkpt>
		<trkpt lat="53.227627" lon="34.535328">
			<ele>153.40</ele>
			<time>2017-06-18T07:22:33.91Z</time>
			<pdop>5.4</pdop>
		</trkpt>
		<trkpt lat="53.227583" lon="34.535440">
			<ele>153.98</ele>
			<time>2017-06-18T07:22:42.91Z</time>
			<pdop>5.5</pdop>
		</trkpt>
		<trkpt lat="53.227585" lon="34.535477">
			<ele>153.81</ele>
			<time>2017-06-18T07:22:51.91Z</time>
			<pdop>5.4</pdop>
		</trkpt>
		<trkpt lat="53.227603" lon="34.535625">
			<ele>153.80</ele>
			<time>2017-06-18T07:23:01.44Z</time>
			<pdop>5.3</pdop>
		</trkpt>
		<trkpt lat="53.227672" lon="34.535690">
			<ele>154.09</ele>
			<time>2017-06-18T07:23:10.91Z</time>
			<pdop>5.5</pdop>
		</trkpt>
		<trkpt lat="53.227683" lon="34.535747">
			<ele>154.30</ele>
			<time>2017-06-18T07:23:20.90Z</time>
			<pdop>5.1</pdop>
		</trkpt>
		<trkpt lat="53.227630" lon="34.535790">
			<ele>154.67</ele>
			<time>2017-06-18T07:23:29.91Z</time>
			<pdop>5.0</pdop>
		</trkpt>
		<trkpt lat="53.227558" lon="34.535912">
			<ele>154.41</ele>
			<time>2017-06-18T07:23:39.91Z</time>
			<pdop>5.1</pdop>
		</trkpt>
		<trkpt lat="53.227462" lon="34.536048">
			<ele>154.40</ele>
			<time>2017-06-18T07:23:49.91Z</time>
			<pdop>5.2</pdop>
		</trkpt>
		<trkpt lat="53.227472" lon="34.536193">
			<ele>154.50</ele>
			<time>2017-06-18T07:23:58.93Z</time>
			<pdop>5.2</pdop>
		</trkpt>
		<trkpt lat="53.227427" lon="34.536398">
			<ele>154.43</ele>
			<time>2017-06-18T07:24:08.91Z</time>
			<pdop>4.9</pdop>
		</trkpt>
		<trkpt lat="53.227365" lon="34.536583">
			<ele>154.29</ele>
			<time>2017-06-18T07:24:18.90Z</time>
			<pdop>5.2</pdop>
		</trkpt>
		<trkpt lat="53.227320" lon="34.536673">
			<ele>154.50</ele>
			<time>2017-06-18T07:24:27.90Z</time>
			<pdop>5.5</pdop>
		</trkpt>
		<trkpt lat="53.227260" lon="34.536783">
			<ele>154.70</ele>
			<time>2017-06-18T07:24:36.91Z</time>
			<pdop>5.1</pdop>
		</trkpt>
		<trkpt lat="53.227202" lon="34.536878">
			<ele>155.10</ele>
			<time>2017-06-18T07:24:46.92Z</time>
			<pdop>5.1</pdop>
		</trkpt>
		<trkpt lat="53.227212" lon="34.536918">
			<ele>155.67</ele>
			<time>2017-06-18T07:24:55.94Z</time>
			<pdop>4.7</pdop>
		</trkpt>
		<trkpt lat="53.227245" lon="34.536882">
			<ele>155.90</ele>
			<time>2017-06-18T07:25:05.91Z</time>
			<pdop>4.1</pdop>
		</trkpt>
		<trkpt lat="53.227268" lon="34.536887">
			<ele>156.12</ele>
			<time>2017-06-18T07:25:17.90Z</time>
			<pdop>4.2</pdop>
		</trkpt>
		<trkpt lat="53.227282" lon="34.536933">
			<ele>156.00</ele>
			<time>2017-06-18T07:25:26.91Z</time>
			<pdop>4.3</pdop>
		</trkpt>
		<trkpt lat="53.227257" lon="34.537032">
			<ele>156.52</ele>
			<time>2017-06-18T07:25:38.91Z</time>
			<pdop>3.8</pdop>
		</trkpt>
		<trkpt lat="53.227215" lon="34.537087">
			<ele>157.56</ele>
			<time>2017-06-18T07:25:47.92Z</time>
			<pdop>4.4</pdop>
		</trkpt>
		<trkpt lat="53.227165" lon="34.537198">
			<ele>158.77</ele>
			<time>2017-06-18T07:25:57.90Z</time>
			<pdop>4.6</pdop>
		</trkpt>
		<trkpt lat="53.227097" lon="34.537320">
			<ele>159.10</ele>
			<time>2017-06-18T07:26:06.91Z</time>
			<pdop>4.7</pdop>
		</trkpt>
		<trkpt lat="53.227057" lon="34.537488">
			<ele>158.92</ele>
			<time>2017-06-18T07:26:15.91Z</time>
			<pdop>4.8</pdop>
		</trkpt>
		<trkpt lat="53.227045" lon="34.537542">
			<ele>158.70</ele>
			<time>2017-06-18T07:26:25.91Z</time>
			<pdop>4.9</pdop>
		</trkpt>
		<trkpt lat="53.226998" lon="34.537658">
			<ele>159.31</ele>
			<time>2017-06-18T07:26:35.91Z</time>
			<pdop>4.0</pdop>
		</trkpt>
		<trkpt lat="53.226943" lon="34.537648">
			<ele>158.91</ele>
			<time>2017-06-18T07:26:44.93Z</time>
			<pdop>4.0</pdop>
		</trkpt>
		<trkpt lat="53.226885" lon="34.537690">
			<ele>158.99</ele>
			<time>2017-06-18T07:26:54.90Z</time>
			<pdop>6.7</pdop>
		</trkpt>
		<trkpt lat="53.226873" lon="34.537678">
			<ele>159.21</ele>
			<time>2017-06-18T07:27:26.90Z</time>
			<pdop>7.4</pdop>
		</trkpt>
		<trkpt lat="53.226777" lon="34.537627">
			<ele>159.00</ele>
			<time>2017-06-18T07:27:46.91Z</time>
			<pdop>6.7</pdop>
		</trkpt>
		<trkpt lat="53.226647" lon="34.537553">
			<ele>158.81</ele>
			<time>2017-06-18T07:28:04.92Z</time>
			<pdop>5.1</pdop>
		</trkpt>
		<trkpt lat="53.226550" lon="34.537477">
			<ele>158.70</ele>
			<time>2017-06-18T07:28:14.90Z</time>
			<pdop>4.7</pdop>
		</trkpt>
		<trkpt lat="53.226443" lon="34.537438">
			<ele>158.61</ele>
			<time>2017-06-18T07:28:23.91Z</time>
			<pdop>5.0</pdop>
		</trkpt>
		<trkpt lat="53.226325" lon="34.537395">
			<ele>158.31</ele>
			<time>2017-06-18T07:28:33.90Z</time>
			<pdop>5.0</pdop>
		</trkpt>
		<trkpt lat="53.226255" lon="34.537292">
			<ele>158.30</ele>
			<time>2017-06-18T07:28:42.91Z</time>
			<pdop>5.0</pdop>
		</trkpt>
		<trkpt lat="53.226145" lon="34.537183">
			<ele>158.69</ele>
			<time>2017-06-18T07:28:52.91Z</time>
			<pdop>5.1</pdop>
		</trkpt>
		<trkpt lat="53.226107" lon="34.537142">
			<ele>159.20</ele>
			<time>2017-06-18T07:29:02.90Z</time>
			<pdop>5.3</pdop>
		</trkpt>
		<trkpt lat="53.226050" lon="34.537163">
			<ele>159.56</ele>
			<time>2017-06-18T07:29:12.15Z</time>
			<pdop>5.7</pdop>
		</trkpt>
		<trkpt lat="53.225910" lon="34.537162">
			<ele>159.51</ele>
			<time>2017-06-18T07:29:31.91Z</time>
			<pdop>4.9</pdop>
		</trkpt>
		<trkpt lat="53.225900" lon="34.537147">
			<ele>159.29</ele>
			<time>2017-06-18T07:29:41.90Z</time>
			<pdop>5.2</pdop>
		</trkpt>
		<trkpt lat="53.225850" lon="34.537095">
			<ele>159.47</ele>
			<time>2017-06-18T07:29:51.90Z</time>
			<pdop>5.0</pdop>
		</trkpt>
		<trkpt lat="53.225832" lon="34.537098">
			<ele>159.70</ele>
			<time>2017-06-18T07:30:00.90Z</time>
			<pdop>5.5</pdop>
		</trkpt>
		<trkpt lat="53.225780" lon="34.537020">
			<ele>159.70</ele>
			<time>2017-06-18T07:30:09.90Z</time>
			<pdop>5.4</pdop>
		</trkpt>
		<trkpt lat="53.225690" lon="34.536943">
			<ele>160.07</ele>
			<time>2017-06-18T07:30:19.90Z</time>
			<pdop>5.1</pdop>
		</trkpt>
		<trkpt lat="53.225590" lon="34.536872">
			<ele>159.93</ele>
			<time>2017-06-18T07:30:28.92Z</time>
			<pdop>4.9</pdop>
		</trkpt>
		<trkpt lat="53.225467" lon="34.536785">
			<ele>160.47</ele>
			<time>2017-06-18T07:30:38.92Z</time>
			<pdop>4.7</pdop>
		</trkpt>
		<trkpt lat="53.225313" lon="34.536725">
			<ele>161.07</ele>
			<time>2017-06-18T07:30:48.90Z</time>
			<pdop>4.8</pdop>
		</trkpt>
		<trkpt lat="53.225197" lon="34.536698">
			<ele>161.67</ele>
			<time>2017-06-18T07:30:58.91Z</time>
			<pdop>4.8</pdop>
		</trkpt>
		<trkpt lat="53.225035" lon="34.536612">
			<ele>162.00</ele>
			<time>2017-06-18T07:31:07.91Z</time>
			<pdop>4.7</pdop>
		</trkpt>
		<trkpt lat="53.224928" lon="34.536502">
			<ele>162.47</ele>
			<time>2017-06-18T07:31:17.90Z</time>
			<pdop>4.8</pdop>
		</trkpt>
		<trkpt lat="53.224815" lon="34.536397">
			<ele>163.19</ele>
			<time>2017-06-18T07:31:27.90Z</time>
			<pdop>4.9</pdop>
		</trkpt>
		<trkpt lat="53.224703" lon="34.536347">
			<ele>163.77</ele>
			<time>2017-06-18T07:31:36.91Z</time>
			<pdop>4.7</pdop>
		</trkpt>
		<trkpt lat="53.224580" lon="34.536303">
			<ele>164.57</ele>
			<time>2017-06-18T07:31:46.91Z</time>
			<pdop>4.7</pdop>
		</trkpt>
		<trkpt lat="53.224477" lon="34.536305">
			<ele>165.37</ele>
			<time>2017-06-18T07:31:56.90Z</time>
			<pdop>5.3</pdop>
		</trkpt>
		<trkpt lat="53.224492" lon="34.536203">
			<ele>166.07</ele>
			<time>2017-06-18T07:32:05.90Z</time>
			<pdop>6.0</pdop>
		</trkpt>
		<trkpt lat="53.224468" lon="34.536150">
			<ele>166.39</ele>
			<time>2017-06-18T07:32:14.91Z</time>
			<pdop>5.0</pdop>
		</trkpt>
		<trkpt lat="53.224383" lon="34.536087">
			<ele>166.69</ele>
			<time>2017-06-18T07:32:23.94Z</time>
			<pdop>5.0</pdop>
		</trkpt>
		<trkpt lat="53.224260" lon="34.536048">
			<ele>166.90</ele>
			<time>2017-06-18T07:32:33.90Z</time>
			<pdop>5.1</pdop>
		</trkpt>
		<trkpt lat="53.224198" lon="34.536027">
			<ele>167.29</ele>
			<time>2017-06-18T07:32:42.90Z</time>
			<pdop>5.4</pdop>
		</trkpt>
		<trkpt lat="53.224035" lon="34.535997">
			<ele>167.67</ele>
			<time>2017-06-18T07:32:51.90Z</time>
			<pdop>5.0</pdop>
		</trkpt>
		<trkpt lat="53.223947" lon="34.535965">
			<ele>167.90</ele>
			<time>2017-06-18T07:33:01.90Z</time>
			<pdop>5.0</pdop>
		</trkpt>
		<trkpt lat="53.223813" lon="34.535880">
			<ele>168.19</ele>
			<time>2017-06-18T07:33:10.91Z</time>
			<pdop>4.9</pdop>
		</trkpt>
		<trkpt lat="53.223693" lon="34.535730">
			<ele>168.70</ele>
			<time>2017-06-18T07:33:20.90Z</time>
			<pdop>5.1</pdop>
		</trkpt>
		<trkpt lat="53.223592" lon="34.535635">
			<ele>169.09</ele>
			<time>2017-06-18T07:33:29.90Z</time>
			<pdop>5.0</pdop>
		</trkpt>
		<trkpt lat="53.223475" lon="34.535590">
			<ele>169.40</ele>
			<time>2017-06-18T07:33:39.90Z</time>
			<pdop>4.8</pdop>
		</trkpt>
		<trkpt lat="53.223392" lon="34.535540">
			<ele>169.77</ele>
			<time>2017-06-18T07:33:49.90Z</time>
			<pdop>4.9</pdop>
		</trkpt>
		<trkpt lat="53.223272" lon="34.535475">
			<ele>169.97</ele>
			<time>2017-06-18T07:33:58.91Z</time>
			<pdop>4.8</pdop>
		</trkpt>
		<trkpt lat="53.223245" lon="34.535450">
			<ele>170.29</ele>
			<time>2017-06-18T07:34:08.98Z</time>
			<pdop>5.0</pdop>
		</trkpt>
		<trkpt lat="53.223137" lon="34.535417">
			<ele>170.20</ele>
			<time>2017-06-18T07:34:31.02Z</time>
			<pdop>4.8</pdop>
		</trkpt>
		<trkpt lat="53.223073" lon="34.535383">
			<ele>170.47</ele>
			<time>2017-06-18T07:34:40.91Z</time>
			<pdop>4.9</pdop>
		</trkpt>
		<trkpt lat="53.222938" lon="34.535358">
			<ele>170.50</ele>
			<time>2017-06-18T07:34:50.90Z</time>
			<pdop>4.9</pdop>
		</trkpt>
		<trkpt lat="53.222852" lon="34.535282">
			<ele>170.57</ele>
			<time>2017-06-18T07:34:59.91Z</time>
			<pdop>5.1</pdop>
		</trkpt>
		<trkpt lat="53.222742" lon="34.535198">
			<ele>170.70</ele>
			<time>2017-06-18T07:35:09.90Z</time>
			<pdop>4.9</pdop>
		</trkpt>
		<trkpt lat="53.222623" lon="34.535103">
			<ele>170.62</ele>
			<time>2017-06-18T07:35:19.90Z</time>
			<pdop>4.9</pdop>
		</trkpt>
		<trkpt lat="53.222498" lon="34.535005">
			<ele>170.60</ele>
			<time>2017-06-18T07:35:28.91Z</time>
			<pdop>5.1</pdop>
		</trkpt>
		<trkpt lat="53.222377" lon="34.534957">
			<ele>170.80</ele>
			<time>2017-06-18T07:35:37.91Z</time>
			<pdop>5.0</pdop>
		</trkpt>
		<trkpt lat="53.222258" lon="34.534858">
			<ele>170.70</ele>
			<time>2017-06-18T07:35:47.91Z</time>
			<pdop>5.2</pdop>
		</trkpt>
		<trkpt lat="53.222170" lon="34.534763">
			<ele>170.97</ele>
			<time>2017-06-18T07:35:57.91Z</time>
			<pdop>5.1</pdop>
		</trkpt>
		<trkpt lat="53.222063" lon="34.534715">
			<ele>171.37</ele>
			<time>2017-06-18T07:36:06.91Z</time>
			<pdop>4.9</pdop>
		</trkpt>
		<trkpt lat="53.221945" lon="34.534668">
			<ele>171.18</ele>
			<time>2017-06-18T07:36:15.92Z</time>
			<pdop>4.6</pdop>
		</trkpt>
		<trkpt lat="53.221817" lon="34.534628">
			<ele>171.29</ele>
			<time>2017-06-18T07:36:24.94Z</time>
			<pdop>4.6</pdop>
		</trkpt>
		<trkpt lat="53.221710" lon="34.534598">
			<ele>171.59</ele>
			<time>2017-06-18T07:36:34.90Z</time>
			<pdop>4.9</pdop>
		</trkpt>
		<trkpt lat="53.221605" lon="34.534557">
			<ele>171.99</ele>
			<time>2017-06-18T07:36:44.94Z</time>
			<pdop>5.1</pdop>
		</trkpt>
		<trkpt lat="53.221528" lon="34.534373">
			<ele>172.32</ele>
			<time>2017-06-18T07:36:54.90Z</time>
			<pdop>4.7</pdop>
		</trkpt>
		<trkpt lat="53.221440" lon="34.534332">
			<ele>172.20</ele>
			<time>2017-06-18T07:37:04.91Z</time>
			<pdop>5.2</pdop>
		</trkpt>
		<trkpt lat="53.221327" lon="34.534257">
			<ele>172.37</ele>
			<time>2017-06-18T07:37:14.90Z</time>
			<pdop>5.1</pdop>
		</trkpt>
		<trkpt lat="53.221220" lon="34.534248">
			<ele>172.79</ele>
			<time>2017-06-18T07:37:23.90Z</time>
			<pdop>5.2</pdop>
		</trkpt>
		<trkpt lat="53.221193" lon="34.534202">
			<ele>173.30</ele>
			<time>2017-06-18T07:37:42.90Z</time>
			<pdop>5.0</pdop>
		</trkpt>
		<trkpt lat="53.221078" lon="34.534168">
			<ele>172.44</ele>
			<time>2017-06-18T07:37:52.90Z</time>
			<pdop>4.7</pdop>
		</trkpt>
		<trkpt lat="53.220962" lon="34.534158">
			<ele>172.00</ele>
			<time>2017-06-18T07:38:01.90Z</time>
			<pdop>4.9</pdop>
		</trkpt>
		<trkpt lat="53.220850" lon="34.534085">
			<ele>171.61</ele>
			<time>2017-06-18T07:38:11.90Z</time>
			<pdop>5.1</pdop>
		</trkpt>
		<trkpt lat="53.220758" lon="34.533993">
			<ele>171.60</ele>
			<time>2017-06-18T07:38:21.91Z</time>
			<pdop>5.3</pdop>
		</trkpt>
		<trkpt lat="53.220680" lon="34.533883">
			<ele>171.30</ele>
			<time>2017-06-18T07:38:31.90Z</time>
			<pdop>5.3</pdop>
		</trkpt>
		<trkpt lat="53.220557" lon="34.533923">
			<ele>171.20</ele>
			<time>2017-06-18T07:38:40.91Z</time>
			<pdop>5.3</pdop>
		</trkpt>
		<trkpt lat="53.220425" lon="34.533825">
			<ele>171.20</ele>
			<time>2017-06-18T07:38:50.92Z</time>
			<pdop>5.5</pdop>
		</trkpt>
		<trkpt lat="53.220348" lon="34.533753">
			<ele>171.40</ele>
			<time>2017-06-18T07:39:01.58Z</time>
			<pdop>5.7</pdop>
		</trkpt>
		<trkpt lat="53.220305" lon="34.533707">
			<ele>171.40</ele>
			<time>2017-06-18T07:39:10.91Z</time>
			<pdop>5.8</pdop>
		</trkpt>
		<trkpt lat="53.220225" lon="34.533587">
			<ele>171.11</ele>
			<time>2017-06-18T07:39:19.93Z</time>
			<pdop>5.1</pdop>
		</trkpt>
		<trkpt lat="53.220070" lon="34.533528">
			<ele>171.03</ele>
			<time>2017-06-18T07:39:29.90Z</time>
			<pdop>5.0</pdop>
		</trkpt>
		<trkpt lat="53.219925" lon="34.533508">
			<ele>171.17</ele>
			<time>2017-06-18T07:39:39.90Z</time>
			<pdop>4.9</pdop>
		</trkpt>
		<trkpt lat="53.219830" lon="34.533498">
			<ele>171.20</ele>
			<time>2017-06-18T07:39:49.90Z</time>
			<pdop>5.0</pdop>
		</trkpt>
		<trkpt lat="53.219767" lon="34.533425">
			<ele>170.90</ele>
			<time>2017-06-18T07:39:58.91Z</time>
			<pdop>5.2</pdop>
		</trkpt>
		<trkpt lat="53.219655" lon="34.533283">
			<ele>170.90</ele>
			<time>2017-06-18T07:40:08.90Z</time>
			<pdop>5.4</pdop>
		</trkpt>
		<trkpt lat="53.219527" lon="34.533233">
			<ele>171.17</ele>
			<time>2017-06-18T07:40:17.92Z</time>
			<pdop>5.1</pdop>
		</trkpt>
		<trkpt lat="53.219432" lon="34.533145">
			<ele>171.50</ele>
			<time>2017-06-18T07:40:27.91Z</time>
			<pdop>5.1</pdop>
		</trkpt>
		<trkpt lat="53.219302" lon="34.533107">
			<ele>171.79</ele>
			<time>2017-06-18T07:40:37.90Z</time>
			<pdop>5.0</pdop>
		</trkpt>
		<trkpt lat="53.219163" lon="34.533060">
			<ele>172.07</ele>
			<time>2017-06-18T07:40:46.91Z</time>
			<pdop>4.9</pdop>
		</trkpt>
		<trkpt lat="53.219038" lon="34.532897">
			<ele>172.10</ele>
			<time>2017-06-18T07:40:56.90Z</time>
			<pdop>4.6</pdop>
		</trkpt>
		<trkpt lat="53.218932" lon="34.532802">
			<ele>172.17</ele>
			<time>2017-06-18T07:41:06.91Z</time>
			<pdop>4.9</pdop>
		</trkpt>
		<trkpt lat="53.218802" lon="34.532770">
			<ele>172.39</ele>
			<time>2017-06-18T07:41:16.90Z</time>
			<pdop>5.0</pdop>
		</trkpt>
		<trkpt lat="53.218702" lon="34.532738">
			<ele>172.77</ele>
			<time>2017-06-18T07:41:25.91Z</time>
			<pdop>5.0</pdop>
		</trkpt>
		<trkpt lat="53.218587" lon="34.532647">
			<ele>172.90</ele>
			<time>2017-06-18T07:41:35.90Z</time>
			<pdop>5.1</pdop>
		</trkpt>
		<trkpt lat="53.218505" lon="34.532560">
			<ele>173.01</ele>
			<time>2017-06-18T07:41:44.91Z</time>
			<pdop>4.8</pdop>
		</trkpt>
		<trkpt lat="53.218373" lon="34.532505">
			<ele>173.09</ele>
			<time>2017-06-18T07:41:53.91Z</time>
			<pdop>4.7</pdop>
		</trkpt>
		<trkpt lat="53.218232" lon="34.532472">
			<ele>173.79</ele>
			<time>2017-06-18T07:42:03.90Z</time>
			<pdop>4.6</pdop>
		</trkpt>
		<trkpt lat="53.218115" lon="34.532328">
			<ele>173.47</ele>
			<time>2017-06-18T07:42:12.90Z</time>
			<pdop>4.3</pdop>
		</trkpt>
		<trkpt lat="53.218017" lon="34.532257">
			<ele>163.10</ele>
			<time>2017-06-18T07:44:34.39Z</time>
			<pdop>5.4</pdop>
		</trkpt>
		<trkpt lat="53.217950" lon="34.532258">
			<ele>163.10</ele>
			<time>2017-06-18T07:44:43.90Z</time>
			<pdop>6.1</pdop>
		</trkpt>
		<trkpt lat="53.217828" lon="34.532167">
			<ele>162.73</ele>
			<time>2017-06-18T07:44:52.91Z</time>
			<pdop>5.3</pdop>
		</trkpt>
		<trkpt lat="53.217773" lon="34.532153">
			<ele>162.21</ele>
			<time>2017-06-18T07:45:02.74Z</time>
			<pdop>5.2</pdop>
		</trkpt>
		<trkpt lat="53.217737" lon="34.532150">
			<ele>161.83</ele>
			<time>2017-06-18T07:45:15.91Z</time>
			<pdop>6.0</pdop>
		</trkpt>
		<trkpt lat="53.217713" lon="34.532115">
			<ele>161.90</ele>
			<time>2017-06-18T07:45:25.90Z</time>
			<pdop>5.3</pdop>
		</trkpt>
		<trkpt lat="53.217622" lon="34.532052">
			<ele>162.00</ele>
			<time>2017-06-18T07:45:34.91Z</time>
			<pdop>5.3</pdop>
		</trkpt>
		<trkpt lat="53.217598" lon="34.531907">
			<ele>162.07</ele>
			<time>2017-06-18T07:45:44.90Z</time>
			<pdop>5.3</pdop>
		</trkpt>
		<trkpt lat="53.217505" lon="34.531902">
			<ele>162.12</ele>
			<time>2017-06-18T07:45:53.90Z</time>
			<pdop>5.3</pdop>
		</trkpt>
		<trkpt lat="53.217380" lon="34.531867">
			<ele>162.29</ele>
			<time>2017-06-18T07:46:03.90Z</time>
			<pdop>5.5</pdop>
		</trkpt>
		<trkpt lat="53.217233" lon="34.531775">
			<ele>162.60</ele>
			<time>2017-06-18T07:46:13.91Z</time>
			<pdop>5.2</pdop>
		</trkpt>
		<trkpt lat="53.217170" lon="34.531707">
			<ele>162.97</ele>
			<time>2017-06-18T07:46:22.92Z</time>
			<pdop>5.3</pdop>
		</trkpt>
		<trkpt lat="53.217097" lon="34.531595">
			<ele>163.30</ele>
			<time>2017-06-18T07:46:32.90Z</time>
			<pdop>5.3</pdop>
		</trkpt>
		<trkpt lat="53.216988" lon="34.531527">
			<ele>163.69</ele>
			<time>2017-06-18T07:46:42.91Z</time>
			<pdop>5.5</pdop>
		</trkpt>
		<trkpt lat="53.216840" lon="34.531387">
			<ele>164.37</ele>
			<time>2017-06-18T07:46:52.91Z</time>
			<pdop>5.7</pdop>
		</trkpt>
		<trkpt lat="53.216758" lon="34.531378">
			<ele>164.87</ele>
			<time>2017-06-18T07:47:02.85Z</time>
			<pdop>6.4</pdop>
		</trkpt>
		<trkpt lat="53.216655" lon="34.531437">
			<ele>165.57</ele>
			<time>2017-06-18T07:47:11.90Z</time>
			<pdop>6.0</pdop>
		</trkpt>
		<trkpt lat="53.216467" lon="34.531433">
			<ele>166.09</ele>
			<time>2017-06-18T07:47:21.90Z</time>
			<pdop>6.0</pdop>
		</trkpt>
		<trkpt lat="53.216342" lon="34.531233">
			<ele>166.57</ele>
			<time>2017-06-18T07:47:30.90Z</time>
			<pdop>5.6</pdop>
		</trkpt>
		<trkpt lat="53.216197" lon="34.531050">
			<ele>166.89</ele>
			<time>2017-06-18T07:47:40.91Z</time>
			<pdop>5.7</pdop>
		</trkpt>
		<trkpt lat="53.216107" lon="34.530980">
			<ele>167.17</ele>
			<time>2017-06-18T07:47:50.90Z</time>
			<pdop>5.9</pdop>
		</trkpt>
		<trkpt lat="53.216012" lon="34.530883">
			<ele>167.37</ele>
			<time>2017-06-18T07:48:00.90Z</time>
			<pdop>6.1</pdop>
		</trkpt>
		<trkpt lat="53.215940" lon="34.530680">
			<ele>167.59</ele>
			<time>2017-06-18T07:48:09.90Z</time>
			<pdop>5.7</pdop>
		</trkpt>
		<trkpt lat="53.215840" lon="34.530552">
			<ele>167.99</ele>
			<time>2017-06-18T07:48:18.91Z</time>
			<pdop>6.0</pdop>
		</trkpt>
		<trkpt lat="53.215792" lon="34.530475">
			<ele>169.00</ele>
			<time>2017-06-18T07:48:47.95Z</time>
			<pdop>5.6</pdop>
		</trkpt>
		<trkpt lat="53.215672" lon="34.530322">
			<ele>169.39</ele>
			<time>2017-06-18T07:48:57.91Z</time>
			<pdop>6.4</pdop>
		</trkpt>
		<trkpt lat="53.215592" lon="34.530233">
			<ele>169.77</ele>
			<time>2017-06-18T07:49:07.90Z</time>
			<pdop>6.1</pdop>
		</trkpt>
		<trkpt lat="53.215495" lon="34.530067">
			<ele>170.17</ele>
			<time>2017-06-18T07:49:16.91Z</time>
			<pdop>5.9</pdop>
		</trkpt>
		<trkpt lat="53.215378" lon="34.529937">
			<ele>170.67</ele>
			<time>2017-06-18T07:49:26.90Z</time>
			<pdop>5.9</pdop>
		</trkpt>
		<trkpt lat="53.215312" lon="34.529747">
			<ele>171.17</ele>
			<time>2017-06-18T07:49:35.91Z</time>
			<pdop>5.5</pdop>
		</trkpt>
		<trkpt lat="53.215260" lon="34.529538">
			<ele>171.77</ele>
			<time>2017-06-18T07:49:45.91Z</time>
			<pdop>5.6</pdop>
		</trkpt>
		<trkpt lat="53.215173" lon="34.529398">
			<ele>171.99</ele>
			<time>2017-06-18T07:49:54.91Z</time>
			<pdop>5.3</pdop>
		</trkpt>
		<trkpt lat="53.215105" lon="34.529198">
			<ele>172.57</ele>
			<time>2017-06-18T07:50:03.92Z</time>
			<pdop>5.0</pdop>
		</trkpt>
		<trkpt lat="53.215012" lon="34.529082">
			<ele>173.19</ele>
			<time>2017-06-18T07:50:13.91Z</time>
			<pdop>5.2</pdop>
		</trkpt>
		<trkpt lat="53.214963" lon="34.528928">
			<ele>173.50</ele>
			<time>2017-06-18T07:50:22.92Z</time>
			<pdop>5.0</pdop>
		</trkpt>
		<trkpt lat="53.214858" lon="34.528762">
			<ele>174.07</ele>
			<time>2017-06-18T07:50:32.94Z</time>
			<pdop>5.1</pdop>
		</trkpt>
		<trkpt lat="53.214790" lon="34.528622">
			<ele>175.07</ele>
			<time>2017-06-18T07:50:41.94Z</time>
			<pdop>5.4</pdop>
		</trkpt>
		<trkpt lat="53.214743" lon="34.528498">
			<ele>175.80</ele>
			<time>2017-06-18T07:50:51.91Z</time>
			<pdop>5.6</pdop>
		</trkpt>
		<trkpt lat="53.214692" lon="34.528328">
			<ele>176.37</ele>
			<time>2017-06-18T07:51:01.90Z</time>
			<pdop>5.9</pdop>
		</trkpt>
		<trkpt lat="53.214663" lon="34.528187">
			<ele>176.87</ele>
			<time>2017-06-18T07:51:10.91Z</time>
			<pdop>6.1</pdop>
		</trkpt>
		<trkpt lat="53.214627" lon="34.527937">
			<ele>177.20</ele>
			<time>2017-06-18T07:51:20.90Z</time>
			<pdop>5.9</pdop>
		</trkpt>
		<trkpt lat="53.214597" lon="34.527700">
			<ele>177.30</ele>
			<time>2017-06-18T07:51:29.92Z</time>
			<pdop>5.6</pdop>
		</trkpt>
		<trkpt lat="53.214557" lon="34.527505">
			<ele>177.19</ele>
			<time>2017-06-18T07:51:39.92Z</time>
			<pdop>5.6</pdop>
		</trkpt>
		<trkpt lat="53.214500" lon="34.527553">
			<ele>177.40</ele>
			<time>2017-06-18T07:51:49.90Z</time>
			<pdop>5.8</pdop>
		</trkpt>
		<trkpt lat="53.214438" lon="34.527587">
			<ele>177.87</ele>
			<time>2017-06-18T07:51:58.91Z</time>
			<pdop>6.0</pdop>
		</trkpt>
		<trkpt lat="53.214372" lon="34.527455">
			<ele>177.97</ele>
			<time>2017-06-18T07:52:08.33Z</time>
			<pdop>6.0</pdop>
		</trkpt>
		<trkpt lat="53.214328" lon="34.527383">
			<ele>178.47</ele>
			<time>2017-06-18T07:52:17.91Z</time>
			<pdop>6.9</pdop>
		</trkpt>
		<trkpt lat="53.214387" lon="34.527160">
			<ele>178.47</ele>
			<time>2017-06-18T07:52:26.91Z</time>
			<pdop>5.5</pdop>
		</trkpt>
		<trkpt lat="53.214317" lon="34.526933">
			<ele>178.40</ele>
			<time>2017-06-18T07:52:36.90Z</time>
			<pdop>5.1</pdop>
		</trkpt>
		<trkpt lat="53.214285" lon="34.526685">
			<ele>178.32</ele>
			<time>2017-06-18T07:52:45.91Z</time>
			<pdop>5.2</pdop>
		</trkpt>
		<trkpt lat="53.214233" lon="34.526505">
			<ele>178.42</ele>
			<time>2017-06-18T07:52:55.90Z</time>
			<pdop>5.0</pdop>
		</trkpt>
		<trkpt lat="53.214185" lon="34.526330">
			<ele>177.74</ele>
			<time>2017-06-18T07:53:05.19Z</time>
			<pdop>5.0</pdop>
		</trkpt>
		<trkpt lat="53.214167" lon="34.526043">
			<ele>177.50</ele>
			<time>2017-06-18T07:53:14.93Z</time>
			<pdop>5.3</pdop>
		</trkpt>
		<trkpt lat="53.214127" lon="34.525855">
			<ele>177.52</ele>
			<time>2017-06-18T07:53:24.90Z</time>
			<pdop>4.8</pdop>
		</trkpt>
		<trkpt lat="53.214133" lon="34.525777">
			<ele>176.11</ele>
			<time>2017-06-18T07:53:33.91Z</time>
			<pdop>4.6</pdop>
		</trkpt>
		<trkpt lat="53.214118" lon="34.525670">
			<ele>175.89</ele>
			<time>2017-06-18T07:53:42.91Z</time>
			<pdop>4.8</pdop>
		</trkpt>
		<trkpt lat="53.214082" lon="34.525537">
			<ele>170.60</ele>
			<time>2017-06-18T07:54:29.91Z</time>
			<pdop>4.9</pdop>
		</trkpt>
		<trkpt lat="53.214030" lon="34.525397">
			<ele>169.61</ele>
			<time>2017-06-18T07:54:39.92Z</time>
			<pdop>4.9</pdop>
		</trkpt>
		<trkpt lat="53.213975" lon="34.525237">
			<ele>168.23</ele>
			<time>2017-06-18T07:54:49.90Z</time>
			<pdop>5.0</pdop>
		</trkpt>
		<trkpt lat="53.213998" lon="34.525318">
			<ele>167.00</ele>
			<time>2017-06-18T07:54:58.90Z</time>
			<pdop>5.1</pdop>
		</trkpt>
		<trkpt lat="53.213967" lon="34.525440">
			<ele>165.80</ele>
			<time>2017-06-18T07:55:08.30Z</time>
			<pdop>6.2</pdop>
		</trkpt>
		<trkpt lat="53.213992" lon="34.525480">
			<ele>164.21</ele>
			<time>2017-06-18T07:55:22.90Z</time>
			<pdop>6.6</pdop>
		</trkpt>
		<trkpt lat="53.214018" lon="34.525548">
			<ele>160.82</ele>
			<time>2017-06-18T07:56:21.90Z</time>
			<pdop>5.6</pdop>
		</trkpt>
		<trkpt lat="53.213962" lon="34.525607">
			<ele>160.60</ele>
			<time>2017-06-18T07:56:30.91Z</time>
			<pdop>5.6</pdop>
		</trkpt>
		<trkpt lat="53.213950" lon="34.525698">
			<ele>160.65</ele>
			<time>2017-06-18T07:56:50.90Z</time>
			<pdop>5.6</pdop>
		</trkpt>
		<trkpt lat="53.213943" lon="34.525812">
			<ele>159.46</ele>
			<time>2017-06-18T07:56:59.91Z</time>
			<pdop>5.6</pdop>
		</trkpt>
		<trkpt lat="53.213988" lon="34.525930">
			<ele>157.74</ele>
			<time>2017-06-18T07:57:09.91Z</time>
			<pdop>5.7</pdop>
		</trkpt>
		<trkpt lat="53.213960" lon="34.526155">
			<ele>157.26</ele>
			<time>2017-06-18T07:57:19.90Z</time>
			<pdop>6.1</pdop>
		</trkpt>
		<trkpt lat="53.213945" lon="34.526303">
			<ele>156.73</ele>
			<time>2017-06-18T07:57:28.95Z</time>
			<pdop>6.5</pdop>
		</trkpt>
		<trkpt lat="53.213963" lon="34.526518">
			<ele>155.63</ele>
			<time>2017-06-18T07:57:38.90Z</time>
			<pdop>7.0</pdop>
		</trkpt>
		<trkpt lat="53.213970" lon="34.526662">
			<ele>154.83</ele>
			<time>2017-06-18T07:57:47.93Z</time>
			<pdop>5.7</pdop>
		</trkpt>
		<trkpt lat="53.213915" lon="34.526790">
			<ele>153.93</ele>
			<time>2017-06-18T07:57:57.90Z</time>
			<pdop>5.6</pdop>
		</trkpt>
		<trkpt lat="53.213908" lon="34.526922">
			<ele>153.33</ele>
			<time>2017-06-18T07:58:06.91Z</time>
			<pdop>6.1</pdop>
		</trkpt>
		<trkpt lat="53.213915" lon="34.527100">
			<ele>153.28</ele>
			<time>2017-06-18T07:58:16.91Z</time>
			<pdop>5.9</pdop>
		</trkpt>
		<trkpt lat="53.213983" lon="34.527265">
			<ele>152.93</ele>
			<time>2017-06-18T07:58:26.90Z</time>
			<pdop>5.6</pdop>
		</trkpt>
		<trkpt lat="53.214020" lon="34.527352">
			<ele>152.80</ele>
			<time>2017-06-18T07:58:35.91Z</time>
			<pdop>5.7</pdop>
		</trkpt>
		<trkpt lat="53.214015" lon="34.527448">
			<ele>152.82</ele>
			<time>2017-06-18T07:58:45.90Z</time>
			<pdop>4.3</pdop>
		</trkpt>
		<trkpt lat="53.214055" lon="34.527512">
			<ele>152.62</ele>
			<time>2017-06-18T07:58:55.90Z</time>
			<pdop>4.7</pdop>
		</trkpt>
		<trkpt lat="53.214028" lon="34.527630">
			<ele>152.60</ele>
			<time>2017-06-18T07:59:05.90Z</time>
			<pdop>4.7</pdop>
		</trkpt>
		<trkpt lat="53.214000" lon="34.527743">
			<ele>151.71</ele>
			<time>2017-06-18T07:59:15.90Z</time>
			<pdop>5.2</pdop>
		</trkpt>
		<trkpt lat="53.214057" lon="34.527878">
			<ele>151.79</ele>
			<time>2017-06-18T07:59:24.91Z</time>
			<pdop>5.3</pdop>
		</trkpt>
		<trkpt lat="53.214048" lon="34.527998">
			<ele>152.09</ele>
			<time>2017-06-18T07:59:34.91Z</time>
			<pdop>5.7</pdop>
		</trkpt>
		<trkpt lat="53.214038" lon="34.528018">
			<ele>152.62</ele>
			<time>2017-06-18T07:59:46.91Z</time>
			<pdop>6.5</pdop>
		</trkpt>
		<trkpt lat="53.214040" lon="34.528157">
			<ele>153.29</ele>
			<time>2017-06-18T07:59:55.91Z</time>
			<pdop>6.1</pdop>
		</trkpt>
		<trkpt lat="53.214027" lon="34.528382">
			<ele>153.11</ele>
			<time>2017-06-18T08:00:05.90Z</time>
			<pdop>6.0</pdop>
		</trkpt>
		<trkpt lat="53.214048" lon="34.528572">
			<ele>152.73</ele>
			<time>2017-06-18T08:00:14.91Z</time>
			<pdop>5.8</pdop>
		</trkpt>
		<trkpt lat="53.213983" lon="34.528783">
			<ele>152.43</ele>
			<time>2017-06-18T08:00:24.91Z</time>
			<pdop>5.8</pdop>
		</trkpt>
		<trkpt lat="53.214008" lon="34.528990">
			<ele>151.81</ele>
			<time>2017-06-18T08:00:34.90Z</time>
			<pdop>5.8</pdop>
		</trkpt>
		<trkpt lat="53.214027" lon="34.529098">
			<ele>151.99</ele>
			<time>2017-06-18T08:00:43.91Z</time>
			<pdop>5.6</pdop>
		</trkpt>
		<trkpt lat="53.214058" lon="34.529295">
			<ele>152.27</ele>
			<time>2017-06-18T08:00:52.92Z</time>
			<pdop>5.5</pdop>
		</trkpt>
		<trkpt lat="53.214053" lon="34.529618">
			<ele>153.40</ele>
			<time>2017-06-18T08:01:02.90Z</time>
			<pdop>5.3</pdop>
		</trkpt>
		<trkpt lat="53.214022" lon="34.529877">
			<ele>153.80</ele>
			<time>2017-06-18T08:01:11.91Z</time>
			<pdop>5.4</pdop>
		</trkpt>
		<trkpt lat="53.214063" lon="34.530000">
			<ele>154.49</ele>
			<time>2017-06-18T08:01:20.93Z</time>
			<pdop>5.5</pdop>
		</trkpt>
		<trkpt lat="53.214047" lon="34.530173">
			<ele>154.59</ele>
			<time>2017-06-18T08:01:30.91Z</time>
			<pdop>5.6</pdop>
		</trkpt>
		<trkpt lat="53.214098" lon="34.530432">
			<ele>155.44</ele>
			<time>2017-06-18T08:01:40.90Z</time>
			<pdop>5.5</pdop>
		</trkpt>
		<trkpt lat="53.214083" lon="34.530662">
			<ele>156.17</ele>
			<time>2017-06-18T08:01:49.91Z</time>
			<pdop>5.4</pdop>
		</trkpt>
		<trkpt lat="53.214057" lon="34.530872">
			<ele>157.07</ele>
			<time>2017-06-18T08:01:59.90Z</time>
			<pdop>5.5</pdop>
		</trkpt>
		<trkpt lat="53.214008" lon="34.531167">
			<ele>157.87</ele>
			<time>2017-06-18T08:02:08.91Z</time>
			<pdop>5.4</pdop>
		</trkpt>
		<trkpt lat="53.214025" lon="34.531383">
			<ele>158.67</ele>
			<time>2017-06-18T08:02:18.91Z</time>
			<pdop>5.3</pdop>
		</trkpt>
		<trkpt lat="53.214060" lon="34.531572">
			<ele>159.20</ele>
			<time>2017-06-18T08:02:28.96Z</time>
			<pdop>5.2</pdop>
		</trkpt>
		<trkpt lat="53.214060" lon="34.531793">
			<ele>159.30</ele>
			<time>2017-06-18T08:02:38.91Z</time>
			<pdop>5.4</pdop>
		</trkpt>
		<trkpt lat="53.214068" lon="34.532005">
			<ele>159.20</ele>
			<time>2017-06-18T08:02:48.90Z</time>
			<pdop>5.7</pdop>
		</trkpt>
		<trkpt lat="53.214058" lon="34.532262">
			<ele>159.71</ele>
			<time>2017-06-18T08:02:57.90Z</time>
			<pdop>5.4</pdop>
		</trkpt>
		<trkpt lat="53.214057" lon="34.532477">
			<ele>159.70</ele>
			<time>2017-06-18T08:03:07.90Z</time>
			<pdop>5.6</pdop>
		</trkpt>
		<trkpt lat="53.214090" lon="34.532628">
			<ele>160.10</ele>
			<time>2017-06-18T08:03:16.91Z</time>
			<pdop>6.0</pdop>
		</trkpt>
		<trkpt lat="53.214045" lon="34.532862">
			<ele>160.37</ele>
			<time>2017-06-18T08:03:26.90Z</time>
			<pdop>5.9</pdop>
		</trkpt>
		<trkpt lat="53.214057" lon="34.533077">
			<ele>160.03</ele>
			<time>2017-06-18T08:03:36.90Z</time>
			<pdop>5.6</pdop>
		</trkpt>
		<trkpt lat="53.214047" lon="34.533252">
			<ele>158.83</ele>
			<time>2017-06-18T08:03:45.90Z</time>
			<pdop>5.6</pdop>
		</trkpt>
		<trkpt lat="53.214065" lon="34.533442">
			<ele>158.20</ele>
			<time>2017-06-18T08:03:55.91Z</time>
			<pdop>5.5</pdop>
		</trkpt>
		<trkpt lat="53.214025" lon="34.533658">
			<ele>157.03</ele>
			<time>2017-06-18T08:04:05.90Z</time>
			<pdop>5.9</pdop>
		</trkpt>
		<trkpt lat="53.214135" lon="34.533877">
			<ele>157.49</ele>
			<time>2017-06-18T08:04:14.91Z</time>
			<pdop>5.4</pdop>
		</trkpt>
		<trkpt lat="53.214097" lon="34.534088">
			<ele>156.73</ele>
			<time>2017-06-18T08:04:24.90Z</time>
			<pdop>5.4</pdop>
		</trkpt>
		<trkpt lat="53.214102" lon="34.534317">
			<ele>155.83</ele>
			<time>2017-06-18T08:04:34.90Z</time>
			<pdop>5.6</pdop>
		</trkpt>
		<trkpt lat="53.214133" lon="34.534465">
			<ele>155.03</ele>
			<time>2017-06-18T08:04:45.44Z</time>
			<pdop>5.3</pdop>
		</trkpt>
		<trkpt lat="53.214050" lon="34.534618">
			<ele>154.83</ele>
			<time>2017-06-18T08:04:54.90Z</time>
			<pdop>6.0</pdop>
		</trkpt>
		<trkpt lat="53.214037" lon="34.534623">
			<ele>154.40</ele>
			<time>2017-06-18T08:05:03.90Z</time>
			<pdop>6.7</pdop>
		</trkpt>
		<trkpt lat="53.214172" lon="34.534723">
			<ele>153.90</ele>
			<time>2017-06-18T08:05:13.90Z</time>
			<pdop>5.8</pdop>
		</trkpt>
		<trkpt lat="53.214202" lon="34.534817">
			<ele>153.90</ele>
			<time>2017-06-18T08:05:22.90Z</time>
			<pdop>5.5</pdop>
		</trkpt>
		<trkpt lat="53.214163" lon="34.534983">
			<ele>153.90</ele>
			<time>2017-06-18T08:05:32.90Z</time>
			<pdop>5.4</pdop>
		</trkpt>
		<trkpt lat="53.214107" lon="34.535212">
			<ele>154.02</ele>
			<time>2017-06-18T08:05:41.91Z</time>
			<pdop>5.3</pdop>
		</trkpt>
		<trkpt lat="53.214113" lon="34.535397">
			<ele>153.73</ele>
			<time>2017-06-18T08:05:51.90Z</time>
			<pdop>5.3</pdop>
		</trkpt>
		<trkpt lat="53.214083" lon="34.535608">
			<ele>153.65</ele>
			<time>2017-06-18T08:06:01.92Z</time>
			<pdop>5.3</pdop>
		</trkpt>
		<trkpt lat="53.214108" lon="34.535810">
			<ele>153.20</ele>
			<time>2017-06-18T08:06:11.91Z</time>
			<pdop>5.2</pdop>
		</trkpt>
		<trkpt lat="53.214110" lon="34.536000">
			<ele>153.60</ele>
			<time>2017-06-18T08:06:21.90Z</time>
			<pdop>5.4</pdop>
		</trkpt>
		<trkpt lat="53.214052" lon="34.536098">
			<ele>153.23</ele>
			<time>2017-06-18T08:06:31.91Z</time>
			<pdop>5.6</pdop>
		</trkpt>
		<trkpt lat="53.213963" lon="34.536072">
			<ele>152.23</ele>
			<time>2017-06-18T08:06:41.92Z</time>
			<pdop>5.9</pdop>
		</trkpt>
		<trkpt lat="53.213938" lon="34.536122">
			<ele>151.01</ele>
			<time>2017-06-18T08:06:51.90Z</time>
			<pdop>6.3</pdop>
		</trkpt>
		<trkpt lat="53.213950" lon="34.536237">
			<ele>151.00</ele>
			<time>2017-06-18T08:07:00.91Z</time>
			<pdop>6.6</pdop>
		</trkpt>
		<trkpt lat="53.213925" lon="34.536318">
			<ele>150.73</ele>
			<time>2017-06-18T08:07:10.90Z</time>
			<pdop>6.9</pdop>
		</trkpt>
		<trkpt lat="53.213995" lon="34.536372">
			<ele>150.60</ele>
			<time>2017-06-18T08:07:20.91Z</time>
			<pdop>5.6</pdop>
		</trkpt>
		<trkpt lat="53.214010" lon="34.536393">
			<ele>150.53</ele>
			<time>2017-06-18T08:07:23.90Z</time>
			<pdop>5.8</pdop>
		</trkpt>
		<trkpt lat="53.214038" lon="34.536420">
			<ele>150.31</ele>
			<time>2017-06-18T08:07:33.90Z</time>
			<pdop>7.3</pdop>
		</trkpt>
		<trkpt lat="53.214048" lon="34.536407">
			<ele>150.20</ele>
			<time>2017-06-18T08:07:42.90Z</time>
			<pdop>7.1</pdop>
		</trkpt>
		<trkpt lat="53.214115" lon="34.536362">
			<ele>150.11</ele>
			<time>2017-06-18T08:07:52.90Z</time>
			<pdop>7.2</pdop>
		</trkpt>
		<trkpt lat="53.214157" lon="34.536152">
			<ele>150.10</ele>
			<time>2017-06-18T08:08:02.03Z</time>
			<pdop>6.9</pdop>
		</trkpt>
		<trkpt lat="53.214167" lon="34.536090">
			<ele>150.47</ele>
			<time>2017-06-18T08:11:16.91Z</time>
			<pdop>5.6</pdop>
		</trkpt>
		<trkpt lat="53.214180" lon="34.536195">
			<ele>151.07</ele>
			<time>2017-06-18T08:11:26.90Z</time>
			<pdop>5.6</pdop>
		</trkpt>
		<trkpt lat="53.214215" lon="34.536248">
			<ele>151.50</ele>
			<time>2017-06-18T08:11:35.90Z</time>
			<pdop>5.0</pdop>
		</trkpt>
		<trkpt lat="53.214227" lon="34.536252">
			<ele>151.10</ele>
			<time>2017-06-18T08:11:44.92Z</time>
			<pdop>4.8</pdop>
		</trkpt>
		<trkpt lat="53.214202" lon="34.536180">
			<ele>150.90</ele>
			<time>2017-06-18T08:11:54.90Z</time>
			<pdop>6.3</pdop>
		</trkpt>
		<trkpt lat="53.214223" lon="34.536090">
			<ele>150.80</ele>
			<time>2017-06-18T08:12:03.94Z</time>
			<pdop>6.3</pdop>
		</trkpt>
		<trkpt lat="53.214233" lon="34.535917">
			<ele>150.80</ele>
			<time>2017-06-18T08:12:13.90Z</time>
			<pdop>5.0</pdop>
		</trkpt>
		<trkpt lat="53.214248" lon="34.535730">
			<ele>150.53</ele>
			<time>2017-06-18T08:12:22.91Z</time>
			<pdop>5.1</pdop>
		</trkpt>
		<trkpt lat="53.214275" lon="34.535553">
			<ele>150.21</ele>
			<time>2017-06-18T08:12:32.91Z</time>
			<pdop>5.4</pdop>
		</trkpt>
		<trkpt lat="53.214250" lon="34.535360">
			<ele>149.70</ele>
			<time>2017-06-18T08:12:41.92Z</time>
			<pdop>5.3</pdop>
		</trkpt>
		<trkpt lat="53.214257" lon="34.535155">
			<ele>149.43</ele>
			<time>2017-06-18T08:12:51.91Z</time>
			<pdop>5.6</pdop>
		</trkpt>
		<trkpt lat="53.214293" lon="34.534958">
			<ele>149.30</ele>
			<time>2017-06-18T08:13:01.90Z</time>
			<pdop>5.8</pdop>
		</trkpt>
		<trkpt lat="53.214243" lon="34.534792">
			<ele>149.29</ele>
			<time>2017-06-18T08:13:10.91Z</time>
			<pdop>5.4</pdop>
		</trkpt>
		<trkpt lat="53.214237" lon="34.534557">
			<ele>149.13</ele>
			<time>2017-06-18T08:13:19.91Z</time>
			<pdop>5.0</pdop>
		</trkpt>
		<trkpt lat="53.214210" lon="34.534330">
			<ele>148.55</ele>
			<time>2017-06-18T08:13:29.90Z</time>
			<pdop>4.7</pdop>
		</trkpt>
		<trkpt lat="53.214217" lon="34.534112">
			<ele>147.72</ele>
			<time>2017-06-18T08:13:38.91Z</time>
			<pdop>4.9</pdop>
		</trkpt>
		<trkpt lat="53.214208" lon="34.533958">
			<ele>147.44</ele>
			<time>2017-06-18T08:13:48.91Z</time>
			<pdop>5.1</pdop>
		</trkpt>
		<trkpt lat="53.214207" lon="34.533835">
			<ele>148.00</ele>
			<time>2017-06-18T08:13:58.90Z</time>
			<pdop>5.5</pdop>
		</trkpt>
		<trkpt lat="53.214192" lon="34.533593">
			<ele>148.40</ele>
			<time>2017-06-18T08:14:08.90Z</time>
			<pdop>5.6</pdop>
		</trkpt>
		<trkpt lat="53.214187" lon="34.533412">
			<ele>148.29</ele>
			<time>2017-06-18T08:14:18.91Z</time>
			<pdop>5.7</pdop>
		</trkpt>
		<trkpt lat="53.214242" lon="34.533233">
			<ele>148.57</ele>
			<time>2017-06-18T08:14:28.91Z</time>
			<pdop>6.0</pdop>
		</trkpt>
		<trkpt lat="53.214247" lon="34.533182">
			<ele>149.29</ele>
			<time>2017-06-18T08:14:38.90Z</time>
			<pdop>6.1</pdop>
		</trkpt>
		<trkpt lat="53.214205" lon="34.533017">
			<ele>149.55</ele>
			<time>2017-06-18T08:14:48.90Z</time>
			<pdop>5.9</pdop>
		</trkpt>
		<trkpt lat="53.214208" lon="34.532798">
			<ele>149.20</ele>
			<time>2017-06-18T08:14:58.05Z</time>
			<pdop>6.4</pdop>
		</trkpt>
		<trkpt lat="53.214275" lon="34.532545">
			<ele>148.80</ele>
			<time>2017-06-18T08:15:07.91Z</time>
			<pdop>5.9</pdop>
		</trkpt>
		<trkpt lat="53.214280" lon="34.532353">
			<ele>149.44</ele>
			<time>2017-06-18T08:15:17.90Z</time>
			<pdop>6.0</pdop>
		</trkpt>
		<trkpt lat="53.214227" lon="34.532218">
			<ele>149.53</ele>
			<time>2017-06-18T08:15:26.91Z</time>
			<pdop>5.6</pdop>
		</trkpt>
		<trkpt lat="53.214237" lon="34.532125">
			<ele>149.30</ele>
			<time>2017-06-18T08:15:36.90Z</time>
			<pdop>5.8</pdop>
		</trkpt>
		<trkpt lat="53.214255" lon="34.532117">
			<ele>149.40</ele>
			<time>2017-06-18T08:15:46.91Z</time>
			<pdop>6.2</pdop>
		</trkpt>
		<trkpt lat="53.214338" lon="34.532033">
			<ele>149.20</ele>
			<time>2017-06-18T08:15:56.97Z</time>
			<pdop>6.2</pdop>
		</trkpt>
		<trkpt lat="53.214412" lon="34.531888">
			<ele>149.20</ele>
			<time>2017-06-18T08:16:06.91Z</time>
			<pdop>5.5</pdop>
		</trkpt>
		<trkpt lat="53.214387" lon="34.531817">
			<ele>149.10</ele>
			<time>2017-06-18T08:16:16.15Z</time>
			<pdop>5.9</pdop>
		</trkpt>
		<trkpt lat="53.214378" lon="34.531703">
			<ele>149.19</ele>
			<time>2017-06-18T08:16:28.11Z</time>
			<pdop>5.8</pdop>
		</trkpt>
		<trkpt lat="53.214302" lon="34.531775">
			<ele>149.30</ele>
			<time>2017-06-18T08:16:38.12Z</time>
			<pdop>6.5</pdop>
		</trkpt>
		<trkpt lat="53.214347" lon="34.531648">
			<ele>149.23</ele>
			<time>2017-06-18T08:16:48.04Z</time>
			<pdop>6.8</pdop>
		</trkpt>
		<trkpt lat="53.214358" lon="34.531557">
			<ele>149.30</ele>
			<time>2017-06-18T08:16:57.11Z</time>
			<pdop>6.3</pdop>
		</trkpt>
		<trkpt lat="53.214390" lon="34.531328">
			<ele>149.11</ele>
			<time>2017-06-18T08:17:07.09Z</time>
			<pdop>6.2</pdop>
		</trkpt>
		<trkpt lat="53.214408" lon="34.531258">
			<ele>149.00</ele>
			<time>2017-06-18T08:17:16.10Z</time>
			<pdop>6.6</pdop>
		</trkpt>
		<trkpt lat="53.214483" lon="34.531195">
			<ele>148.63</ele>
			<time>2017-06-18T08:17:25.13Z</time>
			<pdop>6.9</pdop>
		</trkpt>
		<trkpt lat="53.214532" lon="34.531208">
			<ele>148.41</ele>
			<time>2017-06-18T08:17:35.12Z</time>
			<pdop>7.2</pdop>
		</trkpt>
		<trkpt lat="53.214590" lon="34.531215">
			<ele>148.21</ele>
			<time>2017-06-18T08:17:45.13Z</time>
			<pdop>7.0</pdop>
		</trkpt>
		<trkpt lat="53.214638" lon="34.531348">
			<ele>148.10</ele>
			<time>2017-06-18T08:17:54.90Z</time>
			<pdop>7.2</pdop>
		</trkpt>
		<trkpt lat="53.214675" lon="34.531415">
			<ele>148.00</ele>
			<time>2017-06-18T08:18:04.90Z</time>
			<pdop>8.2</pdop>
		</trkpt>
		<trkpt lat="53.214932" lon="34.531357">
			<ele>147.89</ele>
			<time>2017-06-18T08:18:14.90Z</time>
			<pdop>8.1</pdop>
		</trkpt>
		<trkpt lat="53.214925" lon="34.531523">
			<ele>148.37</ele>
			<time>2017-06-18T08:18:24.90Z</time>
			<pdop>7.7</pdop>
		</trkpt>
		<trkpt lat="53.214945" lon="34.531515">
			<ele>149.17</ele>
			<time>2017-06-18T08:18:33.91Z</time>
			<pdop>8.3</pdop>
		</trkpt>
		<trkpt lat="53.215095" lon="34.531317">
			<ele>149.77</ele>
			<time>2017-06-18T08:18:43.90Z</time>
			<pdop>7.8</pdop>
		</trkpt>
		<trkpt lat="53.215265" lon="34.531238">
			<ele>150.37</ele>
			<time>2017-06-18T08:18:53.90Z</time>
			<pdop>7.8</pdop>
		</trkpt>
		<trkpt lat="53.215337" lon="34.531288">
			<ele>151.07</ele>
			<time>2017-06-18T08:19:02.90Z</time>
			<pdop>7.8</pdop>
		</trkpt>
		<trkpt lat="53.215410" lon="34.531263">
			<ele>151.37</ele>
			<time>2017-06-18T08:19:12.90Z</time>
			<pdop>8.2</pdop>
		</trkpt>
		<trkpt lat="53.215485" lon="34.531298">
			<ele>152.80</ele>
			<time>2017-06-18T08:19:42.90Z</time>
			<pdop>8.5</pdop>
		</trkpt>
		<trkpt lat="53.215543" lon="34.531398">
			<ele>153.19</ele>
			<time>2017-06-18T08:19:51.92Z</time>
			<pdop>8.2</pdop>
		</trkpt>
		<trkpt lat="53.215653" lon="34.531363">
			<ele>153.49</ele>
			<time>2017-06-18T08:20:01.22Z</time>
			<pdop>6.9</pdop>
		</trkpt>
		<trkpt lat="53.215772" lon="34.531408">
			<ele>153.79</ele>
			<time>2017-06-18T08:20:10.91Z</time>
			<pdop>7.5</pdop>
		</trkpt>
		<trkpt lat="53.215865" lon="34.531340">
			<ele>153.90</ele>
			<time>2017-06-18T08:20:19.92Z</time>
			<pdop>8.0</pdop>
		</trkpt>
		<trkpt lat="53.215983" lon="34.531343">
			<ele>153.90</ele>
			<time>2017-06-18T08:20:29.90Z</time>
			<pdop>8.5</pdop>
		</trkpt>
		<trkpt lat="53.215970" lon="34.531388">
			<ele>154.10</ele>
			<time>2017-06-18T08:20:38.90Z</time>
			<pdop>9.0</pdop>
		</trkpt>
		<trkpt lat="53.216127" lon="34.531477">
			<ele>153.50</ele>
			<time>2017-06-18T08:21:07.90Z</time>
			<pdop>9.1</pdop>
		</trkpt>
		<trkpt lat="53.216387" lon="34.531465">
			<ele>153.23</ele>
			<time>2017-06-18T08:21:16.90Z</time>
			<pdop>9.1</pdop>
		</trkpt>
		<trkpt lat="53.216498" lon="34.531388">
			<ele>152.91</ele>
			<time>2017-06-18T08:21:26.90Z</time>
			<pdop>9.2</pdop>
		</trkpt>
		<trkpt lat="53.216550" lon="34.531378">
			<ele>152.80</ele>
			<time>2017-06-18T08:21:35.90Z</time>
			<pdop>9.0</pdop>
		</trkpt>
		<trkpt lat="53.216685" lon="34.531322">
			<ele>152.82</ele>
			<time>2017-06-18T08:21:44.91Z</time>
			<pdop>9.4</pdop>
		</trkpt>
		<trkpt lat="53.216965" lon="34.531502">
			<ele>152.00</ele>
			<time>2017-06-18T08:22:32.90Z</time>
			<pdop>7.5</pdop>
		</trkpt>
		<trkpt lat="53.217168" lon="34.531490">
			<ele>150.84</ele>
			<time>2017-06-18T08:22:42.90Z</time>
			<pdop>7.0</pdop>
		</trkpt>
		<trkpt lat="53.217352" lon="34.531745">
			<ele>148.43</ele>
			<time>2017-06-18T08:23:00.91Z</time>
			<pdop>7.3</pdop>
		</trkpt>
		<trkpt lat="53.217482" lon="34.531832">
			<ele>147.03</ele>
			<time>2017-06-18T08:23:10.91Z</time>
			<pdop>7.6</pdop>
		</trkpt>
		<trkpt lat="53.217425" lon="34.532197">
			<ele>143.76</ele>
			<time>2017-06-18T08:23:29.90Z</time>
			<pdop>6.5</pdop>
		</trkpt>
		<trkpt lat="53.217442" lon="34.532362">
			<ele>142.83</ele>
			<time>2017-06-18T08:23:38.92Z</time>
			<pdop>7.0</pdop>
		</trkpt>
		<trkpt lat="53.217582" lon="34.532432">
			<ele>142.28</ele>
			<time>2017-06-18T08:23:48.90Z</time>
			<pdop>6.8</pdop>
		</trkpt>
		<trkpt lat="53.217802" lon="34.532398">
			<ele>141.11</ele>
			<time>2017-06-18T08:23:58.08Z</time>
			<pdop>7.3</pdop>
		</trkpt>
		<trkpt lat="53.218038" lon="34.532340">
			<ele>140.61</ele>
			<time>2017-06-18T08:24:08.12Z</time>
			<pdop>6.7</pdop>
		</trkpt>
		<trkpt lat="53.218225" lon="34.532357">
			<ele>140.83</ele>
			<time>2017-06-18T08:24:17.90Z</time>
			<pdop>6.9</pdop>
		</trkpt>
		<trkpt lat="53.218270" lon="34.532417">
			<ele>140.43</ele>
			<time>2017-06-18T08:24:27.90Z</time>
			<pdop>8.8</pdop>
		</trkpt>
		<trkpt lat="53.218418" lon="34.532467">
			<ele>139.63</ele>
			<time>2017-06-18T08:24:36.91Z</time>
			<pdop>8.4</pdop>
		</trkpt>
		<trkpt lat="53.218533" lon="34.532488">
			<ele>137.83</ele>
			<time>2017-06-18T08:24:55.90Z</time>
			<pdop>8.1</pdop>
		</trkpt>
		<trkpt lat="53.218807" lon="34.532498">
			<ele>136.73</ele>
			<time>2017-06-18T08:25:04.96Z</time>
			<pdop>8.3</pdop>
		</trkpt>
		<trkpt lat="53.219002" lon="34.532618">
			<ele>135.93</ele>
			<time>2017-06-18T08:25:14.90Z</time>
			<pdop>9.0</pdop>
		</trkpt>
		<trkpt lat="53.219005" lon="34.532857">
			<ele>136.11</ele>
			<time>2017-06-18T08:25:24.90Z</time>
			<pdop>8.9</pdop>
		</trkpt>
		<trkpt lat="53.219072" lon="34.533218">
			<ele>135.90</ele>
			<time>2017-06-18T08:25:52.91Z</time>
			<pdop>8.2</pdop>
		</trkpt>
		<trkpt lat="53.219212" lon="34.533278">
			<ele>136.37</ele>
			<time>2017-06-18T08:26:02.91Z</time>
			<pdop>7.9</pdop>
		</trkpt>
		<trkpt lat="53.219343" lon="34.533397">
			<ele>137.27</ele>
			<time>2017-06-18T08:26:12.90Z</time>
			<pdop>7.7</pdop>
		</trkpt>
		<trkpt lat="53.219550" lon="34.533405">
			<ele>138.57</ele>
			<time>2017-06-18T08:26:22.90Z</time>
			<pdop>7.8</pdop>
		</trkpt>
		<trkpt lat="53.219632" lon="34.533500">
			<ele>139.34</ele>
			<time>2017-06-18T08:26:31.92Z</time>
			<pdop>8.2</pdop>
		</trkpt>
		<trkpt lat="53.219803" lon="34.533517">
			<ele>140.17</ele>
			<time>2017-06-18T08:26:41.91Z</time>
			<pdop>8.7</pdop>
		</trkpt>
		<trkpt lat="53.219838" lon="34.533688">
			<ele>140.63</ele>
			<time>2017-06-18T08:27:01.90Z</time>
			<pdop>8.0</pdop>
		</trkpt>
		<trkpt lat="53.219980" lon="34.533742">
			<ele>140.33</ele>
			<time>2017-06-18T08:27:10.91Z</time>
			<pdop>8.0</pdop>
		</trkpt>
		<trkpt lat="53.220280" lon="34.533750">
			<ele>140.10</ele>
			<time>2017-06-18T08:27:20.90Z</time>
			<pdop>8.1</pdop>
		</trkpt>
		<trkpt lat="53.220560" lon="34.533780">
			<ele>139.90</ele>
			<time>2017-06-18T08:27:30.90Z</time>
			<pdop>7.9</pdop>
		</trkpt>
		<trkpt lat="53.220640" lon="34.533923">
			<ele>140.30</ele>
			<time>2017-06-18T08:27:49.90Z</time>
			<pdop>8.0</pdop>
		</trkpt>
		<trkpt lat="53.220743" lon="34.533978">
			<ele>140.40</ele>
			<time>2017-06-18T08:27:58.91Z</time>
			<pdop>8.4</pdop>
		</trkpt>
		<trkpt lat="53.220988" lon="34.534123">
			<ele>141.49</ele>
			<time>2017-06-18T08:28:17.90Z</time>
			<pdop>8.2</pdop>
		</trkpt>
		<trkpt lat="53.221137" lon="34.534302">
			<ele>142.07</ele>
			<time>2017-06-18T08:28:27.90Z</time>
			<pdop>8.3</pdop>
		</trkpt>
		<trkpt lat="53.221350" lon="34.534388">
			<ele>142.99</ele>
			<time>2017-06-18T08:28:36.90Z</time>
			<pdop>8.3</pdop>
		</trkpt>
		<trkpt lat="53.221558" lon="34.534395">
			<ele>143.85</ele>
			<time>2017-06-18T08:28:46.91Z</time>
			<pdop>7.8</pdop>
		</trkpt>
		<trkpt lat="53.221720" lon="34.534422">
			<ele>144.84</ele>
			<time>2017-06-18T08:28:56.90Z</time>
			<pdop>7.8</pdop>
		</trkpt>
		<trkpt lat="53.221937" lon="34.534745">
			<ele>148.76</ele>
			<time>2017-06-18T08:29:25.90Z</time>
			<pdop>8.2</pdop>
		</trkpt>
		<trkpt lat="53.222197" lon="34.534730">
			<ele>150.17</ele>
			<time>2017-06-18T08:29:35.90Z</time>
			<pdop>8.1</pdop>
		</trkpt>
		<trkpt lat="53.222377" lon="34.534740">
			<ele>151.46</ele>
			<time>2017-06-18T08:29:44.91Z</time>
			<pdop>8.5</pdop>
		</trkpt>
		<trkpt lat="53.222623" lon="34.534765">
			<ele>152.93</ele>
			<time>2017-06-18T08:29:53.92Z</time>
			<pdop>8.4</pdop>
		</trkpt>
		<trkpt lat="53.222702" lon="34.534875">
			<ele>153.77</ele>
			<time>2017-06-18T08:30:03.41Z</time>
			<pdop>8.5</pdop>
		</trkpt>
		<trkpt lat="53.222997" lon="34.534935">
			<ele>151.83</ele>
			<time>2017-06-18T08:30:22.91Z</time>
			<pdop>8.4</pdop>
		</trkpt>
		<trkpt lat="53.223160" lon="34.535353">
			<ele>153.19</ele>
			<time>2017-06-18T08:30:50.91Z</time>
			<pdop>7.8</pdop>
		</trkpt>
		<trkpt lat="53.223278" lon="34.535525">
			<ele>153.77</ele>
			<time>2017-06-18T08:31:00.92Z</time>
			<pdop>8.1</pdop>
		</trkpt>
		<trkpt lat="53.223288" lon="34.535695">
			<ele>154.67</ele>
			<time>2017-06-18T08:31:10.91Z</time>
			<pdop>8.3</pdop>
		</trkpt>
		<trkpt lat="53.223475" lon="34.535653">
			<ele>155.57</ele>
			<time>2017-06-18T08:31:20.91Z</time>
			<pdop>8.7</pdop>
		</trkpt>
		<trkpt lat="53.223743" lon="34.535595">
			<ele>156.54</ele>
			<time>2017-06-18T08:31:30.90Z</time>
			<pdop>8.5</pdop>
		</trkpt>
		<trkpt lat="53.224120" lon="34.535680">
			<ele>158.14</ele>
			<time>2017-06-18T08:31:49.90Z</time>
			<pdop>8.4</pdop>
		</trkpt>
		<trkpt lat="53.224138" lon="34.535872">
			<ele>159.86</ele>
			<time>2017-06-18T08:31:58.91Z</time>
			<pdop>8.0</pdop>
		</trkpt>
		<trkpt lat="53.224255" lon="34.535927">
			<ele>160.87</ele>
			<time>2017-06-18T08:32:08.91Z</time>
			<pdop>7.9</pdop>
		</trkpt>
		<trkpt lat="53.224343" lon="34.536053">
			<ele>161.96</ele>
			<time>2017-06-18T08:32:18.90Z</time>
			<pdop>8.0</pdop>
		</trkpt>
		<trkpt lat="53.224440" lon="34.536188">
			<ele>162.64</ele>
			<time>2017-06-18T08:32:28.91Z</time>
			<pdop>8.1</pdop>
		</trkpt>
		<trkpt lat="53.224550" lon="34.536308">
			<ele>164.56</ele>
			<time>2017-06-18T08:32:38.90Z</time>
			<pdop>8.0</pdop>
		</trkpt>
		<trkpt lat="53.224673" lon="34.536305">
			<ele>165.83</ele>
			<time>2017-06-18T08:32:47.91Z</time>
			<pdop>8.0</pdop>
		</trkpt>
		<trkpt lat="53.224798" lon="34.536365">
			<ele>167.49</ele>
			<time>2017-06-18T08:32:57.92Z</time>
			<pdop>8.0</pdop>
		</trkpt>
		<trkpt lat="53.224840" lon="34.536428">
			<ele>168.16</ele>
			<time>2017-06-18T08:33:07.94Z</time>
			<pdop>7.6</pdop>
		</trkpt>
		<trkpt lat="53.224902" lon="34.536500">
			<ele>169.87</ele>
			<time>2017-06-18T08:33:17.91Z</time>
			<pdop>7.7</pdop>
		</trkpt>
		<trkpt lat="53.225075" lon="34.536692">
			<ele>160.30</ele>
			<time>2017-06-18T08:33:56.90Z</time>
			<pdop>7.7</pdop>
		</trkpt>
		<trkpt lat="53.225192" lon="34.536733">
			<ele>162.97</ele>
			<time>2017-06-18T08:34:06.90Z</time>
			<pdop>8.2</pdop>
		</trkpt>
		<trkpt lat="53.225337" lon="34.536882">
			<ele>163.10</ele>
			<time>2017-06-18T08:34:15.90Z</time>
			<pdop>7.9</pdop>
		</trkpt>
		<trkpt lat="53.225558" lon="34.536950">
			<ele>158.74</ele>
			<time>2017-06-18T08:34:34.91Z</time>
			<pdop>7.3</pdop>
		</trkpt>
		<trkpt lat="53.225498" lon="34.537150">
			<ele>153.95</ele>
			<time>2017-06-18T08:34:44.91Z</time>
			<pdop>7.1</pdop>
		</trkpt>
		<trkpt lat="53.225528" lon="34.537363">
			<ele>151.71</ele>
			<time>2017-06-18T08:34:54.90Z</time>
			<pdop>7.6</pdop>
		</trkpt>
		<trkpt lat="53.225673" lon="34.537332">
			<ele>149.26</ele>
			<time>2017-06-18T08:35:04.91Z</time>
			<pdop>7.2</pdop>
		</trkpt>
		<trkpt lat="53.225872" lon="34.537288">
			<ele>145.74</ele>
			<time>2017-06-18T08:35:14.90Z</time>
			<pdop>7.2</pdop>
		</trkpt>
		<trkpt lat="53.225960" lon="34.537460">
			<ele>143.87</ele>
			<time>2017-06-18T08:35:23.90Z</time>
			<pdop>6.9</pdop>
		</trkpt>
		<trkpt lat="53.226223" lon="34.537417">
			<ele>141.87</ele>
			<time>2017-06-18T08:35:32.90Z</time>
			<pdop>7.1</pdop>
		</trkpt>
		<trkpt lat="53.226427" lon="34.537457">
			<ele>140.23</ele>
			<time>2017-06-18T08:35:42.91Z</time>
			<pdop>7.0</pdop>
		</trkpt>
		<trkpt lat="53.226527" lon="34.537557">
			<ele>139.73</ele>
			<time>2017-06-18T08:35:51.91Z</time>
			<pdop>7.1</pdop>
		</trkpt>
		<trkpt lat="53.226665" lon="34.537572">
			<ele>139.13</ele>
			<time>2017-06-18T08:36:01.96Z</time>
			<pdop>7.3</pdop>
		</trkpt>
		<trkpt lat="53.226920" lon="34.537522">
			<ele>139.85</ele>
			<time>2017-06-18T08:36:11.07Z</time>
			<pdop>8.2</pdop>
		</trkpt>
		<trkpt lat="53.226962" lon="34.537653">
			<ele>143.13</ele>
			<time>2017-06-18T08:36:38.11Z</time>
			<pdop>7.4</pdop>
		</trkpt>
		<trkpt lat="53.226952" lon="34.537745">
			<ele>142.82</ele>
			<time>2017-06-18T08:36:47.90Z</time>
			<pdop>7.8</pdop>
		</trkpt>
		<trkpt lat="53.226948" lon="34.537818">
			<ele>142.90</ele>
			<time>2017-06-18T08:36:56.93Z</time>
			<pdop>7.2</pdop>
		</trkpt>
		<trkpt lat="53.226865" lon="34.537995">
			<ele>146.60</ele>
			<time>2017-06-18T08:37:06.90Z</time>
			<pdop>7.2</pdop>
		</trkpt>
		<trkpt lat="53.226812" lon="34.538055">
			<ele>145.82</ele>
			<time>2017-06-18T08:37:15.90Z</time>
			<pdop>6.4</pdop>
		</trkpt>
		<trkpt lat="53.226872" lon="34.538147">
			<ele>144.81</ele>
			<time>2017-06-18T08:37:44.90Z</time>
			<pdop>6.9</pdop>
		</trkpt>
		<trkpt lat="53.227265" lon="34.537810">
			<ele>144.50</ele>
			<time>2017-06-18T08:38:23.90Z</time>
			<pdop>6.5</pdop>
		</trkpt>
		<trkpt lat="53.227258" lon="34.537940">
			<ele>144.41</ele>
			<time>2017-06-18T08:38:33.90Z</time>
			<pdop>5.7</pdop>
		</trkpt>
		<trkpt lat="53.227272" lon="34.538003">
			<ele>144.20</ele>
			<time>2017-06-18T08:38:43.90Z</time>
			<pdop>5.4</pdop>
		</trkpt>
		<trkpt lat="53.227417" lon="34.538118">
			<ele>144.37</ele>
			<time>2017-06-18T08:38:52.92Z</time>
			<pdop>5.5</pdop>
		</trkpt>
		<trkpt lat="53.227528" lon="34.538142">
			<ele>146.06</ele>
			<time>2017-06-18T08:39:02.90Z</time>
			<pdop>5.3</pdop>
		</trkpt>
		<trkpt lat="53.227713" lon="34.538133">
			<ele>148.33</ele>
			<time>2017-06-18T08:39:11.90Z</time>
			<pdop>5.2</pdop>
		</trkpt>
		<trkpt lat="53.227780" lon="34.538132">
			<ele>150.53</ele>
			<time>2017-06-18T08:39:20.92Z</time>
			<pdop>5.5</pdop>
		</trkpt>
		<trkpt lat="53.227808" lon="34.538220">
			<ele>154.99</ele>
			<time>2017-06-18T08:39:50.90Z</time>
			<pdop>4.7</pdop>
		</trkpt>
		<trkpt lat="53.227888" lon="34.538315">
			<ele>155.38</ele>
			<time>2017-06-18T08:39:59.90Z</time>
			<pdop>5.0</pdop>
		</trkpt>
		<trkpt lat="53.227962" lon="34.538422">
			<ele>155.03</ele>
			<time>2017-06-18T08:40:08.91Z</time>
			<pdop>5.2</pdop>
		</trkpt>
		<trkpt lat="53.228100" lon="34.538508">
			<ele>154.40</ele>
			<time>2017-06-18T08:40:18.91Z</time>
			<pdop>4.9</pdop>
		</trkpt>
		<trkpt lat="53.228182" lon="34.538478">
			<ele>154.57</ele>
			<time>2017-06-18T08:40:27.91Z</time>
			<pdop>5.0</pdop>
		</trkpt>
		<trkpt lat="53.228193" lon="34.538438">
			<ele>154.63</ele>
			<time>2017-06-18T08:40:36.91Z</time>
			<pdop>5.0</pdop>
		</trkpt>
		<trkpt lat="53.228207" lon="34.538470">
			<ele>154.48</ele>
			<time>2017-06-18T08:40:46.91Z</time>
			<pdop>5.0</pdop>
		</trkpt>
		<trkpt lat="53.228332" lon="34.538612">
			<ele>155.09</ele>
			<time>2017-06-18T08:40:56.90Z</time>
			<pdop>4.8</pdop>
		</trkpt>
		<trkpt lat="53.228417" lon="34.538708">
			<ele>155.41</ele>
			<time>2017-06-18T08:41:05.91Z</time>
			<pdop>4.8</pdop>
		</trkpt>
		<trkpt lat="53.228490" lon="34.538750">
			<ele>155.30</ele>
			<time>2017-06-18T08:41:14.91Z</time>
			<pdop>4.8</pdop>
		</trkpt>
		<trkpt lat="53.228593" lon="34.538820">
			<ele>155.39</ele>
			<time>2017-06-18T08:41:24.91Z</time>
			<pdop>5.1</pdop>
		</trkpt>
		<trkpt lat="53.228772" lon="34.538908">
			<ele>155.59</ele>
			<time>2017-06-18T08:41:34.91Z</time>
			<pdop>5.2</pdop>
		</trkpt>
		<trkpt lat="53.228868" lon="34.538952">
			<ele>155.80</ele>
			<time>2017-06-18T08:41:44.90Z</time>
			<pdop>5.5</pdop>
		</trkpt>
		<trkpt lat="53.228957" lon="34.538985">
			<ele>155.70</ele>
			<time>2017-06-18T08:41:54.90Z</time>
			<pdop>5.7</pdop>
		</trkpt>
		<trkpt lat="53.229062" lon="34.539047">
			<ele>155.37</ele>
			<time>2017-06-18T08:42:04.91Z</time>
			<pdop>5.4</pdop>
		</trkpt>
		<trkpt lat="53.229087" lon="34.538977">
			<ele>155.60</ele>
			<time>2017-06-18T08:42:14.90Z</time>
			<pdop>5.3</pdop>
		</trkpt>
		<trkpt lat="53.229150" lon="34.539037">
			<ele>155.31</ele>
			<time>2017-06-18T08:42:23.91Z</time>
			<pdop>5.3</pdop>
		</trkpt>
		<trkpt lat="53.229280" lon="34.539113">
			<ele>154.63</ele>
			<time>2017-06-18T08:42:32.92Z</time>
			<pdop>5.2</pdop>
		</trkpt>
		<trkpt lat="53.229452" lon="34.539237">
			<ele>154.60</ele>
			<time>2017-06-18T08:42:42.91Z</time>
			<pdop>4.6</pdop>
		</trkpt>
		<trkpt lat="53.229542" lon="34.539362">
			<ele>154.70</ele>
			<time>2017-06-18T08:42:52.91Z</time>
			<pdop>4.6</pdop>
		</trkpt>
		<trkpt lat="53.229607" lon="34.539373">
			<ele>154.90</ele>
			<time>2017-06-18T08:43:02.90Z</time>
			<pdop>4.9</pdop>
		</trkpt>
		<trkpt lat="53.229632" lon="34.539423">
			<ele>155.37</ele>
			<time>2017-06-18T08:43:11.91Z</time>
			<pdop>4.5</pdop>
		</trkpt>
		<trkpt lat="53.229762" lon="34.539465">
			<ele>155.60</ele>
			<time>2017-06-18T08:43:21.90Z</time>
			<pdop>4.4</pdop>
		</trkpt>
		<trkpt lat="53.229908" lon="34.539593">
			<ele>155.92</ele>
			<time>2017-06-18T08:43:30.90Z</time>
			<pdop>4.2</pdop>
		</trkpt>
		<trkpt lat="53.230038" lon="34.539668">
			<ele>156.00</ele>
			<time>2017-06-18T08:43:39.91Z</time>
			<pdop>4.2</pdop>
		</trkpt>
		<trkpt lat="53.230167" lon="34.539737">
			<ele>155.81</ele>
			<time>2017-06-18T08:43:49.90Z</time>
			<pdop>4.2</pdop>
		</trkpt>
		<trkpt lat="53.230270" lon="34.539817">
			<ele>156.19</ele>
			<time>2017-06-18T08:43:58.91Z</time>
			<pdop>4.1</pdop>
		</trkpt>
		<trkpt lat="53.230397" lon="34.539845">
			<ele>156.29</ele>
			<time>2017-06-18T08:44:07.91Z</time>
			<pdop>4.1</pdop>
		</trkpt>
		<trkpt lat="53.230503" lon="34.539887">
			<ele>156.40</ele>
			<time>2017-06-18T08:44:16.92Z</time>
			<pdop>4.0</pdop>
		</trkpt>
		<trkpt lat="53.230612" lon="34.539965">
			<ele>157.26</ele>
			<time>2017-06-18T08:44:26.90Z</time>
			<pdop>3.8</pdop>
		</trkpt>
		<trkpt lat="53.230627" lon="34.539968">
			<ele>157.50</ele>
			<time>2017-06-18T08:44:36.91Z</time>
			<pdop>4.3</pdop>
		</trkpt>
		<trkpt lat="53.230643" lon="34.540060">
			<ele>157.03</ele>
			<time>2017-06-18T08:44:46.92Z</time>
			<pdop>3.8</pdop>
		</trkpt>
		<trkpt lat="53.230763" lon="34.540120">
			<ele>156.03</ele>
			<time>2017-06-18T08:44:56.91Z</time>
			<pdop>3.6</pdop>
		</trkpt>
		<trkpt lat="53.230878" lon="34.540188">
			<ele>156.18</ele>
			<time>2017-06-18T08:45:05.92Z</time>
			<pdop>4.0</pdop>
		</trkpt>
		<trkpt lat="53.231008" lon="34.540255">
			<ele>156.70</ele>
			<time>2017-06-18T08:45:15.90Z</time>
			<pdop>3.8</pdop>
		</trkpt>
		<trkpt lat="53.231103" lon="34.540307">
			<ele>156.60</ele>
			<time>2017-06-18T08:45:25.90Z</time>
			<pdop>3.7</pdop>
		</trkpt>
		<trkpt lat="53.231195" lon="34.540387">
			<ele>157.19</ele>
			<time>2017-06-18T08:45:34.91Z</time>
			<pdop>4.0</pdop>
		</trkpt>
		<trkpt lat="53.231345" lon="34.540458">
			<ele>157.60</ele>
			<time>2017-06-18T08:45:44.91Z</time>
			<pdop>3.8</pdop>
		</trkpt>
		<trkpt lat="53.231487" lon="34.540520">
			<ele>158.00</ele>
			<time>2017-06-18T08:45:54.90Z</time>
			<pdop>3.9</pdop>
		</trkpt>
		<trkpt lat="53.231608" lon="34.540588">
			<ele>156.70</ele>
			<time>2017-06-18T08:46:03.90Z</time>
			<pdop>4.6</pdop>
		</trkpt>
		<trkpt lat="53.231715" lon="34.540650">
			<ele>156.57</ele>
			<time>2017-06-18T08:46:13.90Z</time>
			<pdop>3.9</pdop>
		</trkpt>
		<trkpt lat="53.231843" lon="34.540735">
			<ele>156.20</ele>
			<time>2017-06-18T08:46:22.92Z</time>
			<pdop>3.7</pdop>
		</trkpt>
		<trkpt lat="53.231952" lon="34.540783">
			<ele>156.42</ele>
			<time>2017-06-18T08:46:32.90Z</time>
			<pdop>4.0</pdop>
		</trkpt>
		<trkpt lat="53.232060" lon="34.540890">
			<ele>156.97</ele>
			<time>2017-06-18T08:46:41.91Z</time>
			<pdop>4.1</pdop>
		</trkpt>
		<trkpt lat="53.232203" lon="34.540987">
			<ele>157.77</ele>
			<time>2017-06-18T08:46:51.91Z</time>
			<pdop>4.0</pdop>
		</trkpt>
		<trkpt lat="53.232312" lon="34.541067">
			<ele>157.58</ele>
			<time>2017-06-18T08:47:00.94Z</time>
			<pdop>4.0</pdop>
		</trkpt>
		<trkpt lat="53.232437" lon="34.541157">
			<ele>156.81</ele>
			<time>2017-06-18T08:47:10.92Z</time>
			<pdop>4.0</pdop>
		</trkpt>
		<trkpt lat="53.232573" lon="34.541198">
			<ele>156.31</ele>
			<time>2017-06-18T08:47:20.90Z</time>
			<pdop>4.2</pdop>
		</trkpt>
		<trkpt lat="53.232715" lon="34.541245">
			<ele>155.70</ele>
			<time>2017-06-18T08:47:29.91Z</time>
			<pdop>4.0</pdop>
		</trkpt>
		<trkpt lat="53.232837" lon="34.541397">
			<ele>156.59</ele>
			<time>2017-06-18T08:47:40.17Z</time>
			<pdop>3.8</pdop>
		</trkpt>
		<trkpt lat="53.232938" lon="34.541467">
			<ele>155.94</ele>
			<time>2017-06-18T08:47:50.01Z</time>
			<pdop>3.9</pdop>
		</trkpt>
		<trkpt lat="53.233048" lon="34.541523">
			<ele>155.33</ele>
			<time>2017-06-18T08:47:59.91Z</time>
			<pdop>3.8</pdop>
		</trkpt>
		<trkpt lat="53.233190" lon="34.541615">
			<ele>155.40</ele>
			<time>2017-06-18T08:48:09.90Z</time>
			<pdop>3.9</pdop>
		</trkpt>
		<trkpt lat="53.233307" lon="34.541675">
			<ele>155.70</ele>
			<time>2017-06-18T08:48:18.90Z</time>
			<pdop>3.9</pdop>
		</trkpt>
		<trkpt lat="53.233417" lon="34.541705">
			<ele>155.97</ele>
			<time>2017-06-18T08:48:28.91Z</time>
			<pdop>4.2</pdop>
		</trkpt>
		<trkpt lat="53.233520" lon="34.541742">
			<ele>156.87</ele>
			<time>2017-06-18T08:48:37.91Z</time>
			<pdop>4.3</pdop>
		</trkpt>
		<trkpt lat="53.233545" lon="34.541815">
			<ele>156.68</ele>
			<time>2017-06-18T08:48:47.94Z</time>
			<pdop>4.0</pdop>
		</trkpt>
		<trkpt lat="53.233633" lon="34.541877">
			<ele>157.20</ele>
			<time>2017-06-18T08:48:58Z</time>
			<pdop>4.0</pdop>
		</trkpt>
		<trkpt lat="53.233760" lon="34.541943">
			<ele>157.06</ele>
			<time>2017-06-18T08:49:07.90Z</time>
			<pdop>4.2</pdop>
		</trkpt>
		<trkpt lat="53.233833" lon="34.541925">
			<ele>158.47</ele>
			<time>2017-06-18T08:49:16.91Z</time>
			<pdop>4.1</pdop>
		</trkpt>
		<trkpt lat="53.233815" lon="34.541910">
			<ele>158.13</ele>
			<time>2017-06-18T08:49:26.91Z</time>
			<pdop>3.8</pdop>
		</trkpt>
		<trkpt lat="53.233870" lon="34.541982">
			<ele>158.00</ele>
			<time>2017-06-18T08:49:36.90Z</time>
			<pdop>4.0</pdop>
		</trkpt>
		<trkpt lat="53.234003" lon="34.542087">
			<ele>157.72</ele>
			<time>2017-06-18T08:49:45.90Z</time>
			<pdop>4.0</pdop>
		</trkpt>
		<trkpt lat="53.234137" lon="34.542187">
			<ele>158.10</ele>
			<time>2017-06-18T08:49:54.92Z</time>
			<pdop>3.9</pdop>
		</trkpt>
		<trkpt lat="53.234270" lon="34.542272">
			<ele>158.48</ele>
			<time>2017-06-18T08:50:04.91Z</time>
			<pdop>3.9</pdop>
		</trkpt>
		<trkpt lat="53.234388" lon="34.542332">
			<ele>159.07</ele>
			<time>2017-06-18T08:50:13.92Z</time>
			<pdop>3.8</pdop>
		</trkpt>
		<trkpt lat="53.234520" lon="34.542395">
			<ele>159.60</ele>
			<time>2017-06-18T08:50:23.90Z</time>
			<pdop>3.8</pdop>
		</trkpt>
		<trkpt lat="53.234667" lon="34.542492">
			<ele>159.94</ele>
			<time>2017-06-18T08:50:32.91Z</time>
			<pdop>3.8</pdop>
		</trkpt>
		<trkpt lat="53.234765" lon="34.542572">
			<ele>160.72</ele>
			<time>2017-06-18T08:50:42.90Z</time>
			<pdop>4.0</pdop>
		</trkpt>
		<trkpt lat="53.234875" lon="34.542650">
			<ele>161.67</ele>
			<time>2017-06-18T08:50:51.90Z</time>
			<pdop>3.8</pdop>
		</trkpt>
		<trkpt lat="53.235000" lon="34.542740">
			<ele>162.01</ele>
			<time>2017-06-18T08:51:00.91Z</time>
			<pdop>3.7</pdop>
		</trkpt>
		<trkpt lat="53.235137" lon="34.542800">
			<ele>161.77</ele>
			<time>2017-06-18T08:51:10.91Z</time>
			<pdop>4.4</pdop>
		</trkpt>
		<trkpt lat="53.235140" lon="34.542757">
			<ele>162.80</ele>
			<time>2017-06-18T08:51:20.90Z</time>
			<pdop>4.2</pdop>
		</trkpt>
		<trkpt lat="53.235135" lon="34.542783">
			<ele>162.35</ele>
			<time>2017-06-18T08:51:29.90Z</time>
			<pdop>3.9</pdop>
		</trkpt>
		<trkpt lat="53.235097" lon="34.542778">
			<ele>161.18</ele>
			<time>2017-06-18T08:51:42.90Z</time>
			<pdop>3.9</pdop>
		</trkpt>
		<trkpt lat="53.235108" lon="34.542775">
			<ele>160.50</ele>
			<time>2017-06-18T08:51:51.90Z</time>
			<pdop>4.5</pdop>
		</trkpt>
		<trkpt lat="53.235112" lon="34.542737">
			<ele>160.40</ele>
			<time>2017-06-18T08:52:01.90Z</time>
			<pdop>4.9</pdop>
		</trkpt>
		<trkpt lat="53.235175" lon="34.542737">
			<ele>161.40</ele>
			<time>2017-06-18T08:52:26.91Z</time>
			<pdop>4.0</pdop>
		</trkpt>
		<trkpt lat="53.235327" lon="34.542795">
			<ele>161.38</ele>
			<time>2017-06-18T08:52:35.94Z</time>
			<pdop>3.8</pdop>
		</trkpt>
		<trkpt lat="53.235470" lon="34.542900">
			<ele>161.84</ele>
			<time>2017-06-18T08:52:45.91Z</time>
			<pdop>3.9</pdop>
		</trkpt>
		<trkpt lat="53.235535" lon="34.542995">
			<ele>162.84</ele>
			<time>2017-06-18T08:52:54.92Z</time>
			<pdop>4.1</pdop>
		</trkpt>
		<trkpt lat="53.235580" lon="34.543018">
			<ele>163.27</ele>
			<time>2017-06-18T08:52:58.08Z</time>
			<pdop>4.5</pdop>
		</trkpt>
		<trkpt lat="53.235595" lon="34.542880">
			<ele>163.59</ele>
			<time>2017-06-18T08:53:07.90Z</time>
			<pdop>5.5</pdop>
		</trkpt>
		<trkpt lat="53.235605" lon="34.542918">
			<ele>163.61</ele>
			<time>2017-06-18T08:53:16.92Z</time>
			<pdop>5.3</pdop>
		</trkpt>
		<trkpt lat="53.235658" lon="34.542992">
			<ele>163.03</ele>
			<time>2017-06-18T08:53:26.91Z</time>
			<pdop>5.3</pdop>
		</trkpt>
		<trkpt lat="53.235635" lon="34.543068">
			<ele>162.33</ele>
			<time>2017-06-18T08:53:35.91Z</time>
			<pdop>5.1</pdop>
		</trkpt>
		<trkpt lat="53.235618" lon="34.543173">
			<ele>161.93</ele>
			<time>2017-06-18T08:53:45.90Z</time>
			<pdop>4.8</pdop>
		</trkpt>
		<trkpt lat="53.235618" lon="34.543232">
			<ele>161.73</ele>
			<time>2017-06-18T08:53:55.90Z</time>
			<pdop>4.2</pdop>
		</trkpt>
		<trkpt lat="53.235625" lon="34.543303">
			<ele>160.14</ele>
			<time>2017-06-18T08:54:04.91Z</time>
			<pdop>4.3</pdop>
		</trkpt>
		<trkpt lat="53.235703" lon="34.543293">
			<ele>160.59</ele>
			<time>2017-06-18T08:54:14.90Z</time>
			<pdop>3.8</pdop>
		</trkpt>
		<trkpt lat="53.235720" lon="34.543298">
			<ele>160.14</ele>
			<time>2017-06-18T08:54:24.90Z</time>
			<pdop>3.7</pdop>
		</trkpt>
		<trkpt lat="53.235780" lon="34.543385">
			<ele>160.49</ele>
			<time>2017-06-18T08:54:34.91Z</time>
			<pdop>4.2</pdop>
		</trkpt>
		<trkpt lat="53.235877" lon="34.543537">
			<ele>160.58</ele>
			<time>2017-06-18T08:54:44.90Z</time>
			<pdop>4.0</pdop>
		</trkpt>
		<trkpt lat="53.235982" lon="34.543622">
			<ele>160.40</ele>
			<time>2017-06-18T08:54:53.91Z</time>
			<pdop>4.1</pdop>
		</trkpt>
		<trkpt lat="53.236100" lon="34.543718">
			<ele>159.64</ele>
			<time>2017-06-18T08:55:03.91Z</time>
			<pdop>4.2</pdop>
		</trkpt>
		<trkpt lat="53.236157" lon="34.543845">
			<ele>159.20</ele>
			<time>2017-06-18T08:55:13.90Z</time>
			<pdop>4.2</pdop>
		</trkpt>
		<trkpt lat="53.236138" lon="34.543832">
			<ele>159.10</ele>
			<time>2017-06-18T08:55:22.91Z</time>
			<pdop>4.6</pdop>
		</trkpt>
		<trkpt lat="53.236135" lon="34.543780">
			<ele>158.43</ele>
			<time>2017-06-18T08:55:31.91Z</time>
			<pdop>4.4</pdop>
		</trkpt>
		<trkpt lat="53.236175" lon="34.543840">
			<ele>157.40</ele>
			<time>2017-06-18T08:55:40.92Z</time>
			<pdop>4.3</pdop>
		</trkpt>
		<trkpt lat="53.236253" lon="34.543840">
			<ele>157.80</ele>
			<time>2017-06-18T08:55:50.90Z</time>
			<pdop>4.5</pdop>
		</trkpt>
		<trkpt lat="53.236345" lon="34.543948">
			<ele>157.48</ele>
			<time>2017-06-18T08:55:59.90Z</time>
			<pdop>4.4</pdop>
		</trkpt>
		<trkpt lat="53.236452" lon="34.544052">
			<ele>157.13</ele>
			<time>2017-06-18T08:56:09.90Z</time>
			<pdop>4.3</pdop>
		</trkpt>
		<trkpt lat="53.236533" lon="34.544188">
			<ele>157.30</ele>
			<time>2017-06-18T08:56:18.90Z</time>
			<pdop>4.4</pdop>
		</trkpt>
		<trkpt lat="53.236600" lon="34.544327">
			<ele>156.71</ele>
			<time>2017-06-18T08:56:28.31Z</time>
			<pdop>4.5</pdop>
		</trkpt>
		<trkpt lat="53.236628" lon="34.544322">
			<ele>156.60</ele>
			<time>2017-06-18T08:56:37.91Z</time>
			<pdop>4.2</pdop>
		</trkpt>
		<trkpt lat="53.236643" lon="34.544403">
			<ele>155.30</ele>
			<time>2017-06-18T08:56:47.90Z</time>
			<pdop>4.1</pdop>
		</trkpt>
		<trkpt lat="53.236737" lon="34.544480">
			<ele>155.00</ele>
			<time>2017-06-18T08:56:57.90Z</time>
			<pdop>4.0</pdop>
		</trkpt>
		<trkpt lat="53.236795" lon="34.544552">
			<ele>155.10</ele>
			<time>2017-06-18T08:57:06.91Z</time>
			<pdop>4.2</pdop>
		</trkpt>
		<trkpt lat="53.236805" lon="34.544690">
			<ele>155.45</ele>
			<time>2017-06-18T08:57:16.90Z</time>
			<pdop>4.5</pdop>
		</trkpt>
		<trkpt lat="53.236835" lon="34.544828">
			<ele>155.30</ele>
			<time>2017-06-18T08:57:26.91Z</time>
			<pdop>4.4</pdop>
		</trkpt>
		<trkpt lat="53.236822" lon="34.544888">
			<ele>155.47</ele>
			<time>2017-06-18T08:57:36.91Z</time>
			<pdop>4.0</pdop>
		</trkpt>
		<trkpt lat="53.236798" lon="34.544832">
			<ele>155.97</ele>
			<time>2017-06-18T08:57:46.90Z</time>
			<pdop>4.3</pdop>
		</trkpt>
		<trkpt lat="53.236712" lon="34.544698">
			<ele>156.49</ele>
			<time>2017-06-18T08:57:56.91Z</time>
			<pdop>4.7</pdop>
		</trkpt>
		<trkpt lat="53.236605" lon="34.544608">
			<ele>156.87</ele>
			<time>2017-06-18T08:58:05.91Z</time>
			<pdop>5.0</pdop>
		</trkpt>
		<trkpt lat="53.236585" lon="34.544608">
			<ele>157.69</ele>
			<time>2017-06-18T08:58:15.90Z</time>
			<pdop>5.0</pdop>
		</trkpt>
		<trkpt lat="53.236512" lon="34.544590">
			<ele>157.51</ele>
			<time>2017-06-18T08:58:25.91Z</time>
			<pdop>5.1</pdop>
		</trkpt>
		<trkpt lat="53.236443" lon="34.544350">
			<ele>156.56</ele>
			<time>2017-06-18T08:58:35.90Z</time>
			<pdop>4.5</pdop>
		</trkpt>
		<trkpt lat="53.236302" lon="34.544215">
			<ele>153.80</ele>
			<time>2017-06-18T08:58:44.91Z</time>
			<pdop>4.5</pdop>
		</trkpt>
		<trkpt lat="53.236248" lon="34.544097">
			<ele>152.43</ele>
			<time>2017-06-18T08:58:54.90Z</time>
			<pdop>4.4</pdop>
		</trkpt>
		<trkpt lat="53.236282" lon="34.544062">
			<ele>152.04</ele>
			<time>2017-06-18T08:59:04.91Z</time>
			<pdop>4.2</pdop>
		</trkpt>
		<trkpt lat="53.236308" lon="34.544085">
			<ele>151.90</ele>
			<time>2017-06-18T08:59:14.90Z</time>
			<pdop>5.0</pdop>
		</trkpt>
		<trkpt lat="53.236308" lon="34.544132">
			<ele>151.70</ele>
			<time>2017-06-18T08:59:23.90Z</time>
			<pdop>4.3</pdop>
		</trkpt>
		<trkpt lat="53.236273" lon="34.544132">
			<ele>150.90</ele>
			<time>2017-06-18T08:59:32.92Z</time>
			<pdop>4.5</pdop>
		</trkpt>
		<trkpt lat="53.236250" lon="34.544158">
			<ele>151.00</ele>
			<time>2017-06-18T08:59:42.90Z</time>
			<pdop>5.5</pdop>
		</trkpt>
		<trkpt lat="53.236250" lon="34.544220">
			<ele>151.20</ele>
			<time>2017-06-18T08:59:53Z</time>
			<pdop>5.1</pdop>
		</trkpt>
		<trkpt lat="53.236290" lon="34.544270">
			<ele>151.30</ele>
			<time>2017-06-18T09:00:00.95Z</time>
			<pdop>6.5</pdop>
		</trkpt>
		<trkpt lat="53.236268" lon="34.544510">
			<ele>151.50</ele>
			<time>2017-06-18T09:00:20.81Z</time>
			<pdop>7.9</pdop>
		</trkpt>
		<trkpt lat="53.236340" lon="34.544642">
			<ele>151.40</ele>
			<time>2017-06-18T09:00:29.90Z</time>
			<pdop>8.2</pdop>
		</trkpt>
		<trkpt lat="53.236432" lon="34.544868">
			<ele>151.11</ele>
			<time>2017-06-18T09:00:38.90Z</time>
			<pdop>7.4</pdop>
		</trkpt>
		<trkpt lat="53.236405" lon="34.544685">
			<ele>153.96</ele>
			<time>2017-06-18T09:01:59.90Z</time>
			<pdop>4.4</pdop>
		</trkpt>
		<trkpt lat="53.236448" lon="34.544610">
			<ele>155.80</ele>
			<time>2017-06-18T09:02:49.24Z</time>
			<pdop>6.1</pdop>
		</trkpt>
		<trkpt lat="53.236540" lon="34.544687">
			<ele>155.31</ele>
			<time>2017-06-18T09:02:59.79Z</time>
			<pdop>5.7</pdop>
		</trkpt>
		<trkpt lat="53.236605" lon="34.544988">
			<ele>154.03</ele>
			<time>2017-06-18T09:03:08.90Z</time>
			<pdop>5.7</pdop>
		</trkpt>
		<trkpt lat="53.236702" lon="34.545088">
			<ele>153.63</ele>
			<time>2017-06-18T09:03:17.92Z</time>
			<pdop>5.6</pdop>
		</trkpt>
		<trkpt lat="53.236663" lon="34.545295">
			<ele>152.93</ele>
			<time>2017-06-18T09:03:27.91Z</time>
			<pdop>5.2</pdop>
		</trkpt>
		<trkpt lat="53.236590" lon="34.545422">
			<ele>152.08</ele>
			<time>2017-06-18T09:03:37.91Z</time>
			<pdop>4.5</pdop>
		</trkpt>
		<trkpt lat="53.236670" lon="34.545488">
			<ele>152.38</ele>
			<time>2017-06-18T09:03:46.91Z</time>
			<pdop>5.0</pdop>
		</trkpt>
		<trkpt lat="53.236658" lon="34.545667">
			<ele>152.52</ele>
			<time>2017-06-18T09:03:56.90Z</time>
			<pdop>4.9</pdop>
		</trkpt>
		<trkpt lat="53.236643" lon="34.545850">
			<ele>152.67</ele>
			<time>2017-06-18T09:04:06.91Z</time>
			<pdop>4.3</pdop>
		</trkpt>
		<trkpt lat="53.236610" lon="34.545950">
			<ele>153.10</ele>
			<time>2017-06-18T09:04:16.91Z</time>
			<pdop>4.2</pdop>
		</trkpt>
		<trkpt lat="53.236607" lon="34.545927">
			<ele>153.20</ele>
			<time>2017-06-18T09:04:26.90Z</time>
			<pdop>4.2</pdop>
		</trkpt>
		<trkpt lat="53.236615" lon="34.545978">
			<ele>153.47</ele>
			<time>2017-06-18T09:04:36.05Z</time>
			<pdop>4.1</pdop>
		</trkpt>
		<trkpt lat="53.236627" lon="34.545893">
			<ele>154.24</ele>
			<time>2017-06-18T09:04:45.90Z</time>
			<pdop>4.0</pdop>
		</trkpt>
		<trkpt lat="53.236623" lon="34.545878">
			<ele>155.58</ele>
			<time>2017-06-18T09:04:55.91Z</time>
			<pdop>4.1</pdop>
		</trkpt>
		<trkpt lat="53.236620" lon="34.545893">
			<ele>155.90</ele>
			<time>2017-06-18T09:05:05.91Z</time>
			<pdop>4.1</pdop>
		</trkpt>
		<trkpt lat="53.236612" lon="34.545975">
			<ele>156.11</ele>
			<time>2017-06-18T09:05:15.90Z</time>
			<pdop>4.3</pdop>
		</trkpt>
		<trkpt lat="53.236647" lon="34.545997">
			<ele>156.70</ele>
			<time>2017-06-18T09:05:25.90Z</time>
			<pdop>4.2</pdop>
		</trkpt>
		<trkpt lat="53.236597" lon="34.546078">
			<ele>156.77</ele>
			<time>2017-06-18T09:05:34.91Z</time>
			<pdop>4.1</pdop>
		</trkpt>
		<trkpt lat="53.236567" lon="34.546188">
			<ele>156.33</ele>
			<time>2017-06-18T09:05:43.91Z</time>
			<pdop>4.2</pdop>
		</trkpt>
		<trkpt lat="53.236510" lon="34.546260">
			<ele>156.20</ele>
			<time>2017-06-18T09:05:53Z</time>
			<pdop>4.5</pdop>
		</trkpt>
		<trkpt lat="53.236480" lon="34.546323">
			<ele>156.30</ele>
			<time>2017-06-18T09:06:02.91Z</time>
			<pdop>4.8</pdop>
		</trkpt>
		<trkpt lat="53.236407" lon="34.546400">
			<ele>156.75</ele>
			<time>2017-06-18T09:06:12.90Z</time>
			<pdop>4.9</pdop>
		</trkpt>
		<trkpt lat="53.236395" lon="34.546415">
			<ele>156.90</ele>
			<time>2017-06-18T09:06:22.91Z</time>
			<pdop>4.8</pdop>
		</trkpt>
		<trkpt lat="53.236317" lon="34.546495">
			<ele>157.37</ele>
			<time>2017-06-18T09:06:31.99Z</time>
			<pdop>4.5</pdop>
		</trkpt>
		<trkpt lat="53.236307" lon="34.546590">
			<ele>156.89</ele>
			<time>2017-06-18T09:06:41.90Z</time>
			<pdop>4.5</pdop>
		</trkpt>
		<trkpt lat="53.236343" lon="34.546720">
			<ele>157.36</ele>
			<time>2017-06-18T09:06:50.91Z</time>
			<pdop>4.4</pdop>
		</trkpt>
		<trkpt lat="53.236322" lon="34.546877">
			<ele>157.60</ele>
			<time>2017-06-18T09:07:00.90Z</time>
			<pdop>4.2</pdop>
		</trkpt>
		<trkpt lat="53.236330" lon="34.547003">
			<ele>157.79</ele>
			<time>2017-06-18T09:07:10.91Z</time>
			<pdop>4.5</pdop>
		</trkpt>
		<trkpt lat="53.236337" lon="34.547103">
			<ele>158.00</ele>
			<time>2017-06-18T09:07:20.91Z</time>
			<pdop>5.3</pdop>
		</trkpt>
		<trkpt lat="53.236297" lon="34.547152">
			<ele>158.00</ele>
			<time>2017-06-18T09:07:29.91Z</time>
			<pdop>5.5</pdop>
		</trkpt>
		<trkpt lat="53.236152" lon="34.547257">
			<ele>157.71</ele>
			<time>2017-06-18T09:07:39.90Z</time>
			<pdop>5.6</pdop>
		</trkpt>
		<trkpt lat="53.236182" lon="34.547412">
			<ele>156.93</ele>
			<time>2017-06-18T09:07:48.90Z</time>
			<pdop>4.9</pdop>
		</trkpt>
		<trkpt lat="53.236243" lon="34.547540">
			<ele>156.50</ele>
			<time>2017-06-18T09:07:57.92Z</time>
			<pdop>4.9</pdop>
		</trkpt>
		<trkpt lat="53.236297" lon="34.547648">
			<ele>156.79</ele>
			<time>2017-06-18T09:08:07.92Z</time>
			<pdop>4.8</pdop>
		</trkpt>
		<trkpt lat="53.236410" lon="34.547735">
			<ele>156.70</ele>
			<time>2017-06-18T09:08:17.90Z</time>
			<pdop>4.8</pdop>
		</trkpt>
		<trkpt lat="53.236505" lon="34.547843">
			<ele>156.53</ele>
			<time>2017-06-18T09:08:26.90Z</time>
			<pdop>4.9</pdop>
		</trkpt>
		<trkpt lat="53.236505" lon="34.547865">
			<ele>157.00</ele>
			<time>2017-06-18T09:08:36.90Z</time>
			<pdop>4.1</pdop>
		</trkpt>
		<trkpt lat="53.236512" lon="34.547847">
			<ele>157.00</ele>
			<time>2017-06-18T09:08:46.91Z</time>
			<pdop>4.0</pdop>
		</trkpt>
		<trkpt lat="53.236547" lon="34.547945">
			<ele>156.43</ele>
			<time>2017-06-18T09:08:56.90Z</time>
			<pdop>4.6</pdop>
		</trkpt>
		<trkpt lat="53.236545" lon="34.548010">
			<ele>156.40</ele>
			<time>2017-06-18T09:09:07.03Z</time>
			<pdop>5.5</pdop>
		</trkpt>
		<trkpt lat="53.236602" lon="34.548150">
			<ele>156.60</ele>
			<time>2017-06-18T09:09:16.34Z</time>
			<pdop>5.8</pdop>
		</trkpt>
		<trkpt lat="53.236607" lon="34.548112">
			<ele>156.50</ele>
			<time>2017-06-18T09:09:25.90Z</time>
			<pdop>6.2</pdop>
		</trkpt>
		<trkpt lat="53.236680" lon="34.548157">
			<ele>155.93</ele>
			<time>2017-06-18T09:09:35.91Z</time>
			<pdop>5.7</pdop>
		</trkpt>
		<trkpt lat="53.236762" lon="34.548242">
			<ele>155.50</ele>
			<time>2017-06-18T09:09:45.90Z</time>
			<pdop>5.5</pdop>
		</trkpt>
		<trkpt lat="53.236772" lon="34.548327">
			<ele>154.90</ele>
			<time>2017-06-18T09:09:54.91Z</time>
			<pdop>4.8</pdop>
		</trkpt>
		<trkpt lat="53.236777" lon="34.548407">
			<ele>155.20</ele>
			<time>2017-06-18T09:10:04.93Z</time>
			<pdop>5.3</pdop>
		</trkpt>
		<trkpt lat="53.236825" lon="34.548558">
			<ele>155.99</ele>
			<time>2017-06-18T09:10:14.90Z</time>
			<pdop>5.1</pdop>
		</trkpt>
		<trkpt lat="53.236798" lon="34.548685">
			<ele>156.77</ele>
			<time>2017-06-18T09:10:24.90Z</time>
			<pdop>5.2</pdop>
		</trkpt>
		<trkpt lat="53.236777" lon="34.548792">
			<ele>157.17</ele>
			<time>2017-06-18T09:10:33.90Z</time>
			<pdop>4.9</pdop>
		</trkpt>
		<trkpt lat="53.236758" lon="34.548913">
			<ele>157.40</ele>
			<time>2017-06-18T09:10:42.91Z</time>
			<pdop>5.0</pdop>
		</trkpt>
		<trkpt lat="53.236772" lon="34.549300">
			<ele>159.03</ele>
			<time>2017-06-18T09:11:41.90Z</time>
			<pdop>4.8</pdop>
		</trkpt>
		<trkpt lat="53.236682" lon="34.549430">
			<ele>158.89</ele>
			<time>2017-06-18T09:11:50.91Z</time>
			<pdop>4.9</pdop>
		</trkpt>
		<trkpt lat="53.236662" lon="34.549500">
			<ele>158.60</ele>
			<time>2017-06-18T09:12:00.91Z</time>
			<pdop>5.1</pdop>
		</trkpt>
		<trkpt lat="53.236630" lon="34.549462">
			<ele>158.30</ele>
			<time>2017-06-18T09:12:09.93Z</time>
			<pdop>5.2</pdop>
		</trkpt>
		<trkpt lat="53.236615" lon="34.549500">
			<ele>156.89</ele>
			<time>2017-06-18T09:12:19.91Z</time>
			<pdop>4.5</pdop>
		</trkpt>
		<trkpt lat="53.236573" lon="34.549592">
			<ele>155.90</ele>
			<time>2017-06-18T09:12:28.91Z</time>
			<pdop>4.8</pdop>
		</trkpt>
		<trkpt lat="53.236553" lon="34.549702">
			<ele>155.70</ele>
			<time>2017-06-18T09:12:38.91Z</time>
			<pdop>5.2</pdop>
		</trkpt>
		<trkpt lat="53.236403" lon="34.549725">
			<ele>155.60</ele>
			<time>2017-06-18T09:12:48.90Z</time>
			<pdop>5.3</pdop>
		</trkpt>
		<trkpt lat="53.236483" lon="34.549815">
			<ele>155.57</ele>
			<time>2017-06-18T09:13:26.91Z</time>
			<pdop>5.9</pdop>
		</trkpt>
		<trkpt lat="53.236462" lon="34.549963">
			<ele>155.61</ele>
			<time>2017-06-18T09:13:36.90Z</time>
			<pdop>5.5</pdop>
		</trkpt>
		<trkpt lat="53.236407" lon="34.550053">
			<ele>155.60</ele>
			<time>2017-06-18T09:13:46.91Z</time>
			<pdop>5.9</pdop>
		</trkpt>
		<trkpt lat="53.236378" lon="34.550088">
			<ele>155.33</ele>
			<time>2017-06-18T09:14:05.91Z</time>
			<pdop>7.6</pdop>
		</trkpt>
		<trkpt lat="53.236118" lon="34.550142">
			<ele>155.23</ele>
			<time>2017-06-18T09:14:27.91Z</time>
			<pdop>9.8</pdop>
		</trkpt>
		<trkpt lat="53.236495" lon="34.550180">
			<ele>155.20</ele>
			<time>2017-06-18T09:14:37.90Z</time>
			<pdop>8.3</pdop>
		</trkpt>
		<trkpt lat="53.236530" lon="34.550218">
			<ele>155.30</ele>
			<time>2017-06-18T09:14:46.91Z</time>
			<pdop>5.6</pdop>
		</trkpt>
		<trkpt lat="53.236527" lon="34.550332">
			<ele>155.40</ele>
			<time>2017-06-18T09:14:55.91Z</time>
			<pdop>5.3</pdop>
		</trkpt>
		<trkpt lat="53.236487" lon="34.550352">
			<ele>155.30</ele>
			<time>2017-06-18T09:15:04.91Z</time>
			<pdop>5.1</pdop>
		</trkpt>
		<trkpt lat="53.236495" lon="34.550408">
			<ele>155.30</ele>
			<time>2017-06-18T09:15:14.91Z</time>
			<pdop>5.5</pdop>
		</trkpt>
		<trkpt lat="53.236520" lon="34.550547">
			<ele>155.50</ele>
			<time>2017-06-18T09:15:24.90Z</time>
			<pdop>5.5</pdop>
		</trkpt>
		<trkpt lat="53.236507" lon="34.550703">
			<ele>155.59</ele>
			<time>2017-06-18T09:15:34.90Z</time>
			<pdop>5.7</pdop>
		</trkpt>
		<trkpt lat="53.236575" lon="34.550808">
			<ele>156.29</ele>
			<time>2017-06-18T09:15:43.90Z</time>
			<pdop>5.2</pdop>
		</trkpt>
		<trkpt lat="53.236620" lon="34.550903">
			<ele>156.89</ele>
			<time>2017-06-18T09:15:53.90Z</time>
			<pdop>5.5</pdop>
		</trkpt>
		<trkpt lat="53.236672" lon="34.550988">
			<ele>157.27</ele>
			<time>2017-06-18T09:16:02.91Z</time>
			<pdop>5.4</pdop>
		</trkpt>
		<trkpt lat="53.236667" lon="34.551148">
			<ele>157.47</ele>
			<time>2017-06-18T09:16:12.90Z</time>
			<pdop>5.3</pdop>
		</trkpt>
		<trkpt lat="53.236637" lon="34.551305">
			<ele>157.70</ele>
			<time>2017-06-18T09:16:21.92Z</time>
			<pdop>4.8</pdop>
		</trkpt>
		<trkpt lat="53.236630" lon="34.551468">
			<ele>157.97</ele>
			<time>2017-06-18T09:16:31.92Z</time>
			<pdop>4.5</pdop>
		</trkpt>
		<trkpt lat="53.236610" lon="34.551715">
			<ele>157.67</ele>
			<time>2017-06-18T09:16:41.91Z</time>
			<pdop>4.1</pdop>
		</trkpt>
		<trkpt lat="53.236543" lon="34.551905">
			<ele>158.39</ele>
			<time>2017-06-18T09:16:51.90Z</time>
			<pdop>4.3</pdop>
		</trkpt>
		<trkpt lat="53.236550" lon="34.551942">
			<ele>158.80</ele>
			<time>2017-06-18T09:17:00.90Z</time>
			<pdop>4.2</pdop>
		</trkpt>
		<trkpt lat="53.236548" lon="34.552045">
			<ele>159.16</ele>
			<time>2017-06-18T09:17:10.91Z</time>
			<pdop>4.0</pdop>
		</trkpt>
		<trkpt lat="53.236515" lon="34.552208">
			<ele>159.89</ele>
			<time>2017-06-18T09:17:20.91Z</time>
			<pdop>3.8</pdop>
		</trkpt>
		<trkpt lat="53.236512" lon="34.552437">
			<ele>159.07</ele>
			<time>2017-06-18T09:17:30.91Z</time>
			<pdop>3.9</pdop>
		</trkpt>
		<trkpt lat="53.236497" lon="34.552542">
			<ele>157.49</ele>
			<time>2017-06-18T09:17:40.91Z</time>
			<pdop>4.0</pdop>
		</trkpt>
		<trkpt lat="53.236405" lon="34.552723">
			<ele>155.27</ele>
			<time>2017-06-18T09:17:50.90Z</time>
			<pdop>3.9</pdop>
		</trkpt>
		<trkpt lat="53.236362" lon="34.552890">
			<ele>154.15</ele>
			<time>2017-06-18T09:17:59.90Z</time>
			<pdop>4.0</pdop>
		</trkpt>
		<trkpt lat="53.236362" lon="34.553043">
			<ele>153.11</ele>
			<time>2017-06-18T09:18:09.90Z</time>
			<pdop>4.1</pdop>
		</trkpt>
		<trkpt lat="53.236310" lon="34.553173">
			<ele>152.08</ele>
			<time>2017-06-18T09:18:19.15Z</time>
			<pdop>3.9</pdop>
		</trkpt>
		<trkpt lat="53.236270" lon="34.553207">
			<ele>150.61</ele>
			<time>2017-06-18T09:18:28.91Z</time>
			<pdop>4.1</pdop>
		</trkpt>
		<trkpt lat="53.236328" lon="34.553372">
			<ele>148.86</ele>
			<time>2017-06-18T09:18:38.91Z</time>
			<pdop>4.1</pdop>
		</trkpt>
		<trkpt lat="53.236308" lon="34.553537">
			<ele>146.86</ele>
			<time>2017-06-18T09:18:48.92Z</time>
			<pdop>4.0</pdop>
		</trkpt>
		<trkpt lat="53.236283" lon="34.553693">
			<ele>146.23</ele>
			<time>2017-06-18T09:18:58.96Z</time>
			<pdop>4.2</pdop>
		</trkpt>
		<trkpt lat="53.236312" lon="34.553757">
			<ele>145.99</ele>
			<time>2017-06-18T09:19:06.90Z</time>
			<pdop>4.6</pdop>
		</trkpt>
		<trkpt lat="53.236318" lon="34.553720">
			<ele>146.01</ele>
			<time>2017-06-18T09:19:15.91Z</time>
			<pdop>5.3</pdop>
		</trkpt>
		<trkpt lat="53.236340" lon="34.553785">
			<ele>145.70</ele>
			<time>2017-06-18T09:19:25.91Z</time>
			<pdop>5.1</pdop>
		</trkpt>
		<trkpt lat="53.236322" lon="34.554053">
			<ele>145.63</ele>
			<time>2017-06-18T09:19:35.90Z</time>
			<pdop>5.0</pdop>
		</trkpt>
		<trkpt lat="53.236230" lon="34.554112">
			<ele>144.91</ele>
			<time>2017-06-18T09:19:45.90Z</time>
			<pdop>5.7</pdop>
		</trkpt>
		<trkpt lat="53.236235" lon="34.553975">
			<ele>144.21</ele>
			<time>2017-06-18T09:19:54.90Z</time>
			<pdop>5.8</pdop>
		</trkpt>
		<trkpt lat="53.236208" lon="34.554010">
			<ele>143.70</ele>
			<time>2017-06-18T09:20:04.91Z</time>
			<pdop>6.0</pdop>
		</trkpt>
		<trkpt lat="53.236202" lon="34.554110">
			<ele>143.60</ele>
			<time>2017-06-18T09:20:14.90Z</time>
			<pdop>5.1</pdop>
		</trkpt>
		<trkpt lat="53.236145" lon="34.554355">
			<ele>143.43</ele>
			<time>2017-06-18T09:20:23.90Z</time>
			<pdop>4.8</pdop>
		</trkpt>
		<trkpt lat="53.236047" lon="34.554510">
			<ele>143.11</ele>
			<time>2017-06-18T09:20:32.90Z</time>
			<pdop>5.1</pdop>
		</trkpt>
		<trkpt lat="53.235937" lon="34.554797">
			<ele>142.61</ele>
			<time>2017-06-18T09:20:42.90Z</time>
			<pdop>5.4</pdop>
		</trkpt>
		<trkpt lat="53.235913" lon="34.554877">
			<ele>142.72</ele>
			<time>2017-06-18T09:20:52.91Z</time>
			<pdop>5.4</pdop>
		</trkpt>
		<trkpt lat="53.235852" lon="34.554988">
			<ele>142.60</ele>
			<time>2017-06-18T09:21:02.91Z</time>
			<pdop>5.1</pdop>
		</trkpt>
		<trkpt lat="53.235738" lon="34.555133">
			<ele>142.30</ele>
			<time>2017-06-18T09:21:12.91Z</time>
			<pdop>4.8</pdop>
		</trkpt>
		<trkpt lat="53.235663" lon="34.555228">
			<ele>142.57</ele>
			<time>2017-06-18T09:21:22.90Z</time>
			<pdop>4.8</pdop>
		</trkpt>
		<trkpt lat="53.235615" lon="34.555365">
			<ele>142.83</ele>
			<time>2017-06-18T09:21:32.90Z</time>
			<pdop>4.4</pdop>
		</trkpt>
		<trkpt lat="53.235620" lon="34.555515">
			<ele>142.53</ele>
			<time>2017-06-18T09:21:42.91Z</time>
			<pdop>4.3</pdop>
		</trkpt>
		<trkpt lat="53.235528" lon="34.555585">
			<ele>142.37</ele>
			<time>2017-06-18T09:21:52.90Z</time>
			<pdop>4.0</pdop>
		</trkpt>
		<trkpt lat="53.235435" lon="34.555733">
			<ele>142.87</ele>
			<time>2017-06-18T09:22:02.90Z</time>
			<pdop>4.3</pdop>
		</trkpt>
		<trkpt lat="53.235340" lon="34.555840">
			<ele>143.10</ele>
			<time>2017-06-18T09:22:11.90Z</time>
			<pdop>4.4</pdop>
		</trkpt>
		<trkpt lat="53.235318" lon="34.556000">
			<ele>143.39</ele>
			<time>2017-06-18T09:22:20.91Z</time>
			<pdop>4.4</pdop>
		</trkpt>
		<trkpt lat="53.235372" lon="34.556105">
			<ele>143.50</ele>
			<time>2017-06-18T09:22:30.90Z</time>
			<pdop>4.5</pdop>
		</trkpt>
		<trkpt lat="53.235403" lon="34.556278">
			<ele>143.60</ele>
			<time>2017-06-18T09:22:40.91Z</time>
			<pdop>4.8</pdop>
		</trkpt>
		<trkpt lat="53.235422" lon="34.556423">
			<ele>143.99</ele>
			<time>2017-06-18T09:22:50.90Z</time>
			<pdop>5.0</pdop>
		</trkpt>
		<trkpt lat="53.235458" lon="34.556633">
			<ele>143.46</ele>
			<time>2017-06-18T09:22:59.91Z</time>
			<pdop>4.7</pdop>
		</trkpt>
		<trkpt lat="53.235517" lon="34.556690">
			<ele>143.59</ele>
			<time>2017-06-18T09:23:08.92Z</time>
			<pdop>4.8</pdop>
		</trkpt>
		<trkpt lat="53.235525" lon="34.556745">
			<ele>144.16</ele>
			<time>2017-06-18T09:23:18.90Z</time>
			<pdop>4.8</pdop>
		</trkpt>
		<trkpt lat="53.235517" lon="34.556873">
			<ele>144.59</ele>
			<time>2017-06-18T09:23:27.91Z</time>
			<pdop>5.0</pdop>
		</trkpt>
		<trkpt lat="53.235552" lon="34.557070">
			<ele>144.82</ele>
			<time>2017-06-18T09:23:36.91Z</time>
			<pdop>4.8</pdop>
		</trkpt>
		<trkpt lat="53.235588" lon="34.557250">
			<ele>144.70</ele>
			<time>2017-06-18T09:23:46.92Z</time>
			<pdop>4.5</pdop>
		</trkpt>
		<trkpt lat="53.235607" lon="34.557467">
			<ele>145.69</ele>
			<time>2017-06-18T09:23:56.91Z</time>
			<pdop>4.2</pdop>
		</trkpt>
		<trkpt lat="53.235613" lon="34.557630">
			<ele>146.66</ele>
			<time>2017-06-18T09:24:06.92Z</time>
			<pdop>3.9</pdop>
		</trkpt>
		<trkpt lat="53.235650" lon="34.557833">
			<ele>147.47</ele>
			<time>2017-06-18T09:24:16.90Z</time>
			<pdop>4.1</pdop>
		</trkpt>
		<trkpt lat="53.235717" lon="34.557957">
			<ele>147.89</ele>
			<time>2017-06-18T09:24:25.91Z</time>
			<pdop>4.2</pdop>
		</trkpt>
		<trkpt lat="53.235808" lon="34.558068">
			<ele>147.78</ele>
			<time>2017-06-18T09:24:35.90Z</time>
			<pdop>4.4</pdop>
		</trkpt>
		<trkpt lat="53.235878" lon="34.558295">
			<ele>147.80</ele>
			<time>2017-06-18T09:24:45.91Z</time>
			<pdop>4.0</pdop>
		</trkpt>
		<trkpt lat="53.235875" lon="34.558382">
			<ele>147.52</ele>
			<time>2017-06-18T09:24:54.91Z</time>
			<pdop>3.8</pdop>
		</trkpt>
		<extensions>
			<gte:name>памятник Военнный госпиталь — Плотина</gte:name>
			<gte:color>#00ce00</gte:color>
		</extensions>
	</trkseg>
	<trkseg>
		<trkpt lat="53.235853" lon="34.558367">
			<ele>147.50</ele>
			<time>2017-06-18T09:25:03.91Z</time>
			<pdop>5.6</pdop>
		</trkpt>
		<trkpt lat="53.235800" lon="34.558272">
			<ele>146.73</ele>
			<time>2017-06-18T09:25:42.90Z</time>
			<pdop>5.9</pdop>
		</trkpt>
		<trkpt lat="53.235727" lon="34.558372">
			<ele>146.01</ele>
			<time>2017-06-18T09:25:51.91Z</time>
			<pdop>5.9</pdop>
		</trkpt>
		<trkpt lat="53.235618" lon="34.558490">
			<ele>145.31</ele>
			<time>2017-06-18T09:26:01.90Z</time>
			<pdop>6.1</pdop>
		</trkpt>
		<trkpt lat="53.235590" lon="34.558522">
			<ele>144.93</ele>
			<time>2017-06-18T09:26:10.91Z</time>
			<pdop>6.9</pdop>
		</trkpt>
		<trkpt lat="53.235525" lon="34.558227">
			<ele>143.91</ele>
			<time>2017-06-18T09:26:29.90Z</time>
			<pdop>4.6</pdop>
		</trkpt>
		<trkpt lat="53.235572" lon="34.558518">
			<ele>143.50</ele>
			<time>2017-06-18T09:26:48.90Z</time>
			<pdop>4.5</pdop>
		</trkpt>
		<trkpt lat="53.235565" lon="34.558717">
			<ele>142.70</ele>
			<time>2017-06-18T09:26:57.91Z</time>
			<pdop>4.5</pdop>
		</trkpt>
		<trkpt lat="53.235527" lon="34.558993">
			<ele>142.80</ele>
			<time>2017-06-18T09:27:06.91Z</time>
			<pdop>4.6</pdop>
		</trkpt>
		<trkpt lat="53.235493" lon="34.559110">
			<ele>142.83</ele>
			<time>2017-06-18T09:27:16.91Z</time>
			<pdop>4.4</pdop>
		</trkpt>
		<trkpt lat="53.235498" lon="34.559178">
			<ele>142.70</ele>
			<time>2017-06-18T09:27:26.90Z</time>
			<pdop>4.6</pdop>
		</trkpt>
		<trkpt lat="53.235465" lon="34.559257">
			<ele>142.87</ele>
			<time>2017-06-18T09:27:36.90Z</time>
			<pdop>4.7</pdop>
		</trkpt>
		<trkpt lat="53.235425" lon="34.559382">
			<ele>143.37</ele>
			<time>2017-06-18T09:27:46.91Z</time>
			<pdop>4.8</pdop>
		</trkpt>
		<trkpt lat="53.235445" lon="34.559507">
			<ele>144.09</ele>
			<time>2017-06-18T09:27:56.90Z</time>
			<pdop>4.7</pdop>
		</trkpt>
		<trkpt lat="53.235403" lon="34.559502">
			<ele>144.54</ele>
			<time>2017-06-18T09:28:06.91Z</time>
			<pdop>4.7</pdop>
		</trkpt>
		<trkpt lat="53.235337" lon="34.559528">
			<ele>144.80</ele>
			<time>2017-06-18T09:28:16.91Z</time>
			<pdop>4.8</pdop>
		</trkpt>
		<trkpt lat="53.235292" lon="34.559652">
			<ele>145.56</ele>
			<time>2017-06-18T09:28:26.92Z</time>
			<pdop>5.3</pdop>
		</trkpt>
		<trkpt lat="53.235307" lon="34.559757">
			<ele>146.37</ele>
			<time>2017-06-18T09:28:36.91Z</time>
			<pdop>6.1</pdop>
		</trkpt>
		<trkpt lat="53.235227" lon="34.559715">
			<ele>146.62</ele>
			<time>2017-06-18T09:28:46.91Z</time>
			<pdop>5.9</pdop>
		</trkpt>
		<trkpt lat="53.235100" lon="34.559712">
			<ele>146.70</ele>
			<time>2017-06-18T09:28:55.91Z</time>
			<pdop>5.7</pdop>
		</trkpt>
		<trkpt lat="53.234992" lon="34.559782">
			<ele>146.97</ele>
			<time>2017-06-18T09:29:04.92Z</time>
			<pdop>5.2</pdop>
		</trkpt>
		<trkpt lat="53.234942" lon="34.559795">
			<ele>146.83</ele>
			<time>2017-06-18T09:29:14.90Z</time>
			<pdop>5.3</pdop>
		</trkpt>
		<trkpt lat="53.234830" lon="34.559888">
			<ele>146.30</ele>
			<time>2017-06-18T09:29:23.91Z</time>
			<pdop>5.2</pdop>
		</trkpt>
		<trkpt lat="53.234700" lon="34.559910">
			<ele>146.03</ele>
			<time>2017-06-18T09:29:33.94Z</time>
			<pdop>5.0</pdop>
		</trkpt>
		<trkpt lat="53.234643" lon="34.559827">
			<ele>145.90</ele>
			<time>2017-06-18T09:29:43.90Z</time>
			<pdop>4.9</pdop>
		</trkpt>
		<trkpt lat="53.234678" lon="34.559812">
			<ele>145.43</ele>
			<time>2017-06-18T09:29:52.90Z</time>
			<pdop>5.4</pdop>
		</trkpt>
		<trkpt lat="53.234653" lon="34.559813">
			<ele>145.03</ele>
			<time>2017-06-18T09:30:01.95Z</time>
			<pdop>5.8</pdop>
		</trkpt>
		<trkpt lat="53.234617" lon="34.559895">
			<ele>145.01</ele>
			<time>2017-06-18T09:30:11.90Z</time>
			<pdop>5.7</pdop>
		</trkpt>
		<trkpt lat="53.234548" lon="34.559907">
			<ele>145.10</ele>
			<time>2017-06-18T09:30:20.98Z</time>
			<pdop>5.6</pdop>
		</trkpt>
		<trkpt lat="53.234550" lon="34.560098">
			<ele>145.08</ele>
			<time>2017-06-18T09:30:30.09Z</time>
			<pdop>5.3</pdop>
		</trkpt>
		<trkpt lat="53.234517" lon="34.560277">
			<ele>145.20</ele>
			<time>2017-06-18T09:30:39.90Z</time>
			<pdop>4.9</pdop>
		</trkpt>
		<trkpt lat="53.234540" lon="34.560472">
			<ele>145.11</ele>
			<time>2017-06-18T09:30:48.90Z</time>
			<pdop>4.6</pdop>
		</trkpt>
		<trkpt lat="53.234562" lon="34.560633">
			<ele>144.80</ele>
			<time>2017-06-18T09:30:58.90Z</time>
			<pdop>4.5</pdop>
		</trkpt>
		<trkpt lat="53.234548" lon="34.560860">
			<ele>144.78</ele>
			<time>2017-06-18T09:31:08.90Z</time>
			<pdop>4.3</pdop>
		</trkpt>
		<trkpt lat="53.234567" lon="34.561033">
			<ele>144.73</ele>
			<time>2017-06-18T09:31:17.90Z</time>
			<pdop>4.4</pdop>
		</trkpt>
		<trkpt lat="53.234565" lon="34.561078">
			<ele>144.62</ele>
			<time>2017-06-18T09:31:27.92Z</time>
			<pdop>5.3</pdop>
		</trkpt>
		<trkpt lat="53.234580" lon="34.561045">
			<ele>144.48</ele>
			<time>2017-06-18T09:31:37.91Z</time>
			<pdop>6.0</pdop>
		</trkpt>
		<trkpt lat="53.234592" lon="34.561230">
			<ele>144.52</ele>
			<time>2017-06-18T09:31:47.98Z</time>
			<pdop>4.7</pdop>
		</trkpt>
		<trkpt lat="53.234600" lon="34.561312">
			<ele>143.73</ele>
			<time>2017-06-18T09:31:57.30Z</time>
			<pdop>4.8</pdop>
		</trkpt>
		<trkpt lat="53.234575" lon="34.561473">
			<ele>143.03</ele>
			<time>2017-06-18T09:32:07.19Z</time>
			<pdop>4.9</pdop>
		</trkpt>
		<trkpt lat="53.234603" lon="34.561552">
			<ele>142.53</ele>
			<time>2017-06-18T09:32:16.99Z</time>
			<pdop>5.2</pdop>
		</trkpt>
		<trkpt lat="53.234642" lon="34.561688">
			<ele>141.73</ele>
			<time>2017-06-18T09:32:26.90Z</time>
			<pdop>5.6</pdop>
		</trkpt>
		<trkpt lat="53.234665" lon="34.561828">
			<ele>140.93</ele>
			<time>2017-06-18T09:32:35.91Z</time>
			<pdop>5.3</pdop>
		</trkpt>
		<trkpt lat="53.234740" lon="34.562012">
			<ele>140.21</ele>
			<time>2017-06-18T09:32:45.90Z</time>
			<pdop>5.5</pdop>
		</trkpt>
		<trkpt lat="53.234838" lon="34.562222">
			<ele>139.53</ele>
			<time>2017-06-18T09:32:55.90Z</time>
			<pdop>5.3</pdop>
		</trkpt>
		<trkpt lat="53.234880" lon="34.562333">
			<ele>138.63</ele>
			<time>2017-06-18T09:33:04.91Z</time>
			<pdop>5.1</pdop>
		</trkpt>
		<trkpt lat="53.234920" lon="34.562570">
			<ele>138.49</ele>
			<time>2017-06-18T09:33:13.91Z</time>
			<pdop>5.7</pdop>
		</trkpt>
		<trkpt lat="53.235023" lon="34.562737">
			<ele>138.70</ele>
			<time>2017-06-18T09:33:23.90Z</time>
			<pdop>5.8</pdop>
		</trkpt>
		<trkpt lat="53.235025" lon="34.562838">
			<ele>138.70</ele>
			<time>2017-06-18T09:33:32.90Z</time>
			<pdop>5.9</pdop>
		</trkpt>
		<trkpt lat="53.235015" lon="34.563037">
			<ele>138.80</ele>
			<time>2017-06-18T09:33:41.91Z</time>
			<pdop>5.4</pdop>
		</trkpt>
		<trkpt lat="53.235023" lon="34.563262">
			<ele>138.99</ele>
			<time>2017-06-18T09:33:51.90Z</time>
			<pdop>5.1</pdop>
		</trkpt>
		<trkpt lat="53.234988" lon="34.563527">
			<ele>139.30</ele>
			<time>2017-06-18T09:34:01.90Z</time>
			<pdop>4.7</pdop>
		</trkpt>
		<trkpt lat="53.234897" lon="34.563810">
			<ele>140.26</ele>
			<time>2017-06-18T09:34:11.90Z</time>
			<pdop>4.3</pdop>
		</trkpt>
		<trkpt lat="53.234807" lon="34.563975">
			<ele>141.54</ele>
			<time>2017-06-18T09:34:21.90Z</time>
			<pdop>4.2</pdop>
		</trkpt>
		<trkpt lat="53.234715" lon="34.564058">
			<ele>142.74</ele>
			<time>2017-06-18T09:34:32.07Z</time>
			<pdop>4.2</pdop>
		</trkpt>
		<trkpt lat="53.234655" lon="34.564270">
			<ele>144.54</ele>
			<time>2017-06-18T09:34:41.90Z</time>
			<pdop>4.0</pdop>
		</trkpt>
		<trkpt lat="53.234627" lon="34.564357">
			<ele>145.94</ele>
			<time>2017-06-18T09:34:51.26Z</time>
			<pdop>4.5</pdop>
		</trkpt>
		<trkpt lat="53.234638" lon="34.564407">
			<ele>146.89</ele>
			<time>2017-06-18T09:35:00.99Z</time>
			<pdop>4.3</pdop>
		</trkpt>
		<trkpt lat="53.234597" lon="34.564413">
			<ele>148.94</ele>
			<time>2017-06-18T09:35:10.91Z</time>
			<pdop>4.8</pdop>
		</trkpt>
		<trkpt lat="53.234618" lon="34.564570">
			<ele>149.40</ele>
			<time>2017-06-18T09:35:20.90Z</time>
			<pdop>5.0</pdop>
		</trkpt>
		<trkpt lat="53.234682" lon="34.564725">
			<ele>149.20</ele>
			<time>2017-06-18T09:35:29.92Z</time>
			<pdop>5.0</pdop>
		</trkpt>
		<trkpt lat="53.234760" lon="34.564888">
			<ele>149.59</ele>
			<time>2017-06-18T09:35:39.90Z</time>
			<pdop>4.8</pdop>
		</trkpt>
		<trkpt lat="53.234832" lon="34.565093">
			<ele>149.97</ele>
			<time>2017-06-18T09:35:48.91Z</time>
			<pdop>4.7</pdop>
		</trkpt>
		<trkpt lat="53.234870" lon="34.565247">
			<ele>150.57</ele>
			<time>2017-06-18T09:35:58.91Z</time>
			<pdop>5.0</pdop>
		</trkpt>
		<trkpt lat="53.234960" lon="34.565383">
			<ele>151.47</ele>
			<time>2017-06-18T09:36:07.91Z</time>
			<pdop>5.2</pdop>
		</trkpt>
		<trkpt lat="53.235042" lon="34.565545">
			<ele>152.59</ele>
			<time>2017-06-18T09:36:17.90Z</time>
			<pdop>4.9</pdop>
		</trkpt>
		<trkpt lat="53.235008" lon="34.565620">
			<ele>152.82</ele>
			<time>2017-06-18T09:36:26.91Z</time>
			<pdop>4.8</pdop>
		</trkpt>
		<trkpt lat="53.234998" lon="34.565607">
			<ele>152.82</ele>
			<time>2017-06-18T09:36:36.90Z</time>
			<pdop>4.8</pdop>
		</trkpt>
		<trkpt lat="53.235055" lon="34.565705">
			<ele>152.70</ele>
			<time>2017-06-18T09:36:46.67Z</time>
			<pdop>5.1</pdop>
		</trkpt>
		<trkpt lat="53.235188" lon="34.565808">
			<ele>152.20</ele>
			<time>2017-06-18T09:36:55.90Z</time>
			<pdop>5.0</pdop>
		</trkpt>
		<trkpt lat="53.235282" lon="34.565862">
			<ele>152.30</ele>
			<time>2017-06-18T09:37:05.91Z</time>
			<pdop>5.1</pdop>
		</trkpt>
		<trkpt lat="53.235388" lon="34.565967">
			<ele>152.67</ele>
			<time>2017-06-18T09:37:14.92Z</time>
			<pdop>4.6</pdop>
		</trkpt>
		<trkpt lat="53.235385" lon="34.566057">
			<ele>152.69</ele>
			<time>2017-06-18T09:37:24.90Z</time>
			<pdop>4.3</pdop>
		</trkpt>
		<trkpt lat="53.235460" lon="34.566068">
			<ele>152.58</ele>
			<time>2017-06-18T09:37:34.91Z</time>
			<pdop>3.9</pdop>
		</trkpt>
		<trkpt lat="53.235538" lon="34.566128">
			<ele>153.07</ele>
			<time>2017-06-18T09:37:43.91Z</time>
			<pdop>4.2</pdop>
		</trkpt>
		<trkpt lat="53.235562" lon="34.566158">
			<ele>153.03</ele>
			<time>2017-06-18T09:37:52.91Z</time>
			<pdop>4.7</pdop>
		</trkpt>
		<trkpt lat="53.235568" lon="34.566303">
			<ele>152.99</ele>
			<time>2017-06-18T09:38:02.90Z</time>
			<pdop>4.1</pdop>
		</trkpt>
		<trkpt lat="53.235523" lon="34.566350">
			<ele>152.43</ele>
			<time>2017-06-18T09:38:12.90Z</time>
			<pdop>3.8</pdop>
		</trkpt>
		<trkpt lat="53.235468" lon="34.566500">
			<ele>152.10</ele>
			<time>2017-06-18T09:38:21.91Z</time>
			<pdop>4.0</pdop>
		</trkpt>
		<trkpt lat="53.235443" lon="34.566662">
			<ele>151.50</ele>
			<time>2017-06-18T09:38:30.91Z</time>
			<pdop>4.1</pdop>
		</trkpt>
		<trkpt lat="53.235408" lon="34.566823">
			<ele>151.13</ele>
			<time>2017-06-18T09:38:40.92Z</time>
			<pdop>4.3</pdop>
		</trkpt>
		<trkpt lat="53.235413" lon="34.566983">
			<ele>150.74</ele>
			<time>2017-06-18T09:38:50.90Z</time>
			<pdop>4.4</pdop>
		</trkpt>
		<trkpt lat="53.235453" lon="34.567187">
			<ele>150.11</ele>
			<time>2017-06-18T09:39:01.45Z</time>
			<pdop>4.8</pdop>
		</trkpt>
		<trkpt lat="53.235447" lon="34.567223">
			<ele>150.30</ele>
			<time>2017-06-18T09:39:10.91Z</time>
			<pdop>4.8</pdop>
		</trkpt>
		<trkpt lat="53.235393" lon="34.567382">
			<ele>150.80</ele>
			<time>2017-06-18T09:39:20.90Z</time>
			<pdop>4.5</pdop>
		</trkpt>
		<trkpt lat="53.235507" lon="34.567502">
			<ele>149.95</ele>
			<time>2017-06-18T09:39:30.90Z</time>
			<pdop>4.4</pdop>
		</trkpt>
		<trkpt lat="53.235523" lon="34.567732">
			<ele>149.87</ele>
			<time>2017-06-18T09:39:41.25Z</time>
			<pdop>4.6</pdop>
		</trkpt>
		<trkpt lat="53.235605" lon="34.567898">
			<ele>150.29</ele>
			<time>2017-06-18T09:39:50.91Z</time>
			<pdop>4.4</pdop>
		</trkpt>
		<trkpt lat="53.235660" lon="34.568058">
			<ele>150.12</ele>
			<time>2017-06-18T09:40:00.96Z</time>
			<pdop>4.7</pdop>
		</trkpt>
		<trkpt lat="53.235617" lon="34.568235">
			<ele>150.09</ele>
			<time>2017-06-18T09:40:10.90Z</time>
			<pdop>4.4</pdop>
		</trkpt>
		<trkpt lat="53.235535" lon="34.568487">
			<ele>150.42</ele>
			<time>2017-06-18T09:40:20.90Z</time>
			<pdop>4.0</pdop>
		</trkpt>
		<trkpt lat="53.235480" lon="34.568530">
			<ele>150.77</ele>
			<time>2017-06-18T09:40:29.90Z</time>
			<pdop>4.5</pdop>
		</trkpt>
		<trkpt lat="53.235452" lon="34.568602">
			<ele>150.73</ele>
			<time>2017-06-18T09:40:38.90Z</time>
			<pdop>4.3</pdop>
		</trkpt>
		<trkpt lat="53.235385" lon="34.568710">
			<ele>150.23</ele>
			<time>2017-06-18T09:40:47.91Z</time>
			<pdop>4.3</pdop>
		</trkpt>
		<trkpt lat="53.235265" lon="34.568812">
			<ele>150.10</ele>
			<time>2017-06-18T09:40:57.91Z</time>
			<pdop>4.0</pdop>
		</trkpt>
		<trkpt lat="53.235135" lon="34.568868">
			<ele>151.31</ele>
			<time>2017-06-18T09:41:07.90Z</time>
			<pdop>3.8</pdop>
		</trkpt>
		<trkpt lat="53.235047" lon="34.568918">
			<ele>151.60</ele>
			<time>2017-06-18T09:41:16.91Z</time>
			<pdop>3.9</pdop>
		</trkpt>
		<trkpt lat="53.234942" lon="34.569005">
			<ele>152.29</ele>
			<time>2017-06-18T09:41:26.91Z</time>
			<pdop>4.0</pdop>
		</trkpt>
		<trkpt lat="53.234820" lon="34.569140">
			<ele>153.08</ele>
			<time>2017-06-18T09:41:36.90Z</time>
			<pdop>4.1</pdop>
		</trkpt>
		<trkpt lat="53.234692" lon="34.569273">
			<ele>153.20</ele>
			<time>2017-06-18T09:41:46.91Z</time>
			<pdop>3.9</pdop>
		</trkpt>
		<trkpt lat="53.234562" lon="34.569387">
			<ele>153.24</ele>
			<time>2017-06-18T09:41:56.90Z</time>
			<pdop>4.3</pdop>
		</trkpt>
		<trkpt lat="53.234572" lon="34.569365">
			<ele>153.20</ele>
			<time>2017-06-18T09:42:05.90Z</time>
			<pdop>4.4</pdop>
		</trkpt>
		<trkpt lat="53.234543" lon="34.569378">
			<ele>152.52</ele>
			<time>2017-06-18T09:42:15.90Z</time>
			<pdop>4.2</pdop>
		</trkpt>
		<trkpt lat="53.234497" lon="34.569488">
			<ele>152.03</ele>
			<time>2017-06-18T09:42:25.90Z</time>
			<pdop>4.4</pdop>
		</trkpt>
		<trkpt lat="53.234435" lon="34.569697">
			<ele>151.46</ele>
			<time>2017-06-18T09:42:34.91Z</time>
			<pdop>4.3</pdop>
		</trkpt>
		<trkpt lat="53.234370" lon="34.569867">
			<ele>150.73</ele>
			<time>2017-06-18T09:42:43.91Z</time>
			<pdop>4.3</pdop>
		</trkpt>
		<trkpt lat="53.234290" lon="34.570033">
			<ele>150.50</ele>
			<time>2017-06-18T09:42:52.91Z</time>
			<pdop>4.1</pdop>
		</trkpt>
		<trkpt lat="53.234243" lon="34.570225">
			<ele>150.57</ele>
			<time>2017-06-18T09:43:02.90Z</time>
			<pdop>4.2</pdop>
		</trkpt>
		<trkpt lat="53.234208" lon="34.570403">
			<ele>150.58</ele>
			<time>2017-06-18T09:43:11.91Z</time>
			<pdop>4.1</pdop>
		</trkpt>
		<trkpt lat="53.234178" lon="34.570572">
			<ele>150.58</ele>
			<time>2017-06-18T09:43:21.20Z</time>
			<pdop>4.4</pdop>
		</trkpt>
		<trkpt lat="53.234100" lon="34.570752">
			<ele>150.90</ele>
			<time>2017-06-18T09:43:30.91Z</time>
			<pdop>4.4</pdop>
		</trkpt>
		<trkpt lat="53.234090" lon="34.570763">
			<ele>151.30</ele>
			<time>2017-06-18T09:43:40.90Z</time>
			<pdop>4.2</pdop>
		</trkpt>
		<trkpt lat="53.234103" lon="34.570795">
			<ele>153.16</ele>
			<time>2017-06-18T09:43:49.91Z</time>
			<pdop>4.1</pdop>
		</trkpt>
		<trkpt lat="53.234113" lon="34.570942">
			<ele>152.80</ele>
			<time>2017-06-18T09:43:58.93Z</time>
			<pdop>4.4</pdop>
		</trkpt>
		<trkpt lat="53.234107" lon="34.571163">
			<ele>153.78</ele>
			<time>2017-06-18T09:44:08.90Z</time>
			<pdop>4.3</pdop>
		</trkpt>
		<trkpt lat="53.234100" lon="34.571355">
			<ele>153.80</ele>
			<time>2017-06-18T09:44:17.91Z</time>
			<pdop>4.4</pdop>
		</trkpt>
		<trkpt lat="53.234095" lon="34.571507">
			<ele>154.27</ele>
			<time>2017-06-18T09:44:27.90Z</time>
			<pdop>4.5</pdop>
		</trkpt>
		<trkpt lat="53.234095" lon="34.571692">
			<ele>154.40</ele>
			<time>2017-06-18T09:44:36.91Z</time>
			<pdop>4.6</pdop>
		</trkpt>
		<trkpt lat="53.234147" lon="34.571860">
			<ele>154.89</ele>
			<time>2017-06-18T09:44:46.90Z</time>
			<pdop>4.7</pdop>
		</trkpt>
		<trkpt lat="53.234163" lon="34.572018">
			<ele>155.27</ele>
			<time>2017-06-18T09:44:55.91Z</time>
			<pdop>4.8</pdop>
		</trkpt>
		<trkpt lat="53.234162" lon="34.572232">
			<ele>156.27</ele>
			<time>2017-06-18T09:45:04.91Z</time>
			<pdop>4.3</pdop>
		</trkpt>
		<trkpt lat="53.234232" lon="34.572473">
			<ele>157.19</ele>
			<time>2017-06-18T09:45:14.90Z</time>
			<pdop>4.6</pdop>
		</trkpt>
		<trkpt lat="53.234263" lon="34.572692">
			<ele>158.27</ele>
			<time>2017-06-18T09:45:24.90Z</time>
			<pdop>4.7</pdop>
		</trkpt>
		<trkpt lat="53.234253" lon="34.572722">
			<ele>158.50</ele>
			<time>2017-06-18T09:45:34.90Z</time>
			<pdop>4.4</pdop>
		</trkpt>
		<trkpt lat="53.234302" lon="34.572922">
			<ele>157.49</ele>
			<time>2017-06-18T09:45:43.91Z</time>
			<pdop>4.3</pdop>
		</trkpt>
		<trkpt lat="53.234310" lon="34.573092">
			<ele>157.03</ele>
			<time>2017-06-18T09:45:52.92Z</time>
			<pdop>4.7</pdop>
		</trkpt>
		<trkpt lat="53.234392" lon="34.573247">
			<ele>157.40</ele>
			<time>2017-06-18T09:46:02.93Z</time>
			<pdop>4.5</pdop>
		</trkpt>
		<trkpt lat="53.234475" lon="34.573357">
			<ele>157.20</ele>
			<time>2017-06-18T09:46:12.91Z</time>
			<pdop>4.5</pdop>
		</trkpt>
		<trkpt lat="53.234530" lon="34.573558">
			<ele>157.10</ele>
			<time>2017-06-18T09:46:22.92Z</time>
			<pdop>4.7</pdop>
		</trkpt>
		<trkpt lat="53.234588" lon="34.573758">
			<ele>156.90</ele>
			<time>2017-06-18T09:46:32.91Z</time>
			<pdop>5.0</pdop>
		</trkpt>
		<trkpt lat="53.234677" lon="34.573893">
			<ele>156.83</ele>
			<time>2017-06-18T09:46:42.91Z</time>
			<pdop>4.9</pdop>
		</trkpt>
		<trkpt lat="53.234725" lon="34.574113">
			<ele>156.23</ele>
			<time>2017-06-18T09:46:52.91Z</time>
			<pdop>4.9</pdop>
		</trkpt>
		<trkpt lat="53.234723" lon="34.574398">
			<ele>155.80</ele>
			<time>2017-06-18T09:47:03.21Z</time>
			<pdop>5.2</pdop>
		</trkpt>
		<trkpt lat="53.234710" lon="34.574450">
			<ele>156.00</ele>
			<time>2017-06-18T09:47:12.90Z</time>
			<pdop>4.8</pdop>
		</trkpt>
		<trkpt lat="53.234827" lon="34.574515">
			<ele>155.43</ele>
			<time>2017-06-18T09:47:22.91Z</time>
			<pdop>4.7</pdop>
		</trkpt>
		<trkpt lat="53.234923" lon="34.574578">
			<ele>154.81</ele>
			<time>2017-06-18T09:47:32.77Z</time>
			<pdop>4.7</pdop>
		</trkpt>
		<trkpt lat="53.234942" lon="34.574783">
			<ele>154.89</ele>
			<time>2017-06-18T09:47:41.90Z</time>
			<pdop>4.6</pdop>
		</trkpt>
		<trkpt lat="53.234985" lon="34.574917">
			<ele>154.90</ele>
			<time>2017-06-18T09:47:50.91Z</time>
			<pdop>4.5</pdop>
		</trkpt>
		<trkpt lat="53.235032" lon="34.575087">
			<ele>154.81</ele>
			<time>2017-06-18T09:48:00.91Z</time>
			<pdop>4.6</pdop>
		</trkpt>
		<trkpt lat="53.235087" lon="34.575203">
			<ele>155.19</ele>
			<time>2017-06-18T09:48:09.91Z</time>
			<pdop>4.8</pdop>
		</trkpt>
		<trkpt lat="53.235120" lon="34.575397">
			<ele>154.34</ele>
			<time>2017-06-18T09:48:19.90Z</time>
			<pdop>4.7</pdop>
		</trkpt>
		<trkpt lat="53.235157" lon="34.575572">
			<ele>154.37</ele>
			<time>2017-06-18T09:48:28.91Z</time>
			<pdop>4.7</pdop>
		</trkpt>
		<trkpt lat="53.235205" lon="34.575735">
			<ele>154.13</ele>
			<time>2017-06-18T09:48:37.91Z</time>
			<pdop>4.5</pdop>
		</trkpt>
		<trkpt lat="53.235263" lon="34.575963">
			<ele>154.20</ele>
			<time>2017-06-18T09:48:47.90Z</time>
			<pdop>4.4</pdop>
		</trkpt>
		<trkpt lat="53.235323" lon="34.576093">
			<ele>154.10</ele>
			<time>2017-06-18T09:48:56.92Z</time>
			<pdop>4.8</pdop>
		</trkpt>
		<trkpt lat="53.235378" lon="34.576302">
			<ele>153.99</ele>
			<time>2017-06-18T09:49:06.91Z</time>
			<pdop>4.4</pdop>
		</trkpt>
		<trkpt lat="53.235428" lon="34.576492">
			<ele>153.63</ele>
			<time>2017-06-18T09:49:15.92Z</time>
			<pdop>4.4</pdop>
		</trkpt>
		<trkpt lat="53.235462" lon="34.576670">
			<ele>153.18</ele>
			<time>2017-06-18T09:49:25.91Z</time>
			<pdop>4.4</pdop>
		</trkpt>
		<trkpt lat="53.235557" lon="34.576865">
			<ele>153.19</ele>
			<time>2017-06-18T09:49:35.90Z</time>
			<pdop>4.5</pdop>
		</trkpt>
		<trkpt lat="53.235572" lon="34.577020">
			<ele>152.88</ele>
			<time>2017-06-18T09:49:44.90Z</time>
			<pdop>4.5</pdop>
		</trkpt>
		<trkpt lat="53.235625" lon="34.577145">
			<ele>152.60</ele>
			<time>2017-06-18T09:49:53.92Z</time>
			<pdop>4.4</pdop>
		</trkpt>
		<trkpt lat="53.235683" lon="34.577273">
			<ele>153.29</ele>
			<time>2017-06-18T09:50:03.90Z</time>
			<pdop>4.8</pdop>
		</trkpt>
		<trkpt lat="53.235702" lon="34.577222">
			<ele>153.49</ele>
			<time>2017-06-18T09:50:13.90Z</time>
			<pdop>5.4</pdop>
		</trkpt>
		<trkpt lat="53.235672" lon="34.576300">
			<ele>154.00</ele>
			<time>2017-06-18T09:52:21.93Z</time>
			<pdop>9.9</pdop>
		</trkpt>
		<trkpt lat="53.235855" lon="34.576813">
			<ele>153.85</ele>
			<time>2017-06-18T09:52:37.92Z</time>
			<pdop>9.6</pdop>
		</trkpt>
		<trkpt lat="53.235677" lon="34.577307">
			<ele>153.50</ele>
			<time>2017-06-18T09:52:47.90Z</time>
			<pdop>5.3</pdop>
		</trkpt>
		<trkpt lat="53.235602" lon="34.577453">
			<ele>153.00</ele>
			<time>2017-06-18T09:52:57.91Z</time>
			<pdop>4.4</pdop>
		</trkpt>
		<trkpt lat="53.235558" lon="34.577572">
			<ele>152.90</ele>
			<time>2017-06-18T09:53:07.90Z</time>
			<pdop>4.1</pdop>
		</trkpt>
		<trkpt lat="53.235547" lon="34.577602">
			<ele>153.20</ele>
			<time>2017-06-18T09:53:16.90Z</time>
			<pdop>4.0</pdop>
		</trkpt>
		<trkpt lat="53.235473" lon="34.577688">
			<ele>153.27</ele>
			<time>2017-06-18T09:53:26.90Z</time>
			<pdop>4.0</pdop>
		</trkpt>
		<trkpt lat="53.235397" lon="34.577797">
			<ele>153.40</ele>
			<time>2017-06-18T09:53:35.90Z</time>
			<pdop>4.2</pdop>
		</trkpt>
		<trkpt lat="53.235412" lon="34.577777">
			<ele>153.40</ele>
			<time>2017-06-18T09:53:44.90Z</time>
			<pdop>3.3</pdop>
		</trkpt>
		<trkpt lat="53.235365" lon="34.577817">
			<ele>150.78</ele>
			<time>2017-06-18T09:53:54.90Z</time>
			<pdop>4.1</pdop>
		</trkpt>
		<trkpt lat="53.235320" lon="34.577907">
			<ele>150.90</ele>
			<time>2017-06-18T09:54:04.90Z</time>
			<pdop>3.8</pdop>
		</trkpt>
		<trkpt lat="53.235308" lon="34.577963">
			<ele>151.02</ele>
			<time>2017-06-18T09:54:13.90Z</time>
			<pdop>3.7</pdop>
		</trkpt>
		<trkpt lat="53.235293" lon="34.577965">
			<ele>150.74</ele>
			<time>2017-06-18T09:54:22.91Z</time>
			<pdop>4.3</pdop>
		</trkpt>
		<trkpt lat="53.235262" lon="34.578192">
			<ele>150.65</ele>
			<time>2017-06-18T09:54:32.91Z</time>
			<pdop>3.7</pdop>
		</trkpt>
		<trkpt lat="53.235205" lon="34.578328">
			<ele>151.10</ele>
			<time>2017-06-18T09:54:42.90Z</time>
			<pdop>4.0</pdop>
		</trkpt>
		<trkpt lat="53.235157" lon="34.578435">
			<ele>152.68</ele>
			<time>2017-06-18T09:54:53.05Z</time>
			<pdop>3.6</pdop>
		</trkpt>
		<trkpt lat="53.235175" lon="34.578515">
			<ele>153.75</ele>
			<time>2017-06-18T09:55:03.90Z</time>
			<pdop>3.3</pdop>
		</trkpt>
		<trkpt lat="53.235185" lon="34.578527">
			<ele>154.10</ele>
			<time>2017-06-18T09:55:13.90Z</time>
			<pdop>3.4</pdop>
		</trkpt>
		<trkpt lat="53.235158" lon="34.578603">
			<ele>155.53</ele>
			<time>2017-06-18T09:55:22.91Z</time>
			<pdop>3.8</pdop>
		</trkpt>
		<trkpt lat="53.235175" lon="34.578730">
			<ele>155.70</ele>
			<time>2017-06-18T09:55:32.90Z</time>
			<pdop>4.4</pdop>
		</trkpt>
		<trkpt lat="53.235202" lon="34.578685">
			<ele>155.72</ele>
			<time>2017-06-18T09:55:41.90Z</time>
			<pdop>4.4</pdop>
		</trkpt>
		<trkpt lat="53.235193" lon="34.578882">
			<ele>155.21</ele>
			<time>2017-06-18T09:55:51.92Z</time>
			<pdop>4.5</pdop>
		</trkpt>
		<trkpt lat="53.235162" lon="34.579120">
			<ele>155.00</ele>
			<time>2017-06-18T09:56:01.91Z</time>
			<pdop>4.5</pdop>
		</trkpt>
		<trkpt lat="53.235132" lon="34.579255">
			<ele>154.90</ele>
			<time>2017-06-18T09:56:11.14Z</time>
			<pdop>4.3</pdop>
		</trkpt>
		<trkpt lat="53.235148" lon="34.579270">
			<ele>155.10</ele>
			<time>2017-06-18T09:56:20.90Z</time>
			<pdop>4.2</pdop>
		</trkpt>
		<trkpt lat="53.235175" lon="34.579435">
			<ele>154.60</ele>
			<time>2017-06-18T09:56:31.47Z</time>
			<pdop>4.6</pdop>
		</trkpt>
		<trkpt lat="53.235193" lon="34.579488">
			<ele>154.60</ele>
			<time>2017-06-18T09:56:40.90Z</time>
			<pdop>4.8</pdop>
		</trkpt>
		<trkpt lat="53.235170" lon="34.579617">
			<ele>154.38</ele>
			<time>2017-06-18T09:56:50.91Z</time>
			<pdop>4.5</pdop>
		</trkpt>
		<trkpt lat="53.235120" lon="34.579632">
			<ele>154.20</ele>
			<time>2017-06-18T09:57:00.90Z</time>
			<pdop>4.4</pdop>
		</trkpt>
		<trkpt lat="53.235148" lon="34.579677">
			<ele>154.10</ele>
			<time>2017-06-18T09:57:09.92Z</time>
			<pdop>4.4</pdop>
		</trkpt>
		<trkpt lat="53.235175" lon="34.579812">
			<ele>153.80</ele>
			<time>2017-06-18T09:57:19.90Z</time>
			<pdop>4.8</pdop>
		</trkpt>
		<trkpt lat="53.235205" lon="34.580002">
			<ele>154.09</ele>
			<time>2017-06-18T09:57:28.90Z</time>
			<pdop>4.9</pdop>
		</trkpt>
		<trkpt lat="53.235288" lon="34.580180">
			<ele>153.88</ele>
			<time>2017-06-18T09:57:37.90Z</time>
			<pdop>4.8</pdop>
		</trkpt>
		<trkpt lat="53.235333" lon="34.580232">
			<ele>153.80</ele>
			<time>2017-06-18T09:57:46.90Z</time>
			<pdop>4.8</pdop>
		</trkpt>
		<trkpt lat="53.235308" lon="34.580350">
			<ele>154.10</ele>
			<time>2017-06-18T09:58:08.90Z</time>
			<pdop>4.8</pdop>
		</trkpt>
		<trkpt lat="53.235363" lon="34.580383">
			<ele>154.67</ele>
			<time>2017-06-18T09:58:17.90Z</time>
			<pdop>4.8</pdop>
		</trkpt>
		<trkpt lat="53.235418" lon="34.580513">
			<ele>155.20</ele>
			<time>2017-06-18T09:58:26.92Z</time>
			<pdop>5.0</pdop>
		</trkpt>
		<trkpt lat="53.235482" lon="34.580618">
			<ele>154.90</ele>
			<time>2017-06-18T09:58:36.90Z</time>
			<pdop>5.4</pdop>
		</trkpt>
		<trkpt lat="53.235467" lon="34.580785">
			<ele>154.79</ele>
			<time>2017-06-18T09:58:46.90Z</time>
			<pdop>5.0</pdop>
		</trkpt>
		<trkpt lat="53.235565" lon="34.580873">
			<ele>154.78</ele>
			<time>2017-06-18T09:58:56.90Z</time>
			<pdop>5.3</pdop>
		</trkpt>
		<trkpt lat="53.235622" lon="34.580945">
			<ele>154.16</ele>
			<time>2017-06-18T09:59:06.90Z</time>
			<pdop>5.3</pdop>
		</trkpt>
		<trkpt lat="53.235640" lon="34.580953">
			<ele>153.80</ele>
			<time>2017-06-18T09:59:16.90Z</time>
			<pdop>5.0</pdop>
		</trkpt>
		<trkpt lat="53.235713" lon="34.581092">
			<ele>151.91</ele>
			<time>2017-06-18T09:59:26.90Z</time>
			<pdop>4.9</pdop>
		</trkpt>
		<trkpt lat="53.235760" lon="34.581042">
			<ele>151.60</ele>
			<time>2017-06-18T09:59:35.91Z</time>
			<pdop>5.1</pdop>
		</trkpt>
		<trkpt lat="53.235785" lon="34.580983">
			<ele>151.28</ele>
			<time>2017-06-18T09:59:45.90Z</time>
			<pdop>5.1</pdop>
		</trkpt>
		<trkpt lat="53.235825" lon="34.581015">
			<ele>151.70</ele>
			<time>2017-06-18T09:59:54.90Z</time>
			<pdop>4.9</pdop>
		</trkpt>
		<trkpt lat="53.235928" lon="34.581037">
			<ele>152.12</ele>
			<time>2017-06-18T10:00:04.96Z</time>
			<pdop>5.2</pdop>
		</trkpt>
		<trkpt lat="53.236038" lon="34.581192">
			<ele>152.00</ele>
			<time>2017-06-18T10:00:14.90Z</time>
			<pdop>5.3</pdop>
		</trkpt>
		<trkpt lat="53.236065" lon="34.581203">
			<ele>151.70</ele>
			<time>2017-06-18T10:00:23.90Z</time>
			<pdop>4.8</pdop>
		</trkpt>
		<trkpt lat="53.236058" lon="34.581185">
			<ele>151.85</ele>
			<time>2017-06-18T10:00:32.91Z</time>
			<pdop>5.0</pdop>
		</trkpt>
		<trkpt lat="53.236140" lon="34.581182">
			<ele>151.89</ele>
			<time>2017-06-18T10:00:43.06Z</time>
			<pdop>5.5</pdop>
		</trkpt>
		<trkpt lat="53.236268" lon="34.581217">
			<ele>151.51</ele>
			<time>2017-06-18T10:00:52.91Z</time>
			<pdop>4.7</pdop>
		</trkpt>
		<trkpt lat="53.236393" lon="34.581258">
			<ele>150.48</ele>
			<time>2017-06-18T10:01:02.90Z</time>
			<pdop>4.3</pdop>
		</trkpt>
		<trkpt lat="53.236398" lon="34.581363">
			<ele>149.73</ele>
			<time>2017-06-18T10:01:12.90Z</time>
			<pdop>3.8</pdop>
		</trkpt>
		<trkpt lat="53.236477" lon="34.581395">
			<ele>149.44</ele>
			<time>2017-06-18T10:01:22.90Z</time>
			<pdop>3.7</pdop>
		</trkpt>
		<trkpt lat="53.236523" lon="34.581548">
			<ele>149.02</ele>
			<time>2017-06-18T10:01:31.91Z</time>
			<pdop>3.8</pdop>
		</trkpt>
		<trkpt lat="53.236575" lon="34.581743">
			<ele>148.80</ele>
			<time>2017-06-18T10:01:41.90Z</time>
			<pdop>4.2</pdop>
		</trkpt>
		<trkpt lat="53.236648" lon="34.581803">
			<ele>149.29</ele>
			<time>2017-06-18T10:01:50.90Z</time>
			<pdop>4.4</pdop>
		</trkpt>
		<trkpt lat="53.236610" lon="34.581793">
			<ele>149.40</ele>
			<time>2017-06-18T10:01:59.91Z</time>
			<pdop>3.9</pdop>
		</trkpt>
		<trkpt lat="53.236605" lon="34.581850">
			<ele>149.52</ele>
			<time>2017-06-18T10:02:08.92Z</time>
			<pdop>3.9</pdop>
		</trkpt>
		<trkpt lat="53.236635" lon="34.581993">
			<ele>149.90</ele>
			<time>2017-06-18T10:02:18.92Z</time>
			<pdop>3.9</pdop>
		</trkpt>
		<trkpt lat="53.236687" lon="34.582143">
			<ele>149.21</ele>
			<time>2017-06-18T10:02:28.91Z</time>
			<pdop>3.8</pdop>
		</trkpt>
		<trkpt lat="53.236680" lon="34.582330">
			<ele>148.43</ele>
			<time>2017-06-18T10:02:38.90Z</time>
			<pdop>4.1</pdop>
		</trkpt>
		<trkpt lat="53.236672" lon="34.582397">
			<ele>148.20</ele>
			<time>2017-06-18T10:02:47.91Z</time>
			<pdop>4.1</pdop>
		</trkpt>
		<trkpt lat="53.236717" lon="34.582453">
			<ele>148.17</ele>
			<time>2017-06-18T10:02:56.91Z</time>
			<pdop>4.1</pdop>
		</trkpt>
		<trkpt lat="53.236722" lon="34.582648">
			<ele>147.03</ele>
			<time>2017-06-18T10:03:05.93Z</time>
			<pdop>4.2</pdop>
		</trkpt>
		<trkpt lat="53.236710" lon="34.582863">
			<ele>146.33</ele>
			<time>2017-06-18T10:03:15.90Z</time>
			<pdop>4.4</pdop>
		</trkpt>
		<trkpt lat="53.236728" lon="34.582997">
			<ele>146.47</ele>
			<time>2017-06-18T10:03:24.91Z</time>
			<pdop>4.4</pdop>
		</trkpt>
		<trkpt lat="53.236740" lon="34.583192">
			<ele>146.51</ele>
			<time>2017-06-18T10:03:34.90Z</time>
			<pdop>4.6</pdop>
		</trkpt>
		<trkpt lat="53.236742" lon="34.583338">
			<ele>147.07</ele>
			<time>2017-06-18T10:03:43.91Z</time>
			<pdop>4.6</pdop>
		</trkpt>
		<trkpt lat="53.236750" lon="34.583372">
			<ele>147.69</ele>
			<time>2017-06-18T10:03:52.91Z</time>
			<pdop>4.2</pdop>
		</trkpt>
		<trkpt lat="53.236758" lon="34.583402">
			<ele>148.10</ele>
			<time>2017-06-18T10:04:04.91Z</time>
			<pdop>4.9</pdop>
		</trkpt>
		<trkpt lat="53.236782" lon="34.583447">
			<ele>148.10</ele>
			<time>2017-06-18T10:04:14.03Z</time>
			<pdop>5.6</pdop>
		</trkpt>
		<trkpt lat="53.236783" lon="34.583535">
			<ele>148.05</ele>
			<time>2017-06-18T10:04:27.90Z</time>
			<pdop>5.7</pdop>
		</trkpt>
		<trkpt lat="53.236748" lon="34.583805">
			<ele>147.26</ele>
			<time>2017-06-18T10:04:36.91Z</time>
			<pdop>5.1</pdop>
		</trkpt>
		<trkpt lat="53.236742" lon="34.583978">
			<ele>145.91</ele>
			<time>2017-06-18T10:04:46.90Z</time>
			<pdop>5.1</pdop>
		</trkpt>
		<trkpt lat="53.236767" lon="34.584162">
			<ele>145.03</ele>
			<time>2017-06-18T10:04:55.91Z</time>
			<pdop>4.9</pdop>
		</trkpt>
		<trkpt lat="53.236752" lon="34.584392">
			<ele>144.80</ele>
			<time>2017-06-18T10:05:05.91Z</time>
			<pdop>4.9</pdop>
		</trkpt>
		<trkpt lat="53.236775" lon="34.584600">
			<ele>144.40</ele>
			<time>2017-06-18T10:05:15.92Z</time>
			<pdop>5.1</pdop>
		</trkpt>
		<trkpt lat="53.236783" lon="34.584767">
			<ele>144.20</ele>
			<time>2017-06-18T10:05:25.90Z</time>
			<pdop>5.2</pdop>
		</trkpt>
		<trkpt lat="53.236838" lon="34.584868">
			<ele>144.01</ele>
			<time>2017-06-18T10:05:34.92Z</time>
			<pdop>5.0</pdop>
		</trkpt>
		<trkpt lat="53.236825" lon="34.585217">
			<ele>144.01</ele>
			<time>2017-06-18T10:05:44.90Z</time>
			<pdop>4.5</pdop>
		</trkpt>
		<trkpt lat="53.236738" lon="34.585343">
			<ele>143.22</ele>
			<time>2017-06-18T10:05:53.91Z</time>
			<pdop>4.3</pdop>
		</trkpt>
		<trkpt lat="53.236728" lon="34.585353">
			<ele>143.10</ele>
			<time>2017-06-18T10:06:03.90Z</time>
			<pdop>4.8</pdop>
		</trkpt>
		<trkpt lat="53.236720" lon="34.585478">
			<ele>143.39</ele>
			<time>2017-06-18T10:06:13.90Z</time>
			<pdop>5.0</pdop>
		</trkpt>
		<trkpt lat="53.236722" lon="34.585530">
			<ele>143.50</ele>
			<time>2017-06-18T10:06:22.91Z</time>
			<pdop>4.8</pdop>
		</trkpt>
		<trkpt lat="53.236700" lon="34.585712">
			<ele>143.63</ele>
			<time>2017-06-18T10:06:32.90Z</time>
			<pdop>4.6</pdop>
		</trkpt>
		<trkpt lat="53.236663" lon="34.585832">
			<ele>143.67</ele>
			<time>2017-06-18T10:06:42.41Z</time>
			<pdop>4.8</pdop>
		</trkpt>
		<trkpt lat="53.236700" lon="34.585945">
			<ele>144.00</ele>
			<time>2017-06-18T10:06:51.90Z</time>
			<pdop>4.9</pdop>
		</trkpt>
		<trkpt lat="53.236695" lon="34.585973">
			<ele>144.30</ele>
			<time>2017-06-18T10:07:00.91Z</time>
			<pdop>4.7</pdop>
		</trkpt>
		<trkpt lat="53.236662" lon="34.586127">
			<ele>145.53</ele>
			<time>2017-06-18T10:07:10.91Z</time>
			<pdop>4.7</pdop>
		</trkpt>
		<trkpt lat="53.236652" lon="34.586242">
			<ele>145.51</ele>
			<time>2017-06-18T10:07:19.91Z</time>
			<pdop>4.7</pdop>
		</trkpt>
		<trkpt lat="53.236607" lon="34.586420">
			<ele>145.03</ele>
			<time>2017-06-18T10:07:28.92Z</time>
			<pdop>4.9</pdop>
		</trkpt>
		<trkpt lat="53.236633" lon="34.586617">
			<ele>144.41</ele>
			<time>2017-06-18T10:07:38.90Z</time>
			<pdop>5.2</pdop>
		</trkpt>
		<trkpt lat="53.236643" lon="34.586750">
			<ele>144.10</ele>
			<time>2017-06-18T10:07:47.90Z</time>
			<pdop>5.4</pdop>
		</trkpt>
		<trkpt lat="53.236637" lon="34.586813">
			<ele>144.10</ele>
			<time>2017-06-18T10:07:56.90Z</time>
			<pdop>5.5</pdop>
		</trkpt>
		<trkpt lat="53.236597" lon="34.587067">
			<ele>143.73</ele>
			<time>2017-06-18T10:08:05.90Z</time>
			<pdop>5.4</pdop>
		</trkpt>
		<trkpt lat="53.236493" lon="34.587280">
			<ele>143.30</ele>
			<time>2017-06-18T10:08:15.91Z</time>
			<pdop>5.2</pdop>
		</trkpt>
		<trkpt lat="53.236478" lon="34.587362">
			<ele>143.55</ele>
			<time>2017-06-18T10:08:25.92Z</time>
			<pdop>5.3</pdop>
		</trkpt>
		<trkpt lat="53.236445" lon="34.587512">
			<ele>144.27</ele>
			<time>2017-06-18T10:08:35.92Z</time>
			<pdop>5.1</pdop>
		</trkpt>
		<trkpt lat="53.236420" lon="34.587560">
			<ele>144.22</ele>
			<time>2017-06-18T10:08:45.90Z</time>
			<pdop>5.1</pdop>
		</trkpt>
		<trkpt lat="53.236393" lon="34.587730">
			<ele>143.71</ele>
			<time>2017-06-18T10:08:55.91Z</time>
			<pdop>5.2</pdop>
		</trkpt>
		<trkpt lat="53.236377" lon="34.587917">
			<ele>143.60</ele>
			<time>2017-06-18T10:09:05.97Z</time>
			<pdop>5.4</pdop>
		</trkpt>
		<trkpt lat="53.236363" lon="34.588145">
			<ele>143.61</ele>
			<time>2017-06-18T10:09:15.90Z</time>
			<pdop>5.0</pdop>
		</trkpt>
		<trkpt lat="53.236375" lon="34.588355">
			<ele>143.87</ele>
			<time>2017-06-18T10:09:25.93Z</time>
			<pdop>4.9</pdop>
		</trkpt>
		<trkpt lat="53.236405" lon="34.588518">
			<ele>143.90</ele>
			<time>2017-06-18T10:09:35.90Z</time>
			<pdop>5.0</pdop>
		</trkpt>
		<trkpt lat="53.236377" lon="34.588727">
			<ele>144.17</ele>
			<time>2017-06-18T10:09:44.92Z</time>
			<pdop>4.9</pdop>
		</trkpt>
		<trkpt lat="53.236427" lon="34.588835">
			<ele>144.87</ele>
			<time>2017-06-18T10:09:54.91Z</time>
			<pdop>5.1</pdop>
		</trkpt>
		<trkpt lat="53.236397" lon="34.589068">
			<ele>146.39</ele>
			<time>2017-06-18T10:10:04.90Z</time>
			<pdop>4.7</pdop>
		</trkpt>
		<trkpt lat="53.236382" lon="34.589222">
			<ele>147.57</ele>
			<time>2017-06-18T10:10:13.91Z</time>
			<pdop>4.6</pdop>
		</trkpt>
		<trkpt lat="53.236348" lon="34.589410">
			<ele>148.66</ele>
			<time>2017-06-18T10:10:23.93Z</time>
			<pdop>4.5</pdop>
		</trkpt>
		<trkpt lat="53.236340" lon="34.589627">
			<ele>149.04</ele>
			<time>2017-06-18T10:10:33.91Z</time>
			<pdop>4.6</pdop>
		</trkpt>
		<trkpt lat="53.236323" lon="34.589687">
			<ele>149.30</ele>
			<time>2017-06-18T10:10:43.91Z</time>
			<pdop>4.8</pdop>
		</trkpt>
		<trkpt lat="53.236258" lon="34.589842">
			<ele>149.87</ele>
			<time>2017-06-18T10:10:53.90Z</time>
			<pdop>4.8</pdop>
		</trkpt>
		<trkpt lat="53.236257" lon="34.589985">
			<ele>150.49</ele>
			<time>2017-06-18T10:11:03.59Z</time>
			<pdop>5.3</pdop>
		</trkpt>
		<trkpt lat="53.236260" lon="34.590082">
			<ele>150.60</ele>
			<time>2017-06-18T10:11:12.90Z</time>
			<pdop>5.5</pdop>
		</trkpt>
		<trkpt lat="53.236280" lon="34.590195">
			<ele>150.70</ele>
			<time>2017-06-18T10:11:21.90Z</time>
			<pdop>5.7</pdop>
		</trkpt>
		<trkpt lat="53.236210" lon="34.590397">
			<ele>150.30</ele>
			<time>2017-06-18T10:11:31.90Z</time>
			<pdop>5.5</pdop>
		</trkpt>
		<trkpt lat="53.236200" lon="34.590597">
			<ele>150.30</ele>
			<time>2017-06-18T10:11:41.90Z</time>
			<pdop>5.4</pdop>
		</trkpt>
		<trkpt lat="53.236178" lon="34.590770">
			<ele>150.50</ele>
			<time>2017-06-18T10:11:51.90Z</time>
			<pdop>5.0</pdop>
		</trkpt>
		<trkpt lat="53.236162" lon="34.590923">
			<ele>150.97</ele>
			<time>2017-06-18T10:12:00.92Z</time>
			<pdop>5.1</pdop>
		</trkpt>
		<trkpt lat="53.236137" lon="34.591013">
			<ele>151.40</ele>
			<time>2017-06-18T10:12:10.90Z</time>
			<pdop>5.1</pdop>
		</trkpt>
		<trkpt lat="53.236093" lon="34.591165">
			<ele>151.68</ele>
			<time>2017-06-18T10:12:19.91Z</time>
			<pdop>5.1</pdop>
		</trkpt>
		<trkpt lat="53.236047" lon="34.591273">
			<ele>151.77</ele>
			<time>2017-06-18T10:12:29.91Z</time>
			<pdop>4.7</pdop>
		</trkpt>
		<trkpt lat="53.236000" lon="34.591395">
			<ele>151.97</ele>
			<time>2017-06-18T10:12:39.90Z</time>
			<pdop>4.8</pdop>
		</trkpt>
		<trkpt lat="53.235968" lon="34.591593">
			<ele>152.77</ele>
			<time>2017-06-18T10:12:49.90Z</time>
			<pdop>4.7</pdop>
		</trkpt>
		<trkpt lat="53.235912" lon="34.591683">
			<ele>153.12</ele>
			<time>2017-06-18T10:12:58.90Z</time>
			<pdop>5.1</pdop>
		</trkpt>
		<trkpt lat="53.235922" lon="34.591792">
			<ele>153.19</ele>
			<time>2017-06-18T10:13:07.91Z</time>
			<pdop>4.9</pdop>
		</trkpt>
		<trkpt lat="53.235892" lon="34.592018">
			<ele>153.50</ele>
			<time>2017-06-18T10:13:17.90Z</time>
			<pdop>4.6</pdop>
		</trkpt>
		<trkpt lat="53.235842" lon="34.592148">
			<ele>153.60</ele>
			<time>2017-06-18T10:13:26.90Z</time>
			<pdop>4.9</pdop>
		</trkpt>
		<trkpt lat="53.235800" lon="34.592233">
			<ele>153.72</ele>
			<time>2017-06-18T10:13:36.90Z</time>
			<pdop>4.9</pdop>
		</trkpt>
		<trkpt lat="53.235762" lon="34.592350">
			<ele>154.00</ele>
			<time>2017-06-18T10:13:45.90Z</time>
			<pdop>4.7</pdop>
		</trkpt>
		<trkpt lat="53.235707" lon="34.592533">
			<ele>154.30</ele>
			<time>2017-06-18T10:13:54.91Z</time>
			<pdop>4.7</pdop>
		</trkpt>
		<trkpt lat="53.235660" lon="34.592602">
			<ele>154.70</ele>
			<time>2017-06-18T10:14:04.90Z</time>
			<pdop>5.6</pdop>
		</trkpt>
		<trkpt lat="53.235593" lon="34.592638">
			<ele>155.29</ele>
			<time>2017-06-18T10:14:13.90Z</time>
			<pdop>5.2</pdop>
		</trkpt>
		<trkpt lat="53.235537" lon="34.592812">
			<ele>155.79</ele>
			<time>2017-06-18T10:14:22.90Z</time>
			<pdop>5.0</pdop>
		</trkpt>
		<trkpt lat="53.235467" lon="34.593043">
			<ele>155.81</ele>
			<time>2017-06-18T10:14:32.91Z</time>
			<pdop>4.7</pdop>
		</trkpt>
		<trkpt lat="53.235437" lon="34.593087">
			<ele>155.70</ele>
			<time>2017-06-18T10:17:44.96Z</time>
			<pdop>9.0</pdop>
		</trkpt>
		<extensions>
			<gte:name>Плотина — Партизанская поляна</gte:name>
			<gte:color>#ffb0ff</gte:color>
		</extensions>
	</trkseg>
</trk>
</gpx>