<?xml version="1.0" encoding="UTF-8"?>
<gpx xmlns:xsi="http://www.w3.org/2001/XMLSchema-instance" xmlns="http://www.topografix.com/GPX/1/1" xsi:schemaLocation="http://www.topografix.com/GPX/1/1 http://www.topografix.com/GPX/1/1/gpx.xsd" version="1.1" creator="http://nakarte.me">
<metadata>
<author>
<link ></link></author>
<copyright ></copyright>
<link ></link></metadata>
<wpt lat="56.073042" lon="43.337784">
<name>Оборудованная т/ст №2 Убежицкий карьер</name>
<link ></link></wpt>
<wpt lat="56.148959" lon="43.349757">
<name>Оборудованная т/ст №1 Березополье</name>
<link ></link></wpt>
<wpt lat="55.994507" lon="43.31137">
<name>Оборудованная т/ст №3 Тосканка</name>
<link ></link></wpt>
<wpt lat="55.647257" lon="43.623235">
<name>Оборудованная т/ст Пустынь</name>
<link ></link></wpt>
<wpt lat="56.122545" lon="43.332484">
<name>Ст</name>
<link ></link></wpt>
<wpt lat="56.039783" lon="43.324287">
<name>Ст</name>
<link ></link></wpt>
<wpt lat="56.012317" lon="43.292895">
<name>Ст</name>
<link ></link></wpt>
<wpt lat="56.009785" lon="43.291886">
<name>Ст</name>
<link ></link></wpt>
<wpt lat="56.139732" lon="43.441317">
<name>Ст.</name>
<link ></link></wpt>
<wpt lat="56.151427" lon="43.426039">
<name>Ст.</name>
<link ></link></wpt>
<wpt lat="56.155933" lon="43.420439">
<name>Ст.</name>
<link ></link></wpt>
<wpt lat="55.973865" lon="43.329931">
<name>Ст.</name>
<link ></link></wpt>
<wpt lat="55.894128" lon="43.354371">
<name>Ст.</name>
<link ></link></wpt>
<wpt lat="55.863636" lon="43.371923">
<name>Ст</name>
<link ></link></wpt>
<wpt lat="55.795423" lon="43.383854">
<name>Ст.</name>
<link ></link></wpt>
<wpt lat="55.704914" lon="43.428078">
<name>Ст.</name>
<link ></link></wpt>
<wpt lat="55.686396" lon="43.409324">
<name>Ст.</name>
<link ></link></wpt>
<wpt lat="55.626529" lon="43.696556">
<name>Ст.</name>
<link ></link></wpt>
<wpt lat="56.089328" lon="43.369649">
<name>ОП Убежицы</name>
<link ></link></wpt>
<wpt lat="56.079093" lon="43.336432">
<name>ОП 50 км</name>
<link ></link></wpt>
<wpt lat="55.60078" lon="43.790541">
<name>Ж/д станция Сережа</name>
<link ></link></wpt>
<wpt lat="56.114927" lon="43.522792">
<name>Ж/д станция Кожевенное</name>
<link ></link></wpt>
<wpt lat="55.975023" lon="43.331497">
<name>Карстовое озеро Ключик</name>
<link ></link></wpt>
<wpt lat="56.181639" lon="43.384626">
<name>Амвросиев-Николаевский Дудин монастырь</name>
<link ></link></wpt>
<wpt lat="56.047786" lon="43.355079">
<name>Памятник декабристу М. П. Бестужеву-Рюмину</name>
<link ></link></wpt>
<wpt lat="56.169108" lon="43.351131">
<name>Усадьба Рукавишниковых-Приклонских</name>
<link ></link></wpt>
<wpt lat="55.990215" lon="43.293259">
<name>Свято-Троицкий Островоезерский монастырь</name>
<link ></link></wpt>
<wpt lat="55.600029" lon="43.779576">
<name>Музей природы им. С. Трофимова</name>
<link ></link></wpt>
<wpt lat="55.65642" lon="43.610747">
<name>Граница Пустынского заказника</name>
<link ></link></wpt>
<wpt lat="55.676847" lon="43.520539">
<name>Граница Пустынского заказника</name>
<link ></link></wpt>
<wpt lat="55.998026" lon="43.304117">
<name>Пешеходный переход</name>
<link ></link></wpt>
<wpt lat="56.051777" lon="43.349006">
<name>СТЕНД</name>
<link ></link></wpt>
<wpt lat="55.608633" lon="43.731125">
<name>Указатель 9</name>
<link ></link></wpt>
<wpt lat="55.651635" lon="43.620103">
<name>Указатель 8</name>
<link ></link></wpt>
<wpt lat="55.975088" lon="43.33699">
<name>Указатель 7</name>
<link ></link></wpt>
<wpt lat="55.995236" lon="43.34111">
<name>Указатель 6</name>
<link ></link></wpt>
<wpt lat="55.996374" lon="43.294246">
<name>Указатель 5</name>
<link ></link></wpt>
<wpt lat="55.996996" lon="43.294203">
<name>Указатель 4</name>
<link ></link></wpt>
<wpt lat="56.073407" lon="43.333299">
<name>Указатель 3</name>
<link ></link></wpt>
<wpt lat="56.164537" lon="43.354907">
<name>Указатель 2</name>
<link ></link></wpt>
<wpt lat="56.114863" lon="43.522449">
<name>Указатель 1</name>
<link ></link></wpt>
<trk>
<name>Треки и точки по маршруту №1 Тропы Березополья</name>
<link ></link>
<trkseg>
<trkpt lat="56.115035" lon="43.522749">
<ele>121</ele>
<time>1970-01-01T00:00:01Z</time>
<link ></link></trkpt>
<trkpt lat="56.11497" lon="43.521955">
<ele>121.72</ele>
<time>1970-01-01T00:00:01Z</time>
<link ></link></trkpt>
<trkpt lat="56.11497" lon="43.519337">
<ele>121.91999999999999</ele>
<time>1970-01-01T00:00:01Z</time>
<link ></link></trkpt>
<trkpt lat="56.114734" lon="43.516848">
<ele>120.80000000000001</ele>
<time>1970-01-01T00:00:01Z</time>
<link ></link></trkpt>
<trkpt lat="56.114799" lon="43.516548">
<ele>120.12</ele>
<time>1970-01-01T00:00:01Z</time>
<link ></link></trkpt>
<trkpt lat="56.114927" lon="43.516376">
<ele>119.48000000000002</ele>
<time>1970-01-01T00:00:01Z</time>
<link ></link></trkpt>
<trkpt lat="56.115185" lon="43.516226">
<ele>119.36000000000001</ele>
<time>1970-01-01T00:00:01Z</time>
<link ></link></trkpt>
<trkpt lat="56.115829" lon="43.515969">
<ele>119.20000000000002</ele>
<time>1970-01-01T00:00:01Z</time>
<link ></link></trkpt>
<trkpt lat="56.116129" lon="43.515732">
<ele>118.64000000000001</ele>
<time>1970-01-01T00:00:01Z</time>
<link ></link></trkpt>
<trkpt lat="56.116215" lon="43.515561">
<ele>118.48000000000002</ele>
<time>1970-01-01T00:00:01Z</time>
<link ></link></trkpt>
<trkpt lat="56.116258" lon="43.515067">
<ele>118.32000000000001</ele>
<time>1970-01-01T00:00:01Z</time>
<link ></link></trkpt>
<trkpt lat="56.116322" lon="43.514896">
<ele>118.84000000000002</ele>
<time>1970-01-01T00:00:01Z</time>
<link ></link></trkpt>
<trkpt lat="56.11658" lon="43.514466">
<ele>119.16</ele>
<time>1970-01-01T00:00:01Z</time>
<link ></link></trkpt>
<trkpt lat="56.11658" lon="43.513973">
<ele>119.68</ele>
<time>1970-01-01T00:00:01Z</time>
<link ></link></trkpt>
<trkpt lat="56.116472" lon="43.513222">
<ele>119.84</ele>
<time>1970-01-01T00:00:01Z</time>
<link ></link></trkpt>
<trkpt lat="56.116494" lon="43.512686">
<ele>120.0</ele>
<time>1970-01-01T00:00:01Z</time>
<link ></link></trkpt>
<trkpt lat="56.116215" lon="43.510561">
<ele>120.0</ele>
<time>1970-01-01T00:00:01Z</time>
<link ></link></trkpt>
<trkpt lat="56.115743" lon="43.507986">
<ele>120.16</ele>
<time>1970-01-01T00:00:01Z</time>
<link ></link></trkpt>
<trkpt lat="56.115721" lon="43.507514">
<ele>120.32000000000001</ele>
<time>1970-01-01T00:00:01Z</time>
<link ></link></trkpt>
<trkpt lat="56.115614" lon="43.507064">
<ele>120.68</ele>
<time>1970-01-01T00:00:01Z</time>
<link ></link></trkpt>
<trkpt lat="56.115335" lon="43.505111">
<ele>120.84000000000002</ele>
<time>1970-01-01T00:00:01Z</time>
<link ></link></trkpt>
<trkpt lat="56.115249" lon="43.504789">
<ele>121.48000000000002</ele>
<time>1970-01-01T00:00:01Z</time>
<link ></link></trkpt>
<trkpt lat="56.115078" lon="43.50333">
<ele>121.96000000000001</ele>
<time>1970-01-01T00:00:01Z</time>
<link ></link></trkpt>
<trkpt lat="56.114198" lon="43.498674">
<ele>123.04000000000002</ele>
<time>1970-01-01T00:00:01Z</time>
<link ></link></trkpt>
<trkpt lat="56.114241" lon="43.498481">
<ele>123.36000000000001</ele>
<time>1970-01-01T00:00:01Z</time>
<link ></link></trkpt>
<trkpt lat="56.114541" lon="43.497772">
<ele>123.68</ele>
<time>1970-01-01T00:00:01Z</time>
<link ></link></trkpt>
<trkpt lat="56.114799" lon="43.497451">
<ele>123.32000000000002</ele>
<time>1970-01-01T00:00:01Z</time>
<link ></link></trkpt>
<trkpt lat="56.11512" lon="43.497193">
<ele>123.16000000000003</ele>
<time>1970-01-01T00:00:01Z</time>
<link ></link></trkpt>
<trkpt lat="56.11512" lon="43.497064">
<ele>123.00000000000003</ele>
<time>1970-01-01T00:00:01Z</time>
<link ></link></trkpt>
<trkpt lat="56.114992" lon="43.496635">
<ele>123.16000000000003</ele>
<time>1970-01-01T00:00:01Z</time>
<link ></link></trkpt>
<trkpt lat="56.114927" lon="43.496206">
<ele>123.32000000000001</ele>
<time>1970-01-01T00:00:01Z</time>
<link ></link></trkpt>
<trkpt lat="56.115035" lon="43.49597">
<ele>124.32000000000002</ele>
<time>1970-01-01T00:00:01Z</time>
<link ></link></trkpt>
<trkpt lat="56.115185" lon="43.495841">
<ele>124.48000000000002</ele>
<time>1970-01-01T00:00:01Z</time>
<link ></link></trkpt>
<trkpt lat="56.116837" lon="43.493824">
<ele>125.44000000000003</ele>
<time>1970-01-01T00:00:01Z</time>
<link ></link></trkpt>
<trkpt lat="56.119305" lon="43.49052">
<ele>124.64000000000001</ele>
<time>1970-01-01T00:00:01Z</time>
<link ></link></trkpt>
<trkpt lat="56.119605" lon="43.490198">
<ele>124.48000000000002</ele>
<time>1970-01-01T00:00:01Z</time>
<link ></link></trkpt>
<trkpt lat="56.120013" lon="43.489833">
<ele>123.68</ele>
<time>1970-01-01T00:00:01Z</time>
<link ></link></trkpt>
<trkpt lat="56.120635" lon="43.489125">
<ele>122.68</ele>
<time>1970-01-01T00:00:01Z</time>
<link ></link></trkpt>
<trkpt lat="56.121772" lon="43.486808">
<ele>121.88000000000002</ele>
<time>1970-01-01T00:00:01Z</time>
<link ></link></trkpt>
<trkpt lat="56.122716" lon="43.485477">
<ele>120.28</ele>
<time>1970-01-01T00:00:01Z</time>
<link ></link></trkpt>
<trkpt lat="56.122995" lon="43.485198">
<ele>119.64000000000001</ele>
<time>1970-01-01T00:00:01Z</time>
<link ></link></trkpt>
<trkpt lat="56.123081" lon="43.485155">
<ele>119.16000000000001</ele>
<time>1970-01-01T00:00:01Z</time>
<link ></link></trkpt>
<trkpt lat="56.123317" lon="43.485155">
<ele>119.32000000000001</ele>
<time>1970-01-01T00:00:01Z</time>
<link ></link></trkpt>
<trkpt lat="56.12351" lon="43.484941">
<ele>119.68</ele>
<time>1970-01-01T00:00:01Z</time>
<link ></link></trkpt>
<trkpt lat="56.123682" lon="43.484855">
<ele>119.84</ele>
<time>1970-01-01T00:00:01Z</time>
<link ></link></trkpt>
<trkpt lat="56.123789" lon="43.484833">
<ele>120.0</ele>
<time>1970-01-01T00:00:01Z</time>
<link ></link></trkpt>
<trkpt lat="56.123854" lon="43.484898">
<ele>120.16</ele>
<time>1970-01-01T00:00:01Z</time>
<link ></link></trkpt>
<trkpt lat="56.123918" lon="43.484898">
<ele>120.48</ele>
<time>1970-01-01T00:00:01Z</time>
<link ></link></trkpt>
<trkpt lat="56.124669" lon="43.484833">
<ele>121.64000000000001</ele>
<time>1970-01-01T00:00:01Z</time>
<link ></link></trkpt>
<trkpt lat="56.12542" lon="43.484276">
<ele>122.80000000000001</ele>
<time>1970-01-01T00:00:01Z</time>
<link ></link></trkpt>
<trkpt lat="56.126107" lon="43.484082">
<ele>124.72000000000001</ele>
<time>1970-01-01T00:00:01Z</time>
<link ></link></trkpt>
<trkpt lat="56.126171" lon="43.48404">
<ele>125.84000000000002</ele>
<time>1970-01-01T00:00:01Z</time>
<link ></link></trkpt>
<trkpt lat="56.127866" lon="43.477452">
<ele>127.80000000000001</ele>
<time>1970-01-01T00:00:01Z</time>
<link ></link></trkpt>
<trkpt lat="56.128553" lon="43.474512">
<ele>128.96000000000004</ele>
<time>1970-01-01T00:00:01Z</time>
<link ></link></trkpt>
<trkpt lat="56.128853" lon="43.472946">
<ele>131.08</ele>
<time>1970-01-01T00:00:01Z</time>
<link ></link></trkpt>
<trkpt lat="56.129004" lon="43.471852">
<ele>131.20000000000002</ele>
<time>1970-01-01T00:00:01Z</time>
<link ></link></trkpt>
<trkpt lat="56.129347" lon="43.470822">
<ele>132.2</ele>
<time>1970-01-01T00:00:01Z</time>
<link ></link></trkpt>
<trkpt lat="56.129905" lon="43.469813">
<ele>131.72</ele>
<time>1970-01-01T00:00:01Z</time>
<link ></link></trkpt>
<trkpt lat="56.131879" lon="43.466938">
<ele>132.84</ele>
<time>1970-01-01T00:00:01Z</time>
<link ></link></trkpt>
<trkpt lat="56.132544" lon="43.465886">
<ele>133.72</ele>
<time>1970-01-01T00:00:01Z</time>
<link ></link></trkpt>
<trkpt lat="56.132802" lon="43.465564">
<ele>135.28</ele>
<time>1970-01-01T00:00:01Z</time>
<link ></link></trkpt>
<trkpt lat="56.133703" lon="43.462067">
<ele>136.96</ele>
<time>1970-01-01T00:00:01Z</time>
<link ></link></trkpt>
<trkpt lat="56.133917" lon="43.461015">
<ele>138.24</ele>
<time>1970-01-01T00:00:01Z</time>
<link ></link></trkpt>
<trkpt lat="56.134561" lon="43.461209">
<ele>139.24</ele>
<time>1970-01-01T00:00:01Z</time>
<link ></link></trkpt>
<trkpt lat="56.138123" lon="43.461809">
<ele>139.12</ele>
<time>1970-01-01T00:00:01Z</time>
<link ></link></trkpt>
<trkpt lat="56.139732" lon="43.462045">
<ele>139.16</ele>
<time>1970-01-01T00:00:01Z</time>
<link ></link></trkpt>
<trkpt lat="56.139904" lon="43.462045">
<ele>138.04</ele>
<time>1970-01-01T00:00:01Z</time>
<link ></link></trkpt>
<trkpt lat="56.139968" lon="43.461895">
<ele>137.24</ele>
<time>1970-01-01T00:00:01Z</time>
<link ></link></trkpt>
<trkpt lat="56.139046" lon="43.457775">
<ele>135.76000000000002</ele>
<time>1970-01-01T00:00:01Z</time>
<link ></link></trkpt>
<trkpt lat="56.139046" lon="43.457475">
<ele>134.92000000000002</ele>
<time>1970-01-01T00:00:01Z</time>
<link ></link></trkpt>
<trkpt lat="56.139217" lon="43.457067">
<ele>134.88000000000002</ele>
<time>1970-01-01T00:00:01Z</time>
<link ></link></trkpt>
<trkpt lat="56.139518" lon="43.456531">
<ele>134.84</ele>
<time>1970-01-01T00:00:01Z</time>
<link ></link></trkpt>
<trkpt lat="56.139647" lon="43.456359">
<ele>135.48000000000002</ele>
<time>1970-01-01T00:00:01Z</time>
<link ></link></trkpt>
<trkpt lat="56.139818" lon="43.456209">
<ele>135.64000000000001</ele>
<time>1970-01-01T00:00:01Z</time>
<link ></link></trkpt>
<trkpt lat="56.140204" lon="43.455286">
<ele>136.36</ele>
<time>1970-01-01T00:00:01Z</time>
<link ></link></trkpt>
<trkpt lat="56.140355" lon="43.454685">
<ele>136.68</ele>
<time>1970-01-01T00:00:01Z</time>
<link ></link></trkpt>
<trkpt lat="56.140462" lon="43.454449">
<ele>136.84000000000003</ele>
<time>1970-01-01T00:00:01Z</time>
<link ></link></trkpt>
<trkpt lat="56.140548" lon="43.454106">
<ele>136.36</ele>
<time>1970-01-01T00:00:01Z</time>
<link ></link></trkpt>
<trkpt lat="56.140998" lon="43.452797">
<ele>135.68000000000004</ele>
<time>1970-01-01T00:00:01Z</time>
<link ></link></trkpt>
<trkpt lat="56.141234" lon="43.452261">
<ele>134.8</ele>
<time>1970-01-01T00:00:01Z</time>
<link ></link></trkpt>
<trkpt lat="56.141385" lon="43.45211">
<ele>134.32000000000002</ele>
<time>1970-01-01T00:00:01Z</time>
<link ></link></trkpt>
<trkpt lat="56.14147" lon="43.451917">
<ele>134.0</ele>
<time>1970-01-01T00:00:01Z</time>
<link ></link></trkpt>
<trkpt lat="56.141535" lon="43.451488">
<ele>134.0</ele>
<time>1970-01-01T00:00:01Z</time>
<link ></link></trkpt>
<trkpt lat="56.141492" lon="43.451102">
<ele>134.32000000000002</ele>
<time>1970-01-01T00:00:01Z</time>
<link ></link></trkpt>
<trkpt lat="56.140762" lon="43.44857">
<ele>133.68</ele>
<time>1970-01-01T00:00:01Z</time>
<link ></link></trkpt>
<trkpt lat="56.140376" lon="43.447626">
<ele>132.48000000000002</ele>
<time>1970-01-01T00:00:01Z</time>
<link ></link></trkpt>
<trkpt lat="56.139689" lon="43.445437">
<ele>129.68</ele>
<time>1970-01-01T00:00:01Z</time>
<link ></link></trkpt>
<trkpt lat="56.139539" lon="43.443291">
<ele>126.24000000000001</ele>
<time>1970-01-01T00:00:01Z</time>
<link ></link></trkpt>
<trkpt lat="56.139561" lon="43.442648">
<ele>123.68</ele>
<time>1970-01-01T00:00:01Z</time>
<link ></link></trkpt>
<trkpt lat="56.139604" lon="43.44239">
<ele>121.28</ele>
<time>1970-01-01T00:00:01Z</time>
<link ></link></trkpt>
<trkpt lat="56.139668" lon="43.442326">
<ele>120.64</ele>
<time>1970-01-01T00:00:01Z</time>
<link ></link></trkpt>
<trkpt lat="56.139711" lon="43.442347">
<ele>120.0</ele>
<time>1970-01-01T00:00:01Z</time>
<link ></link></trkpt>
<trkpt lat="56.139818" lon="43.442283">
<ele>120.0</ele>
<time>1970-01-01T00:00:01Z</time>
<link ></link></trkpt>
<trkpt lat="56.139925" lon="43.442347">
<ele>120.0</ele>
<time>1970-01-01T00:00:01Z</time>
<link ></link></trkpt>
<trkpt lat="56.139968" lon="43.442283">
<ele>120.0</ele>
<time>1970-01-01T00:00:01Z</time>
<link ></link></trkpt>
<trkpt lat="56.139925" lon="43.442133">
<ele>120.0</ele>
<time>1970-01-01T00:00:01Z</time>
<link ></link></trkpt>
<trkpt lat="56.139754" lon="43.44194">
<ele>120.0</ele>
<time>1970-01-01T00:00:01Z</time>
<link ></link></trkpt>
<trkpt lat="56.139754" lon="43.441704">
<ele>120.80000000000001</ele>
<time>1970-01-01T00:00:01Z</time>
<link ></link></trkpt>
<trkpt lat="56.139647" lon="43.441403">
<ele>121.60000000000001</ele>
<time>1970-01-01T00:00:01Z</time>
<link ></link></trkpt>
<trkpt lat="56.139732" lon="43.440824">
<ele>123.24000000000001</ele>
<time>1970-01-01T00:00:01Z</time>
<link ></link></trkpt>
<trkpt lat="56.139711" lon="43.440545">
<ele>123.88000000000001</ele>
<time>1970-01-01T00:00:01Z</time>
<link ></link></trkpt>
<trkpt lat="56.139754" lon="43.439987">
<ele>124.32</ele>
<time>1970-01-01T00:00:01Z</time>
<link ></link></trkpt>
<trkpt lat="56.139732" lon="43.439622">
<ele>124.80000000000001</ele>
<time>1970-01-01T00:00:01Z</time>
<link ></link></trkpt>
<trkpt lat="56.139818" lon="43.4393">
<ele>124.32</ele>
<time>1970-01-01T00:00:01Z</time>
<link ></link></trkpt>
<trkpt lat="56.140355" lon="43.438421">
<ele>124.80000000000001</ele>
<time>1970-01-01T00:00:01Z</time>
<link ></link></trkpt>
<trkpt lat="56.14087" lon="43.437863">
<ele>123.28</ele>
<time>1970-01-01T00:00:01Z</time>
<link ></link></trkpt>
<trkpt lat="56.140977" lon="43.43782">
<ele>123.76000000000002</ele>
<time>1970-01-01T00:00:01Z</time>
<link ></link></trkpt>
<trkpt lat="56.141621" lon="43.437841">
<ele>123.60000000000001</ele>
<time>1970-01-01T00:00:01Z</time>
<link ></link></trkpt>
<trkpt lat="56.141728" lon="43.43782">
<ele>125.4</ele>
<time>1970-01-01T00:00:01Z</time>
<link ></link></trkpt>
<trkpt lat="56.142028" lon="43.437584">
<ele>125.88000000000001</ele>
<time>1970-01-01T00:00:01Z</time>
<link ></link></trkpt>
<trkpt lat="56.1422" lon="43.437541">
<ele>126.36000000000001</ele>
<time>1970-01-01T00:00:01Z</time>
<link ></link></trkpt>
<trkpt lat="56.142586" lon="43.437262">
<ele>125.64000000000001</ele>
<time>1970-01-01T00:00:01Z</time>
<link ></link></trkpt>
<trkpt lat="56.143037" lon="43.437047">
<ele>126.60000000000001</ele>
<time>1970-01-01T00:00:01Z</time>
<link ></link></trkpt>
<trkpt lat="56.143187" lon="43.436918">
<ele>127.56</ele>
<time>1970-01-01T00:00:01Z</time>
<link ></link></trkpt>
<trkpt lat="56.14338" lon="43.436876">
<ele>129.64000000000001</ele>
<time>1970-01-01T00:00:01Z</time>
<link ></link></trkpt>
<trkpt lat="56.143573" lon="43.436682">
<ele>130.12</ele>
<time>1970-01-01T00:00:01Z</time>
<link ></link></trkpt>
<trkpt lat="56.143638" lon="43.436554">
<ele>129.60000000000002</ele>
<time>1970-01-01T00:00:01Z</time>
<link ></link></trkpt>
<trkpt lat="56.143831" lon="43.436532">
<ele>130.88</ele>
<time>1970-01-01T00:00:01Z</time>
<link ></link></trkpt>
<trkpt lat="56.14396" lon="43.436361">
<ele>131.04000000000002</ele>
<time>1970-01-01T00:00:01Z</time>
<link ></link></trkpt>
<trkpt lat="56.144174" lon="43.43621">
<ele>133.8</ele>
<time>1970-01-01T00:00:01Z</time>
<link ></link></trkpt>
<trkpt lat="56.144453" lon="43.435524">
<ele>132.56</ele>
<time>1970-01-01T00:00:01Z</time>
<link ></link></trkpt>
<trkpt lat="56.144882" lon="43.43473">
<ele>133.32</ele>
<time>1970-01-01T00:00:01Z</time>
<link ></link></trkpt>
<trkpt lat="56.144968" lon="43.434408">
<ele>132.2</ele>
<time>1970-01-01T00:00:01Z</time>
<link ></link></trkpt>
<trkpt lat="56.145075" lon="43.434215">
<ele>134.20000000000002</ele>
<time>1970-01-01T00:00:01Z</time>
<link ></link></trkpt>
<trkpt lat="56.145247" lon="43.434086">
<ele>134.0</ele>
<time>1970-01-01T00:00:01Z</time>
<link ></link></trkpt>
<trkpt lat="56.145419" lon="43.433721">
<ele>134.32</ele>
<time>1970-01-01T00:00:01Z</time>
<link ></link></trkpt>
<trkpt lat="56.145483" lon="43.4337">
<ele>132.88</ele>
<time>1970-01-01T00:00:01Z</time>
<link ></link></trkpt>
<trkpt lat="56.145655" lon="43.433056">
<ele>132.92000000000002</ele>
<time>1970-01-01T00:00:01Z</time>
<link ></link></trkpt>
<trkpt lat="56.145762" lon="43.432241">
<ele>132.72000000000003</ele>
<time>1970-01-01T00:00:01Z</time>
<link ></link></trkpt>
<trkpt lat="56.146041" lon="43.431876">
<ele>134.32000000000002</ele>
<time>1970-01-01T00:00:01Z</time>
<link ></link></trkpt>
<trkpt lat="56.146105" lon="43.431597">
<ele>134.0</ele>
<time>1970-01-01T00:00:01Z</time>
<link ></link></trkpt>
<trkpt lat="56.14632" lon="43.431146">
<ele>136.08</ele>
<time>1970-01-01T00:00:01Z</time>
<link ></link></trkpt>
<trkpt lat="56.146599" lon="43.430889">
<ele>136.88</ele>
<time>1970-01-01T00:00:01Z</time>
<link ></link></trkpt>
<trkpt lat="56.146685" lon="43.430846">
<ele>139.32000000000002</ele>
<time>1970-01-01T00:00:01Z</time>
<link ></link></trkpt>
<trkpt lat="56.146749" lon="43.430867">
<ele>139.96</ele>
<time>1970-01-01T00:00:01Z</time>
<link ></link></trkpt>
<trkpt lat="56.146792" lon="43.430824">
<ele>139.60000000000002</ele>
<time>1970-01-01T00:00:01Z</time>
<link ></link></trkpt>
<trkpt lat="56.146856" lon="43.430674">
<ele>138.8</ele>
<time>1970-01-01T00:00:01Z</time>
<link ></link></trkpt>
<trkpt lat="56.147007" lon="43.430524">
<ele>138.0</ele>
<time>1970-01-01T00:00:01Z</time>
<link ></link></trkpt>
<trkpt lat="56.147028" lon="43.430395">
<ele>137.84000000000003</ele>
<time>1970-01-01T00:00:01Z</time>
<link ></link></trkpt>
<trkpt lat="56.1472" lon="43.430202">
<ele>137.68</ele>
<time>1970-01-01T00:00:01Z</time>
<link ></link></trkpt>
<trkpt lat="56.147264" lon="43.429945">
<ele>137.32000000000002</ele>
<time>1970-01-01T00:00:01Z</time>
<link ></link></trkpt>
<trkpt lat="56.14735" lon="43.429837">
<ele>137.16000000000003</ele>
<time>1970-01-01T00:00:01Z</time>
<link ></link></trkpt>
<trkpt lat="56.147564" lon="43.429644">
<ele>137.0</ele>
<time>1970-01-01T00:00:01Z</time>
<link ></link></trkpt>
<trkpt lat="56.147629" lon="43.429623">
<ele>137.0</ele>
<time>1970-01-01T00:00:01Z</time>
<link ></link></trkpt>
<trkpt lat="56.147693" lon="43.429537">
<ele>137.0</ele>
<time>1970-01-01T00:00:01Z</time>
<link ></link></trkpt>
<trkpt lat="56.147758" lon="43.429516">
<ele>137.0</ele>
<time>1970-01-01T00:00:01Z</time>
<link ></link></trkpt>
<trkpt lat="56.147865" lon="43.429365">
<ele>137.32</ele>
<time>1970-01-01T00:00:01Z</time>
<link ></link></trkpt>
<trkpt lat="56.148187" lon="43.429215">
<ele>137.64000000000001</ele>
<time>1970-01-01T00:00:01Z</time>
<link ></link></trkpt>
<trkpt lat="56.148337" lon="43.429043">
<ele>138.36</ele>
<time>1970-01-01T00:00:01Z</time>
<link ></link></trkpt>
<trkpt lat="56.148401" lon="43.429043">
<ele>138.68</ele>
<time>1970-01-01T00:00:01Z</time>
<link ></link></trkpt>
<trkpt lat="56.148551" lon="43.428829">
<ele>139.0</ele>
<time>1970-01-01T00:00:01Z</time>
<link ></link></trkpt>
<trkpt lat="56.14868" lon="43.428743">
<ele>139.0</ele>
<time>1970-01-01T00:00:01Z</time>
<link ></link></trkpt>
<trkpt lat="56.148745" lon="43.428786">
<ele>139.0</ele>
<time>1970-01-01T00:00:01Z</time>
<link ></link></trkpt>
<trkpt lat="56.148852" lon="43.428743">
<ele>139.32000000000002</ele>
<time>1970-01-01T00:00:01Z</time>
<link ></link></trkpt>
<trkpt lat="56.148938" lon="43.428486">
<ele>139.32</ele>
<time>1970-01-01T00:00:01Z</time>
<link ></link></trkpt>
<trkpt lat="56.149066" lon="43.428314">
<ele>139.72000000000003</ele>
<time>1970-01-01T00:00:01Z</time>
<link ></link></trkpt>
<trkpt lat="56.149174" lon="43.428014">
<ele>139.64000000000001</ele>
<time>1970-01-01T00:00:01Z</time>
<link ></link></trkpt>
<trkpt lat="56.149539" lon="43.427541">
<ele>139.96000000000004</ele>
<time>1970-01-01T00:00:01Z</time>
<link ></link></trkpt>
<trkpt lat="56.149753" lon="43.427456">
<ele>140.36</ele>
<time>1970-01-01T00:00:01Z</time>
<link ></link></trkpt>
<trkpt lat="56.149796" lon="43.427348">
<ele>140.20000000000002</ele>
<time>1970-01-01T00:00:01Z</time>
<link ></link></trkpt>
<trkpt lat="56.149968" lon="43.427177">
<ele>140.04000000000002</ele>
<time>1970-01-01T00:00:01Z</time>
<link ></link></trkpt>
<trkpt lat="56.150075" lon="43.427177">
<ele>140.08</ele>
<time>1970-01-01T00:00:01Z</time>
<link ></link></trkpt>
<trkpt lat="56.150204" lon="43.427499">
<ele>139.60000000000002</ele>
<time>1970-01-01T00:00:01Z</time>
<link ></link></trkpt>
<trkpt lat="56.150247" lon="43.42752">
<ele>141.64000000000001</ele>
<time>1970-01-01T00:00:01Z</time>
<link ></link></trkpt>
<trkpt lat="56.150354" lon="43.427413">
<ele>141.36</ele>
<time>1970-01-01T00:00:01Z</time>
<link ></link></trkpt>
<trkpt lat="56.150869" lon="43.427134">
<ele>143.88</ele>
<time>1970-01-01T00:00:01Z</time>
<link ></link></trkpt>
<trkpt lat="56.150998" lon="43.426833">
<ele>143.56</ele>
<time>1970-01-01T00:00:01Z</time>
<link ></link></trkpt>
<trkpt lat="56.151255" lon="43.426683">
<ele>144.36</ele>
<time>1970-01-01T00:00:01Z</time>
<link ></link></trkpt>
<trkpt lat="56.15132" lon="43.426511">
<ele>143.96</ele>
<time>1970-01-01T00:00:01Z</time>
<link ></link></trkpt>
<trkpt lat="56.15147" lon="43.426511">
<ele>145.88000000000002</ele>
<time>1970-01-01T00:00:01Z</time>
<link ></link></trkpt>
<trkpt lat="56.151641" lon="43.426748">
<ele>148.20000000000002</ele>
<time>1970-01-01T00:00:01Z</time>
<link ></link></trkpt>
<trkpt lat="56.152028" lon="43.427906">
<ele>152.84</ele>
<time>1970-01-01T00:00:01Z</time>
<link ></link></trkpt>
<trkpt lat="56.152113" lon="43.428014">
<ele>154.92000000000002</ele>
<time>1970-01-01T00:00:01Z</time>
<link ></link></trkpt>
<trkpt lat="56.152478" lon="43.428271">
<ele>156.68</ele>
<time>1970-01-01T00:00:01Z</time>
<link ></link></trkpt>
<trkpt lat="56.152757" lon="43.428292">
<ele>156.32000000000002</ele>
<time>1970-01-01T00:00:01Z</time>
<link ></link></trkpt>
<trkpt lat="56.152886" lon="43.428207">
<ele>156.48000000000002</ele>
<time>1970-01-01T00:00:01Z</time>
<link ></link></trkpt>
<trkpt lat="56.153079" lon="43.428207">
<ele>156.64</ele>
<time>1970-01-01T00:00:01Z</time>
<link ></link></trkpt>
<trkpt lat="56.153337" lon="43.428228">
<ele>157.68</ele>
<time>1970-01-01T00:00:01Z</time>
<link ></link></trkpt>
<trkpt lat="56.153551" lon="43.428314">
<ele>158.32</ele>
<time>1970-01-01T00:00:01Z</time>
<link ></link></trkpt>
<trkpt lat="56.153744" lon="43.428443">
<ele>160.00000000000003</ele>
<time>1970-01-01T00:00:01Z</time>
<link ></link></trkpt>
<trkpt lat="56.15398" lon="43.4287">
<ele>161.28000000000003</ele>
<time>1970-01-01T00:00:01Z</time>
<link ></link></trkpt>
<trkpt lat="56.154538" lon="43.42943">
<ele>163.36000000000004</ele>
<time>1970-01-01T00:00:01Z</time>
<link ></link></trkpt>
<trkpt lat="56.155139" lon="43.430138">
<ele>164.72000000000003</ele>
<time>1970-01-01T00:00:01Z</time>
<link ></link></trkpt>
<trkpt lat="56.155332" lon="43.430245">
<ele>165.68</ele>
<time>1970-01-01T00:00:01Z</time>
<link ></link></trkpt>
<trkpt lat="56.155911" lon="43.430331">
<ele>166.0</ele>
<time>1970-01-01T00:00:01Z</time>
<link ></link></trkpt>
<trkpt lat="56.156126" lon="43.430438">
<ele>165.52</ele>
<time>1970-01-01T00:00:01Z</time>
<link ></link></trkpt>
<trkpt lat="56.156512" lon="43.430481">
<ele>165.04000000000002</ele>
<time>1970-01-01T00:00:01Z</time>
<link ></link></trkpt>
<trkpt lat="56.156684" lon="43.430588">
<ele>163.95999999999998</ele>
<time>1970-01-01T00:00:01Z</time>
<link ></link></trkpt>
<trkpt lat="56.156748" lon="43.430546">
<ele>163.48000000000002</ele>
<time>1970-01-01T00:00:01Z</time>
<link ></link></trkpt>
<trkpt lat="56.156963" lon="43.430159">
<ele>163.64000000000004</ele>
<time>1970-01-01T00:00:01Z</time>
<link ></link></trkpt>
<trkpt lat="56.15722" lon="43.429558">
<ele>164.28</ele>
<time>1970-01-01T00:00:01Z</time>
<link ></link></trkpt>
<trkpt lat="56.157585" lon="43.428271">
<ele>166.04000000000002</ele>
<time>1970-01-01T00:00:01Z</time>
<link ></link></trkpt>
<trkpt lat="56.157971" lon="43.427627">
<ele>167.48</ele>
<time>1970-01-01T00:00:01Z</time>
<link ></link></trkpt>
<trkpt lat="56.158744" lon="43.42649">
<ele>169.32</ele>
<time>1970-01-01T00:00:01Z</time>
<link ></link></trkpt>
<trkpt lat="56.159452" lon="43.425524">
<ele>170.56</ele>
<time>1970-01-01T00:00:01Z</time>
<link ></link></trkpt>
<trkpt lat="56.15986" lon="43.425267">
<ele>171.52</ele>
<time>1970-01-01T00:00:01Z</time>
<link ></link></trkpt>
<trkpt lat="56.160074" lon="43.425074">
<ele>172.12</ele>
<time>1970-01-01T00:00:01Z</time>
<link ></link></trkpt>
<trkpt lat="56.160418" lon="43.424537">
<ele>173.8</ele>
<time>1970-01-01T00:00:01Z</time>
<link ></link></trkpt>
<trkpt lat="56.161212" lon="43.423529">
<ele>175.60000000000002</ele>
<time>1970-01-01T00:00:01Z</time>
<link ></link></trkpt>
<trkpt lat="56.163529" lon="43.420761">
<ele>178.88</ele>
<time>1970-01-01T00:00:01Z</time>
<link ></link></trkpt>
<trkpt lat="56.164366" lon="43.419559">
<ele>180.88</ele>
<time>1970-01-01T00:00:01Z</time>
<link ></link></trkpt>
<trkpt lat="56.164602" lon="43.419152">
<ele>180.96</ele>
<time>1970-01-01T00:00:01Z</time>
<link ></link></trkpt>
<trkpt lat="56.164688" lon="43.41795">
<ele>179.0</ele>
<time>1970-01-01T00:00:01Z</time>
<link ></link></trkpt>
<trkpt lat="56.166426" lon="43.412028">
<ele>170.56000000000003</ele>
<time>1970-01-01T00:00:01Z</time>
<link ></link></trkpt>
<trkpt lat="56.166812" lon="43.411041">
<ele>162.60000000000002</ele>
<time>1970-01-01T00:00:01Z</time>
<link ></link></trkpt>
<trkpt lat="56.169709" lon="43.404947">
<ele>149.24000000000004</ele>
<time>1970-01-01T00:00:01Z</time>
<link ></link></trkpt>
<trkpt lat="56.170567" lon="43.403037">
<ele>140.88000000000002</ele>
<time>1970-01-01T00:00:01Z</time>
<link ></link></trkpt>
<trkpt lat="56.17134" lon="43.401492">
<ele>133.60000000000002</ele>
<time>1970-01-01T00:00:01Z</time>
<link ></link></trkpt>
<trkpt lat="56.172069" lon="43.399818">
<ele>131.92000000000002</ele>
<time>1970-01-01T00:00:01Z</time>
<link ></link></trkpt>
<trkpt lat="56.172563" lon="43.397823">
<ele>132.92000000000002</ele>
<time>1970-01-01T00:00:01Z</time>
<link ></link></trkpt>
<trkpt lat="56.173185" lon="43.394819">
<ele>136.16000000000003</ele>
<time>1970-01-01T00:00:01Z</time>
<link ></link></trkpt>
<trkpt lat="56.173399" lon="43.394325">
<ele>138.48000000000002</ele>
<time>1970-01-01T00:00:01Z</time>
<link ></link></trkpt>
<trkpt lat="56.173571" lon="43.394132">
<ele>141.48000000000002</ele>
<time>1970-01-01T00:00:01Z</time>
<link ></link></trkpt>
<trkpt lat="56.173571" lon="43.393274">
<ele>142.84000000000003</ele>
<time>1970-01-01T00:00:01Z</time>
<link ></link></trkpt>
<trkpt lat="56.173485" lon="43.392351">
<ele>144.56</ele>
<time>1970-01-01T00:00:01Z</time>
<link ></link></trkpt>
<trkpt lat="56.173335" lon="43.391986">
<ele>145.84000000000003</ele>
<time>1970-01-01T00:00:01Z</time>
<link ></link></trkpt>
<trkpt lat="56.173271" lon="43.39145">
<ele>149.48000000000002</ele>
<time>1970-01-01T00:00:01Z</time>
<link ></link></trkpt>
<trkpt lat="56.173357" lon="43.391171">
<ele>153.64000000000001</ele>
<time>1970-01-01T00:00:01Z</time>
<link ></link></trkpt>
<trkpt lat="56.177691" lon="43.388145">
<ele>160.92000000000002</ele>
<time>1970-01-01T00:00:01Z</time>
<link ></link></trkpt>
<trkpt lat="56.17782" lon="43.387974">
<ele>164.60000000000002</ele>
<time>1970-01-01T00:00:01Z</time>
<link ></link></trkpt>
<trkpt lat="56.177948" lon="43.387287">
<ele>168.04000000000002</ele>
<time>1970-01-01T00:00:01Z</time>
<link ></link></trkpt>
<trkpt lat="56.178463" lon="43.382759">
<ele>168.16000000000003</ele>
<time>1970-01-01T00:00:01Z</time>
<link ></link></trkpt>
<trkpt lat="56.178764" lon="43.381944">
<ele>168.16000000000003</ele>
<time>1970-01-01T00:00:01Z</time>
<link ></link></trkpt>
<trkpt lat="56.178828" lon="43.380914">
<ele>168.04000000000002</ele>
<time>1970-01-01T00:00:01Z</time>
<link ></link></trkpt>
<trkpt lat="56.17885" lon="43.378425">
<ele>167.32</ele>
<time>1970-01-01T00:00:01Z</time>
<link ></link></trkpt>
<trkpt lat="56.177391" lon="43.375421">
<ele>167.0</ele>
<time>1970-01-01T00:00:01Z</time>
<link ></link></trkpt>
<trkpt lat="56.17458" lon="43.368683">
<ele>166.0</ele>
<time>1970-01-01T00:00:01Z</time>
<link ></link></trkpt>
<trkpt lat="56.174429" lon="43.368232">
<ele>165.20000000000002</ele>
<time>1970-01-01T00:00:01Z</time>
<link ></link></trkpt>
<trkpt lat="56.1737" lon="43.367074">
<ele>164.16000000000003</ele>
<time>1970-01-01T00:00:01Z</time>
<link ></link></trkpt>
<trkpt lat="56.173442" lon="43.366559">
<ele>163.28000000000003</ele>
<time>1970-01-01T00:00:01Z</time>
<link ></link></trkpt>
<trkpt lat="56.173163" lon="43.366344">
<ele>163.0</ele>
<time>1970-01-01T00:00:01Z</time>
<link ></link></trkpt>
<trkpt lat="56.172906" lon="43.366301">
<ele>162.52000000000004</ele>
<time>1970-01-01T00:00:01Z</time>
<link ></link></trkpt>
<trkpt lat="56.17267" lon="43.366366">
<ele>162.36</ele>
<time>1970-01-01T00:00:01Z</time>
<link ></link></trkpt>
<trkpt lat="56.172348" lon="43.366323">
<ele>160.68</ele>
<time>1970-01-01T00:00:01Z</time>
<link ></link></trkpt>
<trkpt lat="56.171683" lon="43.365851">
<ele>158.44000000000003</ele>
<time>1970-01-01T00:00:01Z</time>
<link ></link></trkpt>
<trkpt lat="56.171468" lon="43.365808">
<ele>155.0</ele>
<time>1970-01-01T00:00:01Z</time>
<link ></link></trkpt>
<trkpt lat="56.170803" lon="43.365529">
<ele>151.88</ele>
<time>1970-01-01T00:00:01Z</time>
<link ></link></trkpt>
<trkpt lat="56.17061" lon="43.365357">
<ele>148.20000000000002</ele>
<time>1970-01-01T00:00:01Z</time>
<link ></link></trkpt>
<trkpt lat="56.170395" lon="43.365057">
<ele>145.0</ele>
<time>1970-01-01T00:00:01Z</time>
<link ></link></trkpt>
<trkpt lat="56.169687" lon="43.363962">
<ele>140.40000000000003</ele>
<time>1970-01-01T00:00:01Z</time>
<link ></link></trkpt>
<trkpt lat="56.169301" lon="43.362675">
<ele>139.96</ele>
<time>1970-01-01T00:00:01Z</time>
<link ></link></trkpt>
<trkpt lat="56.168571" lon="43.361259">
<ele>140.24</ele>
<time>1970-01-01T00:00:01Z</time>
<link ></link></trkpt>
<trkpt lat="56.165846" lon="43.356581">
<ele>146.32000000000002</ele>
<time>1970-01-01T00:00:01Z</time>
<link ></link></trkpt>
<trkpt lat="56.165203" lon="43.355594">
<ele>150.08</ele>
<time>1970-01-01T00:00:01Z</time>
<link ></link></trkpt>
<trkpt lat="56.164924" lon="43.355401">
<ele>154.4</ele>
<time>1970-01-01T00:00:01Z</time>
<link ></link></trkpt>
<trkpt lat="56.164666" lon="43.3551">
<ele>155.36</ele>
<time>1970-01-01T00:00:01Z</time>
<link ></link></trkpt>
<trkpt lat="56.16443" lon="43.35495">
<ele>156.32000000000002</ele>
<time>1970-01-01T00:00:01Z</time>
<link ></link></trkpt>
<trkpt lat="56.164237" lon="43.354671">
<ele>156.64</ele>
<time>1970-01-01T00:00:01Z</time>
<link ></link></trkpt>
<trkpt lat="56.163958" lon="43.353791">
<ele>157.20000000000002</ele>
<time>1970-01-01T00:00:01Z</time>
<link ></link></trkpt>
<trkpt lat="56.163915" lon="43.353298">
<ele>157.36</ele>
<time>1970-01-01T00:00:01Z</time>
<link ></link></trkpt>
<trkpt lat="56.163915" lon="43.352075">
<ele>157.64000000000001</ele>
<time>1970-01-01T00:00:01Z</time>
<link ></link></trkpt>
<trkpt lat="56.163851" lon="43.351474">
<ele>157.8</ele>
<time>1970-01-01T00:00:01Z</time>
<link ></link></trkpt>
<trkpt lat="56.163636" lon="43.35083">
<ele>159.64</ele>
<time>1970-01-01T00:00:01Z</time>
<link ></link></trkpt>
<trkpt lat="56.163336" lon="43.350315">
<ele>161.24</ele>
<time>1970-01-01T00:00:01Z</time>
<link ></link></trkpt>
<trkpt lat="56.162885" lon="43.349843">
<ele>164.76</ele>
<time>1970-01-01T00:00:01Z</time>
<link ></link></trkpt>
<trkpt lat="56.16252" lon="43.34965">
<ele>167.16000000000003</ele>
<time>1970-01-01T00:00:01Z</time>
<link ></link></trkpt>
<trkpt lat="56.162091" lon="43.3495">
<ele>169.95999999999998</ele>
<time>1970-01-01T00:00:01Z</time>
<link ></link></trkpt>
<trkpt lat="56.161533" lon="43.349157">
<ele>172.07999999999998</ele>
<time>1970-01-01T00:00:01Z</time>
<link ></link></trkpt>
<trkpt lat="56.161297" lon="43.348878">
<ele>173.04000000000002</ele>
<time>1970-01-01T00:00:01Z</time>
<link ></link></trkpt>
<trkpt lat="56.160911" lon="43.348255">
<ele>173.68000000000004</ele>
<time>1970-01-01T00:00:01Z</time>
<link ></link></trkpt>
<trkpt lat="56.160718" lon="43.34817">
<ele>173.48000000000002</ele>
<time>1970-01-01T00:00:01Z</time>
<link ></link></trkpt>
<trkpt lat="56.160546" lon="43.348234">
<ele>171.40000000000003</ele>
<time>1970-01-01T00:00:01Z</time>
<link ></link></trkpt>
<trkpt lat="56.160182" lon="43.348513">
<ele>169.20000000000005</ele>
<time>1970-01-01T00:00:01Z</time>
<link ></link></trkpt>
<trkpt lat="56.156598" lon="43.351646">
<ele>164.36</ele>
<time>1970-01-01T00:00:01Z</time>
<link ></link></trkpt>
<trkpt lat="56.156147" lon="43.351925">
<ele>161.40000000000003</ele>
<time>1970-01-01T00:00:01Z</time>
<link ></link></trkpt>
<trkpt lat="56.155911" lon="43.351968">
<ele>157.24</ele>
<time>1970-01-01T00:00:01Z</time>
<link ></link></trkpt>
<trkpt lat="56.155547" lon="43.35259">
<ele>154.28</ele>
<time>1970-01-01T00:00:01Z</time>
<link ></link></trkpt>
<trkpt lat="56.153401" lon="43.353791">
<ele>149.44</ele>
<time>1970-01-01T00:00:01Z</time>
<link ></link></trkpt>
<trkpt lat="56.152693" lon="43.35392">
<ele>143.88</ele>
<time>1970-01-01T00:00:01Z</time>
<link ></link></trkpt>
<trkpt lat="56.152199" lon="43.35377">
<ele>138.24</ele>
<time>1970-01-01T00:00:01Z</time>
<link ></link></trkpt>
<trkpt lat="56.150397" lon="43.352804">
<ele>131.84</ele>
<time>1970-01-01T00:00:01Z</time>
<link ></link></trkpt>
<trkpt lat="56.150161" lon="43.352611">
<ele>127.68</ele>
<time>1970-01-01T00:00:01Z</time>
<link ></link></trkpt>
<trkpt lat="56.150032" lon="43.352311">
<ele>123.00000000000003</ele>
<time>1970-01-01T00:00:01Z</time>
<link ></link></trkpt>
<trkpt lat="56.149796" lon="43.352118">
<ele>120.76</ele>
<time>1970-01-01T00:00:01Z</time>
<link ></link></trkpt>
<trkpt lat="56.149066" lon="43.351753">
<ele>118.92000000000002</ele>
<time>1970-01-01T00:00:01Z</time>
<link ></link></trkpt>
<trkpt lat="56.148766" lon="43.35141">
<ele>119.0</ele>
<time>1970-01-01T00:00:01Z</time>
<link ></link></trkpt>
<trkpt lat="56.148509" lon="43.350938">
<ele>120.12000000000002</ele>
<time>1970-01-01T00:00:01Z</time>
<link ></link></trkpt>
<trkpt lat="56.148337" lon="43.350723">
<ele>122.12000000000002</ele>
<time>1970-01-01T00:00:01Z</time>
<link ></link></trkpt>
<trkpt lat="56.14823" lon="43.350229">
<ele>124.40000000000003</ele>
<time>1970-01-01T00:00:01Z</time>
<link ></link></trkpt>
<trkpt lat="56.147607" lon="43.349693">
<ele>126.20000000000002</ele>
<time>1970-01-01T00:00:01Z</time>
<link ></link></trkpt>
<trkpt lat="56.147564" lon="43.349307">
<ele>127.48000000000002</ele>
<time>1970-01-01T00:00:01Z</time>
<link ></link></trkpt>
<trkpt lat="56.147736" lon="43.348899">
<ele>128.52</ele>
<time>1970-01-01T00:00:01Z</time>
<link ></link></trkpt>
<trkpt lat="56.147994" lon="43.348427">
<ele>129.16000000000003</ele>
<time>1970-01-01T00:00:01Z</time>
<link ></link></trkpt>
<trkpt lat="56.148079" lon="43.348062">
<ele>132.08</ele>
<time>1970-01-01T00:00:01Z</time>
<link ></link></trkpt>
<trkpt lat="56.147779" lon="43.347397">
<ele>136.44</ele>
<time>1970-01-01T00:00:01Z</time>
<link ></link></trkpt>
<trkpt lat="56.146642" lon="43.345208">
<ele>143.20000000000002</ele>
<time>1970-01-01T00:00:01Z</time>
<link ></link></trkpt>
<trkpt lat="56.143659" lon="43.33978">
<ele>149.56</ele>
<time>1970-01-01T00:00:01Z</time>
<link ></link></trkpt>
<trkpt lat="56.143466" lon="43.339565">
<ele>153.88</ele>
<time>1970-01-01T00:00:01Z</time>
<link ></link></trkpt>
<trkpt lat="56.143144" lon="43.339844">
<ele>156.0</ele>
<time>1970-01-01T00:00:01Z</time>
<link ></link></trkpt>
<trkpt lat="56.142822" lon="43.340423">
<ele>156.4</ele>
<time>1970-01-01T00:00:01Z</time>
<link ></link></trkpt>
<trkpt lat="56.141685" lon="43.341775">
<ele>156.0</ele>
<time>1970-01-01T00:00:01Z</time>
<link ></link></trkpt>
<trkpt lat="56.141385" lon="43.342033">
<ele>155.16000000000003</ele>
<time>1970-01-01T00:00:01Z</time>
<link ></link></trkpt>
<trkpt lat="56.141149" lon="43.342076">
<ele>154.20000000000002</ele>
<time>1970-01-01T00:00:01Z</time>
<link ></link></trkpt>
<trkpt lat="56.140805" lon="43.341947">
<ele>152.96</ele>
<time>1970-01-01T00:00:01Z</time>
<link ></link></trkpt>
<trkpt lat="56.140526" lon="43.34199">
<ele>152.16</ele>
<time>1970-01-01T00:00:01Z</time>
<link ></link></trkpt>
<trkpt lat="56.14014" lon="43.34199">
<ele>151.36</ele>
<time>1970-01-01T00:00:01Z</time>
<link ></link></trkpt>
<trkpt lat="56.139797" lon="43.34214">
<ele>150.64</ele>
<time>1970-01-01T00:00:01Z</time>
<link ></link></trkpt>
<trkpt lat="56.139432" lon="43.342118">
<ele>151.12</ele>
<time>1970-01-01T00:00:01Z</time>
<link ></link></trkpt>
<trkpt lat="56.139432" lon="43.342161">
<ele>151.60000000000002</ele>
<time>1970-01-01T00:00:01Z</time>
<link ></link></trkpt>
<trkpt lat="56.13881" lon="43.341625">
<ele>152.92000000000002</ele>
<time>1970-01-01T00:00:01Z</time>
<link ></link></trkpt>
<trkpt lat="56.138488" lon="43.341518">
<ele>153.24</ele>
<time>1970-01-01T00:00:01Z</time>
<link ></link></trkpt>
<trkpt lat="56.138059" lon="43.341689">
<ele>152.32000000000002</ele>
<time>1970-01-01T00:00:01Z</time>
<link ></link></trkpt>
<trkpt lat="56.137737" lon="43.341925">
<ele>150.40000000000003</ele>
<time>1970-01-01T00:00:01Z</time>
<link ></link></trkpt>
<trkpt lat="56.137351" lon="43.341947">
<ele>147.52</ele>
<time>1970-01-01T00:00:01Z</time>
<link ></link></trkpt>
<trkpt lat="56.136449" lon="43.342376">
<ele>144.44000000000003</ele>
<time>1970-01-01T00:00:01Z</time>
<link ></link></trkpt>
<trkpt lat="56.135956" lon="43.342526">
<ele>142.16000000000003</ele>
<time>1970-01-01T00:00:01Z</time>
<link ></link></trkpt>
<trkpt lat="56.13557" lon="43.342226">
<ele>140.76000000000002</ele>
<time>1970-01-01T00:00:01Z</time>
<link ></link></trkpt>
<trkpt lat="56.135312" lon="43.341818">
<ele>140.76000000000002</ele>
<time>1970-01-01T00:00:01Z</time>
<link ></link></trkpt>
<trkpt lat="56.135098" lon="43.341346">
<ele>141.88000000000002</ele>
<time>1970-01-01T00:00:01Z</time>
<link ></link></trkpt>
<trkpt lat="56.134904" lon="43.341046">
<ele>142.68</ele>
<time>1970-01-01T00:00:01Z</time>
<link ></link></trkpt>
<trkpt lat="56.134861" lon="43.340767">
<ele>144.48000000000002</ele>
<time>1970-01-01T00:00:01Z</time>
<link ></link></trkpt>
<trkpt lat="56.134969" lon="43.34038">
<ele>145.44</ele>
<time>1970-01-01T00:00:01Z</time>
<link ></link></trkpt>
<trkpt lat="56.135419" lon="43.339136">
<ele>147.24</ele>
<time>1970-01-01T00:00:01Z</time>
<link ></link></trkpt>
<trkpt lat="56.135441" lon="43.338406">
<ele>145.8</ele>
<time>1970-01-01T00:00:01Z</time>
<link ></link></trkpt>
<trkpt lat="56.135269" lon="43.337763">
<ele>144.64000000000001</ele>
<time>1970-01-01T00:00:01Z</time>
<link ></link></trkpt>
<trkpt lat="56.1319" lon="43.330424">
<ele>140.76</ele>
<time>1970-01-01T00:00:01Z</time>
<link ></link></trkpt>
<trkpt lat="56.13175" lon="43.329802">
<ele>140.24</ele>
<time>1970-01-01T00:00:01Z</time>
<link ></link></trkpt>
<trkpt lat="56.131664" lon="43.328514">
<ele>139.88000000000002</ele>
<time>1970-01-01T00:00:01Z</time>
<link ></link></trkpt>
<trkpt lat="56.131557" lon="43.328214">
<ele>141.20000000000002</ele>
<time>1970-01-01T00:00:01Z</time>
<link ></link></trkpt>
<trkpt lat="56.131342" lon="43.328107">
<ele>140.24</ele>
<time>1970-01-01T00:00:01Z</time>
<link ></link></trkpt>
<trkpt lat="56.130913" lon="43.328128">
<ele>138.16000000000003</ele>
<time>1970-01-01T00:00:01Z</time>
<link ></link></trkpt>
<trkpt lat="56.128896" lon="43.328772">
<ele>134.08</ele>
<time>1970-01-01T00:00:01Z</time>
<link ></link></trkpt>
<trkpt lat="56.128124" lon="43.329158">
<ele>130.24</ele>
<time>1970-01-01T00:00:01Z</time>
<link ></link></trkpt>
<trkpt lat="56.12675" lon="43.330124">
<ele>128.52</ele>
<time>1970-01-01T00:00:01Z</time>
<link ></link></trkpt>
<trkpt lat="56.126042" lon="43.330553">
<ele>127.16000000000001</ele>
<time>1970-01-01T00:00:01Z</time>
<link ></link></trkpt>
<trkpt lat="56.125077" lon="43.331518">
<ele>129.04000000000002</ele>
<time>1970-01-01T00:00:01Z</time>
<link ></link></trkpt>
<trkpt lat="56.124605" lon="43.332162">
<ele>129.56</ele>
<time>1970-01-01T00:00:01Z</time>
<link ></link></trkpt>
<trkpt lat="56.124369" lon="43.33257">
<ele>131.0</ele>
<time>1970-01-01T00:00:01Z</time>
<link ></link></trkpt>
<trkpt lat="56.124326" lon="43.33302">
<ele>130.68</ele>
<time>1970-01-01T00:00:01Z</time>
<link ></link></trkpt>
<trkpt lat="56.124326" lon="43.333686">
<ele>130.4</ele>
<time>1970-01-01T00:00:01Z</time>
<link ></link></trkpt>
<trkpt lat="56.124111" lon="43.334007">
<ele>128.16000000000003</ele>
<time>1970-01-01T00:00:01Z</time>
<link ></link></trkpt>
<trkpt lat="56.123382" lon="43.334265">
<ele>126.72000000000001</ele>
<time>1970-01-01T00:00:01Z</time>
<link ></link></trkpt>
<trkpt lat="56.123081" lon="43.334458">
<ele>123.92000000000002</ele>
<time>1970-01-01T00:00:01Z</time>
<link ></link></trkpt>
<trkpt lat="56.122824" lon="43.334394">
<ele>120.88000000000002</ele>
<time>1970-01-01T00:00:01Z</time>
<link ></link></trkpt>
<trkpt lat="56.122523" lon="43.334093">
<ele>117.84000000000002</ele>
<time>1970-01-01T00:00:01Z</time>
<link ></link></trkpt>
<trkpt lat="56.122373" lon="43.333729">
<ele>113.16</ele>
<time>1970-01-01T00:00:01Z</time>
<link ></link></trkpt>
<trkpt lat="56.12218" lon="43.333514">
<ele>111.08000000000001</ele>
<time>1970-01-01T00:00:01Z</time>
<link ></link></trkpt>
<trkpt lat="56.121815" lon="43.333428">
<ele>109.64000000000001</ele>
<time>1970-01-01T00:00:01Z</time>
<link ></link></trkpt>
<trkpt lat="56.121086" lon="43.332312">
<ele>110.12</ele>
<time>1970-01-01T00:00:01Z</time>
<link ></link></trkpt>
<trkpt lat="56.120656" lon="43.332012">
<ele>112.52000000000002</ele>
<time>1970-01-01T00:00:01Z</time>
<link ></link></trkpt>
<trkpt lat="56.120292" lon="43.33154">
<ele>113.92000000000002</ele>
<time>1970-01-01T00:00:01Z</time>
<link ></link></trkpt>
<trkpt lat="56.119734" lon="43.331411">
<ele>117.88000000000002</ele>
<time>1970-01-01T00:00:01Z</time>
<link ></link></trkpt>
<trkpt lat="56.11939" lon="43.331218">
<ele>119.80000000000001</ele>
<time>1970-01-01T00:00:01Z</time>
<link ></link></trkpt>
<trkpt lat="56.118768" lon="43.331518">
<ele>123.72</ele>
<time>1970-01-01T00:00:01Z</time>
<link ></link></trkpt>
<trkpt lat="56.118511" lon="43.33139">
<ele>125.64</ele>
<time>1970-01-01T00:00:01Z</time>
<link ></link></trkpt>
<trkpt lat="56.11821" lon="43.330896">
<ele>128.68</ele>
<time>1970-01-01T00:00:01Z</time>
<link ></link></trkpt>
<trkpt lat="56.11806" lon="43.33036">
<ele>130.20000000000002</ele>
<time>1970-01-01T00:00:01Z</time>
<link ></link></trkpt>
<trkpt lat="56.117781" lon="43.328407">
<ele>132.68</ele>
<time>1970-01-01T00:00:01Z</time>
<link ></link></trkpt>
<trkpt lat="56.117674" lon="43.327892">
<ele>133.92000000000002</ele>
<time>1970-01-01T00:00:01Z</time>
<link ></link></trkpt>
<trkpt lat="56.117481" lon="43.327849">
<ele>136.24</ele>
<time>1970-01-01T00:00:01Z</time>
<link ></link></trkpt>
<trkpt lat="56.117266" lon="43.327978">
<ele>136.88000000000002</ele>
<time>1970-01-01T00:00:01Z</time>
<link ></link></trkpt>
<trkpt lat="56.11703" lon="43.328192">
<ele>138.16000000000003</ele>
<time>1970-01-01T00:00:01Z</time>
<link ></link></trkpt>
<trkpt lat="56.116837" lon="43.328579">
<ele>138.28000000000003</ele>
<time>1970-01-01T00:00:01Z</time>
<link ></link></trkpt>
<trkpt lat="56.116558" lon="43.328579">
<ele>139.20000000000002</ele>
<time>1970-01-01T00:00:01Z</time>
<link ></link></trkpt>
<trkpt lat="56.116172" lon="43.328665">
<ele>139.84000000000003</ele>
<time>1970-01-01T00:00:01Z</time>
<link ></link></trkpt>
<trkpt lat="56.115871" lon="43.328772">
<ele>140.64000000000001</ele>
<time>1970-01-01T00:00:01Z</time>
<link ></link></trkpt>
<trkpt lat="56.115635" lon="43.32875">
<ele>141.20000000000005</ele>
<time>1970-01-01T00:00:01Z</time>
<link ></link></trkpt>
<trkpt lat="56.115442" lon="43.328536">
<ele>141.68</ele>
<time>1970-01-01T00:00:01Z</time>
<link ></link></trkpt>
<trkpt lat="56.115185" lon="43.328107">
<ele>141.96</ele>
<time>1970-01-01T00:00:01Z</time>
<link ></link></trkpt>
<trkpt lat="56.114884" lon="43.327871">
<ele>142.36</ele>
<time>1970-01-01T00:00:01Z</time>
<link ></link></trkpt>
<trkpt lat="56.114563" lon="43.327785">
<ele>141.88000000000002</ele>
<time>1970-01-01T00:00:01Z</time>
<link ></link></trkpt>
<trkpt lat="56.113597" lon="43.328128">
<ele>141.36</ele>
<time>1970-01-01T00:00:01Z</time>
<link ></link></trkpt>
<trkpt lat="56.113297" lon="43.3283">
<ele>139.96000000000004</ele>
<time>1970-01-01T00:00:01Z</time>
<link ></link></trkpt>
<trkpt lat="56.112975" lon="43.328257">
<ele>138.84000000000003</ele>
<time>1970-01-01T00:00:01Z</time>
<link ></link></trkpt>
<trkpt lat="56.112524" lon="43.327313">
<ele>137.68000000000004</ele>
<time>1970-01-01T00:00:01Z</time>
<link ></link></trkpt>
<trkpt lat="56.111988" lon="43.326948">
<ele>136.48000000000002</ele>
<time>1970-01-01T00:00:01Z</time>
<link ></link></trkpt>
<trkpt lat="56.111794" lon="43.326669">
<ele>135.68000000000004</ele>
<time>1970-01-01T00:00:01Z</time>
<link ></link></trkpt>
<trkpt lat="56.111494" lon="43.326347">
<ele>134.64000000000001</ele>
<time>1970-01-01T00:00:01Z</time>
<link ></link></trkpt>
<trkpt lat="56.111279" lon="43.326004">
<ele>134.16000000000003</ele>
<time>1970-01-01T00:00:01Z</time>
<link ></link></trkpt>
<trkpt lat="56.110958" lon="43.325875">
<ele>132.88</ele>
<time>1970-01-01T00:00:01Z</time>
<link ></link></trkpt>
<trkpt lat="56.110271" lon="43.326132">
<ele>131.72000000000003</ele>
<time>1970-01-01T00:00:01Z</time>
<link ></link></trkpt>
<trkpt lat="56.109992" lon="43.326326">
<ele>130.24</ele>
<time>1970-01-01T00:00:01Z</time>
<link ></link></trkpt>
<trkpt lat="56.109799" lon="43.326583">
<ele>129.76000000000002</ele>
<time>1970-01-01T00:00:01Z</time>
<link ></link></trkpt>
<trkpt lat="56.109434" lon="43.327356">
<ele>129.24</ele>
<time>1970-01-01T00:00:01Z</time>
<link ></link></trkpt>
<trkpt lat="56.109262" lon="43.327377">
<ele>129.24</ele>
<time>1970-01-01T00:00:01Z</time>
<link ></link></trkpt>
<trkpt lat="56.109048" lon="43.327656">
<ele>127.76000000000002</ele>
<time>1970-01-01T00:00:01Z</time>
<link ></link></trkpt>
<trkpt lat="56.108769" lon="43.329158">
<ele>125.76000000000002</ele>
<time>1970-01-01T00:00:01Z</time>
<link ></link></trkpt>
<trkpt lat="56.108469" lon="43.330167">
<ele>122.28000000000003</ele>
<time>1970-01-01T00:00:01Z</time>
<link ></link></trkpt>
<trkpt lat="56.108275" lon="43.33036">
<ele>117.92000000000002</ele>
<time>1970-01-01T00:00:01Z</time>
<link ></link></trkpt>
<trkpt lat="56.107074" lon="43.330746">
<ele>114.44000000000001</ele>
<time>1970-01-01T00:00:01Z</time>
<link ></link></trkpt>
<trkpt lat="56.106838" lon="43.330939">
<ele>111.76</ele>
<time>1970-01-01T00:00:01Z</time>
<link ></link></trkpt>
<trkpt lat="56.106387" lon="43.330403">
<ele>110.48000000000002</ele>
<time>1970-01-01T00:00:01Z</time>
<link ></link></trkpt>
<trkpt lat="56.105143" lon="43.327656">
<ele>110.08000000000001</ele>
<time>1970-01-01T00:00:01Z</time>
<link ></link></trkpt>
<trkpt lat="56.104971" lon="43.32757">
<ele>108.80000000000001</ele>
<time>1970-01-01T00:00:01Z</time>
<link ></link></trkpt>
<trkpt lat="56.104842" lon="43.327828">
<ele>107.52000000000001</ele>
<time>1970-01-01T00:00:01Z</time>
<link ></link></trkpt>
<trkpt lat="56.104263" lon="43.328622">
<ele>105.24000000000002</ele>
<time>1970-01-01T00:00:01Z</time>
<link ></link></trkpt>
<trkpt lat="56.103726" lon="43.32933">
<ele>102.64000000000001</ele>
<time>1970-01-01T00:00:01Z</time>
<link ></link></trkpt>
<trkpt lat="56.103297" lon="43.329802">
<ele>100.60000000000002</ele>
<time>1970-01-01T00:00:01Z</time>
<link ></link></trkpt>
<trkpt lat="56.103083" lon="43.330124">
<ele>98.96000000000001</ele>
<time>1970-01-01T00:00:01Z</time>
<link ></link></trkpt>
<trkpt lat="56.10289" lon="43.329973">
<ele>98.84000000000002</ele>
<time>1970-01-01T00:00:01Z</time>
<link ></link></trkpt>
<trkpt lat="56.10231" lon="43.328343">
<ele>98.32000000000001</ele>
<time>1970-01-01T00:00:01Z</time>
<link ></link></trkpt>
<trkpt lat="56.101838" lon="43.326862">
<ele>98.56000000000002</ele>
<time>1970-01-01T00:00:01Z</time>
<link ></link></trkpt>
<trkpt lat="56.101645" lon="43.326733">
<ele>97.48000000000002</ele>
<time>1970-01-01T00:00:01Z</time>
<link ></link></trkpt>
<trkpt lat="56.100851" lon="43.326991">
<ele>97.16000000000001</ele>
<time>1970-01-01T00:00:01Z</time>
<link ></link></trkpt>
<trkpt lat="56.100529" lon="43.326969">
<ele>96.16000000000001</ele>
<time>1970-01-01T00:00:01Z</time>
<link ></link></trkpt>
<trkpt lat="56.10025" lon="43.326733">
<ele>95.84</ele>
<time>1970-01-01T00:00:01Z</time>
<link ></link></trkpt>
<trkpt lat="56.099993" lon="43.326562">
<ele>95.32000000000001</ele>
<time>1970-01-01T00:00:01Z</time>
<link ></link></trkpt>
<trkpt lat="56.099757" lon="43.326454">
<ele>95.0</ele>
<time>1970-01-01T00:00:01Z</time>
<link ></link></trkpt>
<trkpt lat="56.099542" lon="43.326047">
<ele>94.52000000000001</ele>
<time>1970-01-01T00:00:01Z</time>
<link ></link></trkpt>
<trkpt lat="56.099285" lon="43.325703">
<ele>94.0</ele>
<time>1970-01-01T00:00:01Z</time>
<link ></link></trkpt>
<trkpt lat="56.09892" lon="43.325424">
<ele>93.48</ele>
<time>1970-01-01T00:00:01Z</time>
<link ></link></trkpt>
<trkpt lat="56.098619" lon="43.325381">
<ele>93.16000000000001</ele>
<time>1970-01-01T00:00:01Z</time>
<link ></link></trkpt>
<trkpt lat="56.098319" lon="43.325489">
<ele>93.0</ele>
<time>1970-01-01T00:00:01Z</time>
<link ></link></trkpt>
<trkpt lat="56.098083" lon="43.325832">
<ele>93.0</ele>
<time>1970-01-01T00:00:01Z</time>
<link ></link></trkpt>
<trkpt lat="56.097847" lon="43.325875">
<ele>92.84</ele>
<time>1970-01-01T00:00:01Z</time>
<link ></link></trkpt>
<trkpt lat="56.097547" lon="43.326111">
<ele>92.68</ele>
<time>1970-01-01T00:00:01Z</time>
<link ></link></trkpt>
<trkpt lat="56.097182" lon="43.326283">
<ele>92.32000000000002</ele>
<time>1970-01-01T00:00:01Z</time>
<link ></link></trkpt>
<trkpt lat="56.097075" lon="43.326433">
<ele>92.16</ele>
<time>1970-01-01T00:00:01Z</time>
<link ></link></trkpt>
<trkpt lat="56.097075" lon="43.326862">
<ele>91.84</ele>
<time>1970-01-01T00:00:01Z</time>
<link ></link></trkpt>
<trkpt lat="56.096967" lon="43.327141">
<ele>91.36000000000001</ele>
<time>1970-01-01T00:00:01Z</time>
<link ></link></trkpt>
<trkpt lat="56.096624" lon="43.327441">
<ele>90.68</ele>
<time>1970-01-01T00:00:01Z</time>
<link ></link></trkpt>
<trkpt lat="56.096152" lon="43.327592">
<ele>89.80000000000001</ele>
<time>1970-01-01T00:00:01Z</time>
<link ></link></trkpt>
<trkpt lat="56.095701" lon="43.327592">
<ele>89.16000000000003</ele>
<time>1970-01-01T00:00:01Z</time>
<link ></link></trkpt>
<trkpt lat="56.095251" lon="43.32772">
<ele>88.68</ele>
<time>1970-01-01T00:00:01Z</time>
<link ></link></trkpt>
<trkpt lat="56.094714" lon="43.327892">
<ele>88.32000000000001</ele>
<time>1970-01-01T00:00:01Z</time>
<link ></link></trkpt>
<trkpt lat="56.093899" lon="43.328278">
<ele>88.32000000000002</ele>
<time>1970-01-01T00:00:01Z</time>
<link ></link></trkpt>
<trkpt lat="56.093384" lon="43.328214">
<ele>88.32000000000001</ele>
<time>1970-01-01T00:00:01Z</time>
<link ></link></trkpt>
<trkpt lat="56.091367" lon="43.32742">
<ele>88.68</ele>
<time>1970-01-01T00:00:01Z</time>
<link ></link></trkpt>
<trkpt lat="56.091131" lon="43.327184">
<ele>88.68</ele>
<time>1970-01-01T00:00:01Z</time>
<link ></link></trkpt>
<trkpt lat="56.090938" lon="43.327077">
<ele>88.68</ele>
<time>1970-01-01T00:00:01Z</time>
<link ></link></trkpt>
<trkpt lat="56.090637" lon="43.327098">
<ele>88.32000000000001</ele>
<time>1970-01-01T00:00:01Z</time>
<link ></link></trkpt>
<trkpt lat="56.090401" lon="43.326948">
<ele>88.16000000000001</ele>
<time>1970-01-01T00:00:01Z</time>
<link ></link></trkpt>
<trkpt lat="56.090101" lon="43.326669">
<ele>88.80000000000001</ele>
<time>1970-01-01T00:00:01Z</time>
<link ></link></trkpt>
<trkpt lat="56.089393" lon="43.325789">
<ele>89.6</ele>
<time>1970-01-01T00:00:01Z</time>
<link ></link></trkpt>
<trkpt lat="56.089092" lon="43.325618">
<ele>91.4</ele>
<time>1970-01-01T00:00:01Z</time>
<link ></link></trkpt>
<trkpt lat="56.08877" lon="43.325253">
<ele>94.28</ele>
<time>1970-01-01T00:00:01Z</time>
<link ></link></trkpt>
<trkpt lat="56.088406" lon="43.32506">
<ele>97.96000000000001</ele>
<time>1970-01-01T00:00:01Z</time>
<link ></link></trkpt>
<trkpt lat="56.088041" lon="43.325081">
<ele>103.44000000000003</ele>
<time>1970-01-01T00:00:01Z</time>
<link ></link></trkpt>
<trkpt lat="56.08744" lon="43.32536">
<ele>108.12000000000002</ele>
<time>1970-01-01T00:00:01Z</time>
<link ></link></trkpt>
<trkpt lat="56.086968" lon="43.325639">
<ele>112.12000000000003</ele>
<time>1970-01-01T00:00:01Z</time>
<link ></link></trkpt>
<trkpt lat="56.086088" lon="43.326841">
<ele>115.20000000000002</ele>
<time>1970-01-01T00:00:01Z</time>
<link ></link></trkpt>
<trkpt lat="56.085723" lon="43.327592">
<ele>117.04000000000002</ele>
<time>1970-01-01T00:00:01Z</time>
<link ></link></trkpt>
<trkpt lat="56.085573" lon="43.328407">
<ele>118.52000000000001</ele>
<time>1970-01-01T00:00:01Z</time>
<link ></link></trkpt>
<trkpt lat="56.08523" lon="43.329244">
<ele>119.2</ele>
<time>1970-01-01T00:00:01Z</time>
<link ></link></trkpt>
<trkpt lat="56.084887" lon="43.329866">
<ele>118.52000000000001</ele>
<time>1970-01-01T00:00:01Z</time>
<link ></link></trkpt>
<trkpt lat="56.084543" lon="43.329995">
<ele>117.56</ele>
<time>1970-01-01T00:00:01Z</time>
<link ></link></trkpt>
<trkpt lat="56.084157" lon="43.330488">
<ele>115.64000000000001</ele>
<time>1970-01-01T00:00:01Z</time>
<link ></link></trkpt>
<trkpt lat="56.083814" lon="43.330853">
<ele>114.28</ele>
<time>1970-01-01T00:00:01Z</time>
<link ></link></trkpt>
<trkpt lat="56.083406" lon="43.331025">
<ele>112.84</ele>
<time>1970-01-01T00:00:01Z</time>
<link ></link></trkpt>
<trkpt lat="56.082848" lon="43.33096">
<ele>111.56000000000002</ele>
<time>1970-01-01T00:00:01Z</time>
<link ></link></trkpt>
<trkpt lat="56.082397" lon="43.331175">
<ele>109.52000000000001</ele>
<time>1970-01-01T00:00:01Z</time>
<link ></link></trkpt>
<trkpt lat="56.081754" lon="43.331969">
<ele>107.16000000000001</ele>
<time>1970-01-01T00:00:01Z</time>
<link ></link></trkpt>
<trkpt lat="56.081432" lon="43.33242">
<ele>104.48000000000002</ele>
<time>1970-01-01T00:00:01Z</time>
<link ></link></trkpt>
<trkpt lat="56.081153" lon="43.332977">
<ele>102.48000000000002</ele>
<time>1970-01-01T00:00:01Z</time>
<link ></link></trkpt>
<trkpt lat="56.081067" lon="43.333535">
<ele>100.16000000000001</ele>
<time>1970-01-01T00:00:01Z</time>
<link ></link></trkpt>
<trkpt lat="56.081303" lon="43.333965">
<ele>98.08000000000001</ele>
<time>1970-01-01T00:00:01Z</time>
<link ></link></trkpt>
<trkpt lat="56.081389" lon="43.334437">
<ele>94.84</ele>
<time>1970-01-01T00:00:01Z</time>
<link ></link></trkpt>
<trkpt lat="56.081367" lon="43.335295">
<ele>92.12</ele>
<time>1970-01-01T00:00:01Z</time>
<link ></link></trkpt>
<trkpt lat="56.081196" lon="43.336003">
<ele>89.60000000000001</ele>
<time>1970-01-01T00:00:01Z</time>
<link ></link></trkpt>
<trkpt lat="56.08126" lon="43.336411">
<ele>88.16</ele>
<time>1970-01-01T00:00:01Z</time>
<link ></link></trkpt>
<trkpt lat="56.081518" lon="43.336518">
<ele>87.36000000000001</ele>
<time>1970-01-01T00:00:01Z</time>
<link ></link></trkpt>
<trkpt lat="56.081646" lon="43.336883">
<ele>86.80000000000001</ele>
<time>1970-01-01T00:00:01Z</time>
<link ></link></trkpt>
<trkpt lat="56.081475" lon="43.337162">
<ele>86.64000000000001</ele>
<time>1970-01-01T00:00:01Z</time>
<link ></link></trkpt>
<trkpt lat="56.081346" lon="43.337527">
<ele>87.96000000000001</ele>
<time>1970-01-01T00:00:01Z</time>
<link ></link></trkpt>
<trkpt lat="56.081003" lon="43.338256">
<ele>89.4</ele>
<time>1970-01-01T00:00:01Z</time>
<link ></link></trkpt>
<trkpt lat="56.080831" lon="43.338406">
<ele>91.48000000000002</ele>
<time>1970-01-01T00:00:01Z</time>
<link ></link></trkpt>
<trkpt lat="56.080531" lon="43.338342">
<ele>91.32000000000001</ele>
<time>1970-01-01T00:00:01Z</time>
<link ></link></trkpt>
<trkpt lat="56.080209" lon="43.33802">
<ele>89.96</ele>
<time>1970-01-01T00:00:01Z</time>
<link ></link></trkpt>
<trkpt lat="56.079544" lon="43.337119">
<ele>88.88</ele>
<time>1970-01-01T00:00:01Z</time>
<link ></link></trkpt>
<trkpt lat="56.079372" lon="43.337462">
<ele>88.08000000000001</ele>
<time>1970-01-01T00:00:01Z</time>
<link ></link></trkpt>
<trkpt lat="56.078857" lon="43.33669">
<ele>90.4</ele>
<time>1970-01-01T00:00:01Z</time>
<link ></link></trkpt>
<trkpt lat="56.078449" lon="43.336196">
<ele>91.12</ele>
<time>1970-01-01T00:00:01Z</time>
<link ></link></trkpt>
<trkpt lat="56.077956" lon="43.336024">
<ele>94.24000000000001</ele>
<time>1970-01-01T00:00:01Z</time>
<link ></link></trkpt>
<trkpt lat="56.077548" lon="43.335767">
<ele>94.60000000000001</ele>
<time>1970-01-01T00:00:01Z</time>
<link ></link></trkpt>
<trkpt lat="56.077291" lon="43.335467">
<ele>97.04000000000002</ele>
<time>1970-01-01T00:00:01Z</time>
<link ></link></trkpt>
<trkpt lat="56.076861" lon="43.335338">
<ele>97.36000000000001</ele>
<time>1970-01-01T00:00:01Z</time>
<link ></link></trkpt>
<trkpt lat="56.076346" lon="43.334823">
<ele>98.36000000000001</ele>
<time>1970-01-01T00:00:01Z</time>
<link ></link></trkpt>
<trkpt lat="56.075681" lon="43.334458">
<ele>98.16000000000001</ele>
<time>1970-01-01T00:00:01Z</time>
<link ></link></trkpt>
<trkpt lat="56.074759" lon="43.333321">
<ele>98.32000000000002</ele>
<time>1970-01-01T00:00:01Z</time>
<link ></link></trkpt>
<trkpt lat="56.07448" lon="43.333063">
<ele>98.32000000000001</ele>
<time>1970-01-01T00:00:01Z</time>
<link ></link></trkpt>
<trkpt lat="56.073943" lon="43.333106">
<ele>98.84</ele>
<time>1970-01-01T00:00:01Z</time>
<link ></link></trkpt>
<trkpt lat="56.073535" lon="43.333299">
<ele>99.16</ele>
<time>1970-01-01T00:00:01Z</time>
<link ></link></trkpt>
<trkpt lat="56.073192" lon="43.3336">
<ele>99.68</ele>
<time>1970-01-01T00:00:01Z</time>
<link ></link></trkpt>
<trkpt lat="56.07287" lon="43.333729">
<ele>100.0</ele>
<time>1970-01-01T00:00:01Z</time>
<link ></link></trkpt>
<trkpt lat="56.072548" lon="43.33375">
<ele>99.84</ele>
<time>1970-01-01T00:00:01Z</time>
<link ></link></trkpt>
<trkpt lat="56.072269" lon="43.334007">
<ele>99.4</ele>
<time>1970-01-01T00:00:01Z</time>
<link ></link></trkpt>
<trkpt lat="56.071948" lon="43.334587">
<ele>98.16000000000003</ele>
<time>1970-01-01T00:00:01Z</time>
<link ></link></trkpt>
<trkpt lat="56.071497" lon="43.335595">
<ele>97.12000000000002</ele>
<time>1970-01-01T00:00:01Z</time>
<link ></link></trkpt>
<trkpt lat="56.071304" lon="43.335638">
<ele>96.80000000000001</ele>
<time>1970-01-01T00:00:01Z</time>
<link ></link></trkpt>
<trkpt lat="56.071111" lon="43.335746">
<ele>96.96000000000001</ele>
<time>1970-01-01T00:00:01Z</time>
<link ></link></trkpt>
<trkpt lat="56.07081" lon="43.335724">
<ele>98.84000000000002</ele>
<time>1970-01-01T00:00:01Z</time>
<link ></link></trkpt>
<trkpt lat="56.070274" lon="43.335295">
<ele>100.44000000000001</ele>
<time>1970-01-01T00:00:01Z</time>
<link ></link></trkpt>
<trkpt lat="56.069308" lon="43.335381">
<ele>103.04000000000002</ele>
<time>1970-01-01T00:00:01Z</time>
<link ></link></trkpt>
<trkpt lat="56.068815" lon="43.335295">
<ele>104.56000000000002</ele>
<time>1970-01-01T00:00:01Z</time>
<link ></link></trkpt>
<trkpt lat="56.068514" lon="43.335295">
<ele>105.68000000000002</ele>
<time>1970-01-01T00:00:01Z</time>
<link ></link></trkpt>
<trkpt lat="56.067914" lon="43.335552">
<ele>106.48000000000002</ele>
<time>1970-01-01T00:00:01Z</time>
<link ></link></trkpt>
<trkpt lat="56.067506" lon="43.335595">
<ele>107.28000000000002</ele>
<time>1970-01-01T00:00:01Z</time>
<link ></link></trkpt>
<trkpt lat="56.067141" lon="43.335724">
<ele>108.68000000000002</ele>
<time>1970-01-01T00:00:01Z</time>
<link ></link></trkpt>
<trkpt lat="56.066926" lon="43.336046">
<ele>109.72000000000003</ele>
<time>1970-01-01T00:00:01Z</time>
<link ></link></trkpt>
<trkpt lat="56.06669" lon="43.336325">
<ele>110.36000000000001</ele>
<time>1970-01-01T00:00:01Z</time>
<link ></link></trkpt>
<trkpt lat="56.066411" lon="43.336411">
<ele>110.32000000000001</ele>
<time>1970-01-01T00:00:01Z</time>
<link ></link></trkpt>
<trkpt lat="56.066218" lon="43.336518">
<ele>108.88</ele>
<time>1970-01-01T00:00:01Z</time>
<link ></link></trkpt>
<trkpt lat="56.066004" lon="43.336454">
<ele>107.28</ele>
<time>1970-01-01T00:00:01Z</time>
<link ></link></trkpt>
<trkpt lat="56.065768" lon="43.336046">
<ele>103.92000000000002</ele>
<time>1970-01-01T00:00:01Z</time>
<link ></link></trkpt>
<trkpt lat="56.06536" lon="43.335188">
<ele>101.96000000000002</ele>
<time>1970-01-01T00:00:01Z</time>
<link ></link></trkpt>
<trkpt lat="56.064931" lon="43.33463">
<ele>99.96000000000002</ele>
<time>1970-01-01T00:00:01Z</time>
<link ></link></trkpt>
<trkpt lat="56.064502" lon="43.334222">
<ele>99.64000000000001</ele>
<time>1970-01-01T00:00:01Z</time>
<link ></link></trkpt>
<trkpt lat="56.064116" lon="43.333771">
<ele>99.68</ele>
<time>1970-01-01T00:00:01Z</time>
<link ></link></trkpt>
<trkpt lat="56.063944" lon="43.33345">
<ele>100.0</ele>
<time>1970-01-01T00:00:01Z</time>
<link ></link></trkpt>
<trkpt lat="56.063729" lon="43.333171">
<ele>100.32000000000001</ele>
<time>1970-01-01T00:00:01Z</time>
<link ></link></trkpt>
<trkpt lat="56.063257" lon="43.332784">
<ele>100.68</ele>
<time>1970-01-01T00:00:01Z</time>
<link ></link></trkpt>
<trkpt lat="56.063064" lon="43.332699">
<ele>101.32000000000002</ele>
<time>1970-01-01T00:00:01Z</time>
<link ></link></trkpt>
<trkpt lat="56.06285" lon="43.33272">
<ele>102.60000000000002</ele>
<time>1970-01-01T00:00:01Z</time>
<link ></link></trkpt>
<trkpt lat="56.062399" lon="43.332355">
<ele>104.32000000000002</ele>
<time>1970-01-01T00:00:01Z</time>
<link ></link></trkpt>
<trkpt lat="56.061176" lon="43.331948">
<ele>106.88000000000002</ele>
<time>1970-01-01T00:00:01Z</time>
<link ></link></trkpt>
<trkpt lat="56.060961" lon="43.332012">
<ele>110.08000000000001</ele>
<time>1970-01-01T00:00:01Z</time>
<link ></link></trkpt>
<trkpt lat="56.059524" lon="43.333879">
<ele>114.08000000000001</ele>
<time>1970-01-01T00:00:01Z</time>
<link ></link></trkpt>
<trkpt lat="56.057592" lon="43.337312">
<ele>118.44000000000001</ele>
<time>1970-01-01T00:00:01Z</time>
<link ></link></trkpt>
<trkpt lat="56.056627" lon="43.339093">
<ele>121.6</ele>
<time>1970-01-01T00:00:01Z</time>
<link ></link></trkpt>
<trkpt lat="56.055919" lon="43.340552">
<ele>122.4</ele>
<time>1970-01-01T00:00:01Z</time>
<link ></link></trkpt>
<trkpt lat="56.05373" lon="43.344414">
<ele>121.76000000000002</ele>
<time>1970-01-01T00:00:01Z</time>
<link ></link></trkpt>
<trkpt lat="56.052893" lon="43.346796">
<ele>119.24000000000001</ele>
<time>1970-01-01T00:00:01Z</time>
<link ></link></trkpt>
<trkpt lat="56.052142" lon="43.348577">
<ele>118.28000000000002</ele>
<time>1970-01-01T00:00:01Z</time>
<link ></link></trkpt>
<trkpt lat="56.051842" lon="43.349157">
<ele>117.48</ele>
<time>1970-01-01T00:00:01Z</time>
<link ></link></trkpt>
<trkpt lat="56.051734" lon="43.349221">
<ele>118.0</ele>
<time>1970-01-01T00:00:01Z</time>
<link ></link></trkpt>
<trkpt lat="56.051606" lon="43.349114">
<ele>118.68</ele>
<time>1970-01-01T00:00:01Z</time>
<link ></link></trkpt>
<trkpt lat="56.051348" lon="43.348491">
<ele>119.16</ele>
<time>1970-01-01T00:00:01Z</time>
<link ></link></trkpt>
<trkpt lat="56.050619" lon="43.347118">
<ele>119.68</ele>
<time>1970-01-01T00:00:01Z</time>
<link ></link></trkpt>
<trkpt lat="56.050404" lon="43.346603">
<ele>120.96000000000001</ele>
<time>1970-01-01T00:00:01Z</time>
<link ></link></trkpt>
<trkpt lat="56.050232" lon="43.346067">
<ele>122.4</ele>
<time>1970-01-01T00:00:01Z</time>
<link ></link></trkpt>
<trkpt lat="56.048859" lon="43.340488">
<ele>124.92000000000002</ele>
<time>1970-01-01T00:00:01Z</time>
<link ></link></trkpt>
<trkpt lat="56.048044" lon="43.337677">
<ele>126.4</ele>
<time>1970-01-01T00:00:01Z</time>
<link ></link></trkpt>
<trkpt lat="56.045748" lon="43.329244">
<ele>127.48000000000002</ele>
<time>1970-01-01T00:00:01Z</time>
<link ></link></trkpt>
<trkpt lat="56.045168" lon="43.326948">
<ele>127.84000000000002</ele>
<time>1970-01-01T00:00:01Z</time>
<link ></link></trkpt>
<trkpt lat="56.045125" lon="43.326669">
<ele>128.00000000000003</ele>
<time>1970-01-01T00:00:01Z</time>
<link ></link></trkpt>
<trkpt lat="56.045147" lon="43.325961">
<ele>128.64000000000001</ele>
<time>1970-01-01T00:00:01Z</time>
<link ></link></trkpt>
<trkpt lat="56.045083" lon="43.32536">
<ele>129.32000000000002</ele>
<time>1970-01-01T00:00:01Z</time>
<link ></link></trkpt>
<trkpt lat="56.044975" lon="43.325145">
<ele>130.20000000000002</ele>
<time>1970-01-01T00:00:01Z</time>
<link ></link></trkpt>
<trkpt lat="56.044568" lon="43.324695">
<ele>130.84000000000003</ele>
<time>1970-01-01T00:00:01Z</time>
<link ></link></trkpt>
<trkpt lat="56.042894" lon="43.323515">
<ele>131.0</ele>
<time>1970-01-01T00:00:01Z</time>
<link ></link></trkpt>
<trkpt lat="56.042508" lon="43.323322">
<ele>131.04000000000002</ele>
<time>1970-01-01T00:00:01Z</time>
<link ></link></trkpt>
<trkpt lat="56.04225" lon="43.323257">
<ele>130.64000000000001</ele>
<time>1970-01-01T00:00:01Z</time>
<link ></link></trkpt>
<trkpt lat="56.042164" lon="43.32315">
<ele>130.64000000000001</ele>
<time>1970-01-01T00:00:01Z</time>
<link ></link></trkpt>
<trkpt lat="56.042121" lon="43.322206">
<ele>130.68</ele>
<time>1970-01-01T00:00:01Z</time>
<link ></link></trkpt>
<trkpt lat="56.042014" lon="43.322141">
<ele>130.52000000000004</ele>
<time>1970-01-01T00:00:01Z</time>
<link ></link></trkpt>
<trkpt lat="56.041757" lon="43.322098">
<ele>130.36</ele>
<time>1970-01-01T00:00:01Z</time>
<link ></link></trkpt>
<trkpt lat="56.041542" lon="43.32212">
<ele>129.64000000000001</ele>
<time>1970-01-01T00:00:01Z</time>
<link ></link></trkpt>
<trkpt lat="56.041327" lon="43.322056">
<ele>129.32000000000002</ele>
<time>1970-01-01T00:00:01Z</time>
<link ></link></trkpt>
<trkpt lat="56.041199" lon="43.321862">
<ele>129.0</ele>
<time>1970-01-01T00:00:01Z</time>
<link ></link></trkpt>
<trkpt lat="56.041027" lon="43.321777">
<ele>127.56</ele>
<time>1970-01-01T00:00:01Z</time>
<link ></link></trkpt>
<trkpt lat="56.040855" lon="43.321498">
<ele>125.48000000000002</ele>
<time>1970-01-01T00:00:01Z</time>
<link ></link></trkpt>
<trkpt lat="56.040705" lon="43.321347">
<ele>120.32000000000001</ele>
<time>1970-01-01T00:00:01Z</time>
<link ></link></trkpt>
<trkpt lat="56.040383" lon="43.320832">
<ele>116.16000000000001</ele>
<time>1970-01-01T00:00:01Z</time>
<link ></link></trkpt>
<trkpt lat="56.039933" lon="43.320425">
<ele>111.20000000000002</ele>
<time>1970-01-01T00:00:01Z</time>
<link ></link></trkpt>
<trkpt lat="56.039675" lon="43.320403">
<ele>109.28000000000003</ele>
<time>1970-01-01T00:00:01Z</time>
<link ></link></trkpt>
<trkpt lat="56.039353" lon="43.320489">
<ele>106.72000000000003</ele>
<time>1970-01-01T00:00:01Z</time>
<link ></link></trkpt>
<trkpt lat="56.039225" lon="43.320446">
<ele>105.44000000000001</ele>
<time>1970-01-01T00:00:01Z</time>
<link ></link></trkpt>
<trkpt lat="56.039074" lon="43.320339">
<ele>102.56</ele>
<time>1970-01-01T00:00:01Z</time>
<link ></link></trkpt>
<trkpt lat="56.038946" lon="43.320317">
<ele>101.28</ele>
<time>1970-01-01T00:00:01Z</time>
<link ></link></trkpt>
<trkpt lat="56.038795" lon="43.320489">
<ele>100.32000000000001</ele>
<time>1970-01-01T00:00:01Z</time>
<link ></link></trkpt>
<trkpt lat="56.038667" lon="43.320725">
<ele>100.64000000000001</ele>
<time>1970-01-01T00:00:01Z</time>
<link ></link></trkpt>
<trkpt lat="56.038581" lon="43.321047">
<ele>101.04000000000002</ele>
<time>1970-01-01T00:00:01Z</time>
<link ></link></trkpt>
<trkpt lat="56.038452" lon="43.321197">
<ele>101.04000000000002</ele>
<time>1970-01-01T00:00:01Z</time>
<link ></link></trkpt>
<trkpt lat="56.038259" lon="43.321347">
<ele>100.64000000000001</ele>
<time>1970-01-01T00:00:01Z</time>
<link ></link></trkpt>
<trkpt lat="56.038087" lon="43.321347">
<ele>100.48000000000002</ele>
<time>1970-01-01T00:00:01Z</time>
<link ></link></trkpt>
<trkpt lat="56.037572" lon="43.321476">
<ele>100.32000000000001</ele>
<time>1970-01-01T00:00:01Z</time>
<link ></link></trkpt>
<trkpt lat="56.0371" lon="43.321111">
<ele>100.68</ele>
<time>1970-01-01T00:00:01Z</time>
<link ></link></trkpt>
<trkpt lat="56.036886" lon="43.320897">
<ele>100.84000000000002</ele>
<time>1970-01-01T00:00:01Z</time>
<link ></link></trkpt>
<trkpt lat="56.036392" lon="43.320189">
<ele>101.00000000000001</ele>
<time>1970-01-01T00:00:01Z</time>
<link ></link></trkpt>
<trkpt lat="56.036221" lon="43.320232">
<ele>101.48000000000002</ele>
<time>1970-01-01T00:00:01Z</time>
<link ></link></trkpt>
<trkpt lat="56.036113" lon="43.320124">
<ele>101.96000000000001</ele>
<time>1970-01-01T00:00:01Z</time>
<link ></link></trkpt>
<trkpt lat="56.035706" lon="43.319137">
<ele>104.80000000000001</ele>
<time>1970-01-01T00:00:01Z</time>
<link ></link></trkpt>
<trkpt lat="56.035212" lon="43.318386">
<ele>107.36000000000001</ele>
<time>1970-01-01T00:00:01Z</time>
<link ></link></trkpt>
<trkpt lat="56.034869" lon="43.317785">
<ele>111.48000000000002</ele>
<time>1970-01-01T00:00:01Z</time>
<link ></link></trkpt>
<trkpt lat="56.034053" lon="43.316155">
<ele>113.16000000000001</ele>
<time>1970-01-01T00:00:01Z</time>
<link ></link></trkpt>
<trkpt lat="56.033388" lon="43.315039">
<ele>113.80000000000001</ele>
<time>1970-01-01T00:00:01Z</time>
<link ></link></trkpt>
<trkpt lat="56.032573" lon="43.314288">
<ele>112.80000000000001</ele>
<time>1970-01-01T00:00:01Z</time>
<link ></link></trkpt>
<trkpt lat="56.032423" lon="43.313623">
<ele>111.88000000000001</ele>
<time>1970-01-01T00:00:01Z</time>
<link ></link></trkpt>
<trkpt lat="56.032251" lon="43.313279">
<ele>110.80000000000001</ele>
<time>1970-01-01T00:00:01Z</time>
<link ></link></trkpt>
<trkpt lat="56.032079" lon="43.313172">
<ele>110.16000000000001</ele>
<time>1970-01-01T00:00:01Z</time>
<link ></link></trkpt>
<trkpt lat="56.03195" lon="43.312979">
<ele>109.20000000000002</ele>
<time>1970-01-01T00:00:01Z</time>
<link ></link></trkpt>
<trkpt lat="56.031736" lon="43.312421">
<ele>108.80000000000001</ele>
<time>1970-01-01T00:00:01Z</time>
<link ></link></trkpt>
<trkpt lat="56.031672" lon="43.311477">
<ele>108.28000000000003</ele>
<time>1970-01-01T00:00:01Z</time>
<link ></link></trkpt>
<trkpt lat="56.031543" lon="43.310533">
<ele>107.92</ele>
<time>1970-01-01T00:00:01Z</time>
<link ></link></trkpt>
<trkpt lat="56.031393" lon="43.309996">
<ele>107.20000000000002</ele>
<time>1970-01-01T00:00:01Z</time>
<link ></link></trkpt>
<trkpt lat="56.031135" lon="43.309095">
<ele>104.80000000000001</ele>
<time>1970-01-01T00:00:01Z</time>
<link ></link></trkpt>
<trkpt lat="56.030663" lon="43.308366">
<ele>105.04000000000002</ele>
<time>1970-01-01T00:00:01Z</time>
<link ></link></trkpt>
<trkpt lat="56.030212" lon="43.306413">
<ele>102.92000000000002</ele>
<time>1970-01-01T00:00:01Z</time>
<link ></link></trkpt>
<trkpt lat="56.029976" lon="43.305834">
<ele>104.84000000000002</ele>
<time>1970-01-01T00:00:01Z</time>
<link ></link></trkpt>
<trkpt lat="56.029805" lon="43.305168">
<ele>104.08000000000001</ele>
<time>1970-01-01T00:00:01Z</time>
<link ></link></trkpt>
<trkpt lat="56.029547" lon="43.304417">
<ele>104.04000000000002</ele>
<time>1970-01-01T00:00:01Z</time>
<link ></link></trkpt>
<trkpt lat="56.02914" lon="43.303902">
<ele>103.72000000000001</ele>
<time>1970-01-01T00:00:01Z</time>
<link ></link></trkpt>
<trkpt lat="56.028625" lon="43.30298">
<ele>103.16000000000003</ele>
<time>1970-01-01T00:00:01Z</time>
<link ></link></trkpt>
<trkpt lat="56.028346" lon="43.302357">
<ele>103.60000000000002</ele>
<time>1970-01-01T00:00:01Z</time>
<link ></link></trkpt>
<trkpt lat="56.028217" lon="43.302164">
<ele>103.56000000000002</ele>
<time>1970-01-01T00:00:01Z</time>
<link ></link></trkpt>
<trkpt lat="56.027809" lon="43.301714">
<ele>103.72000000000003</ele>
<time>1970-01-01T00:00:01Z</time>
<link ></link></trkpt>
<trkpt lat="56.027552" lon="43.301563">
<ele>103.08000000000001</ele>
<time>1970-01-01T00:00:01Z</time>
<link ></link></trkpt>
<trkpt lat="56.02708" lon="43.300963">
<ele>103.36000000000001</ele>
<time>1970-01-01T00:00:01Z</time>
<link ></link></trkpt>
<trkpt lat="56.026844" lon="43.300555">
<ele>102.36000000000001</ele>
<time>1970-01-01T00:00:01Z</time>
<link ></link></trkpt>
<trkpt lat="56.026693" lon="43.300405">
<ele>101.72000000000001</ele>
<time>1970-01-01T00:00:01Z</time>
<link ></link></trkpt>
<trkpt lat="56.026436" lon="43.300255">
<ele>100.00000000000001</ele>
<time>1970-01-01T00:00:01Z</time>
<link ></link></trkpt>
<trkpt lat="56.025771" lon="43.300169">
<ele>96.84</ele>
<time>1970-01-01T00:00:01Z</time>
<link ></link></trkpt>
<trkpt lat="56.025256" lon="43.300383">
<ele>94.28</ele>
<time>1970-01-01T00:00:01Z</time>
<link ></link></trkpt>
<trkpt lat="56.024912" lon="43.300383">
<ele>90.20000000000002</ele>
<time>1970-01-01T00:00:01Z</time>
<link ></link></trkpt>
<trkpt lat="56.024569" lon="43.300469">
<ele>89.08</ele>
<time>1970-01-01T00:00:01Z</time>
<link ></link></trkpt>
<trkpt lat="56.024247" lon="43.300641">
<ele>87.96000000000001</ele>
<time>1970-01-01T00:00:01Z</time>
<link ></link></trkpt>
<trkpt lat="56.024118" lon="43.300576">
<ele>89.36000000000001</ele>
<time>1970-01-01T00:00:01Z</time>
<link ></link></trkpt>
<trkpt lat="56.02414" lon="43.300276">
<ele>90.16000000000003</ele>
<time>1970-01-01T00:00:01Z</time>
<link ></link></trkpt>
<trkpt lat="56.024118" lon="43.29989">
<ele>91.36000000000001</ele>
<time>1970-01-01T00:00:01Z</time>
<link ></link></trkpt>
<trkpt lat="56.02399" lon="43.299439">
<ele>91.52000000000001</ele>
<time>1970-01-01T00:00:01Z</time>
<link ></link></trkpt>
<trkpt lat="56.023839" lon="43.299203">
<ele>91.68</ele>
<time>1970-01-01T00:00:01Z</time>
<link ></link></trkpt>
<trkpt lat="56.023646" lon="43.299096">
<ele>90.03999999999999</ele>
<time>1970-01-01T00:00:01Z</time>
<link ></link></trkpt>
<trkpt lat="56.023346" lon="43.298645">
<ele>88.76</ele>
<time>1970-01-01T00:00:01Z</time>
<link ></link></trkpt>
<trkpt lat="56.02296" lon="43.298302">
<ele>87.16</ele>
<time>1970-01-01T00:00:01Z</time>
<link ></link></trkpt>
<trkpt lat="56.021973" lon="43.297873">
<ele>87.84</ele>
<time>1970-01-01T00:00:01Z</time>
<link ></link></trkpt>
<trkpt lat="56.021307" lon="43.297658">
<ele>89.92000000000002</ele>
<time>1970-01-01T00:00:01Z</time>
<link ></link></trkpt>
<trkpt lat="56.020642" lon="43.2971">
<ele>92.24000000000001</ele>
<time>1970-01-01T00:00:01Z</time>
<link ></link></trkpt>
<trkpt lat="56.020213" lon="43.296929">
<ele>93.20000000000002</ele>
<time>1970-01-01T00:00:01Z</time>
<link ></link></trkpt>
<trkpt lat="56.019355" lon="43.296864">
<ele>93.08000000000001</ele>
<time>1970-01-01T00:00:01Z</time>
<link ></link></trkpt>
<trkpt lat="56.019119" lon="43.296907">
<ele>91.12</ele>
<time>1970-01-01T00:00:01Z</time>
<link ></link></trkpt>
<trkpt lat="56.01899" lon="43.296993">
<ele>90.16</ele>
<time>1970-01-01T00:00:01Z</time>
<link ></link></trkpt>
<trkpt lat="56.017917" lon="43.2968">
<ele>88.80000000000001</ele>
<time>1970-01-01T00:00:01Z</time>
<link ></link></trkpt>
<trkpt lat="56.017703" lon="43.2968">
<ele>88.64</ele>
<time>1970-01-01T00:00:01Z</time>
<link ></link></trkpt>
<trkpt lat="56.017123" lon="43.296671">
<ele>88.68</ele>
<time>1970-01-01T00:00:01Z</time>
<link ></link></trkpt>
<trkpt lat="56.016608" lon="43.296671">
<ele>88.84</ele>
<time>1970-01-01T00:00:01Z</time>
<link ></link></trkpt>
<trkpt lat="56.016136" lon="43.2968">
<ele>89.0</ele>
<time>1970-01-01T00:00:01Z</time>
<link ></link></trkpt>
<trkpt lat="56.015857" lon="43.296972">
<ele>89.0</ele>
<time>1970-01-01T00:00:01Z</time>
<link ></link></trkpt>
<trkpt lat="56.015256" lon="43.296886">
<ele>88.68</ele>
<time>1970-01-01T00:00:01Z</time>
<link ></link></trkpt>
<trkpt lat="56.014784" lon="43.296993">
<ele>88.36000000000001</ele>
<time>1970-01-01T00:00:01Z</time>
<link ></link></trkpt>
<trkpt lat="56.013304" lon="43.296499">
<ele>87.64000000000001</ele>
<time>1970-01-01T00:00:01Z</time>
<link ></link></trkpt>
<trkpt lat="56.012918" lon="43.296242">
<ele>87.32000000000002</ele>
<time>1970-01-01T00:00:01Z</time>
<link ></link></trkpt>
<trkpt lat="56.012767" lon="43.296242">
<ele>87.64</ele>
<time>1970-01-01T00:00:01Z</time>
<link ></link></trkpt>
<trkpt lat="56.012574" lon="43.296092">
<ele>88.28</ele>
<time>1970-01-01T00:00:01Z</time>
<link ></link></trkpt>
<trkpt lat="56.012381" lon="43.296027">
<ele>89.88</ele>
<time>1970-01-01T00:00:01Z</time>
<link ></link></trkpt>
<trkpt lat="56.012145" lon="43.296006">
<ele>90.68</ele>
<time>1970-01-01T00:00:01Z</time>
<link ></link></trkpt>
<trkpt lat="56.01163" lon="43.29577">
<ele>91.68</ele>
<time>1970-01-01T00:00:01Z</time>
<link ></link></trkpt>
<trkpt lat="56.011351" lon="43.295598">
<ele>91.84</ele>
<time>1970-01-01T00:00:01Z</time>
<link ></link></trkpt>
<trkpt lat="56.010965" lon="43.295191">
<ele>92.16</ele>
<time>1970-01-01T00:00:01Z</time>
<link ></link></trkpt>
<trkpt lat="56.010815" lon="43.295105">
<ele>92.16000000000001</ele>
<time>1970-01-01T00:00:01Z</time>
<link ></link></trkpt>
<trkpt lat="56.010686" lon="43.294869">
<ele>92.36000000000001</ele>
<time>1970-01-01T00:00:01Z</time>
<link ></link></trkpt>
<trkpt lat="56.010428" lon="43.293839">
<ele>90.88000000000002</ele>
<time>1970-01-01T00:00:01Z</time>
<link ></link></trkpt>
<trkpt lat="56.010364" lon="43.293345">
<ele>89.12</ele>
<time>1970-01-01T00:00:01Z</time>
<link ></link></trkpt>
<trkpt lat="56.010128" lon="43.292766">
<ele>85.6</ele>
<time>1970-01-01T00:00:01Z</time>
<link ></link></trkpt>
<trkpt lat="56.009892" lon="43.292422">
<ele>83.24</ele>
<time>1970-01-01T00:00:01Z</time>
<link ></link></trkpt>
<trkpt lat="56.009699" lon="43.292208">
<ele>80.84</ele>
<time>1970-01-01T00:00:01Z</time>
<link ></link></trkpt>
<trkpt lat="56.00957" lon="43.291929">
<ele>80.04</ele>
<time>1970-01-01T00:00:01Z</time>
<link ></link></trkpt>
<trkpt lat="56.00927" lon="43.2915">
<ele>78.92</ele>
<time>1970-01-01T00:00:01Z</time>
<link ></link></trkpt>
<trkpt lat="56.00912" lon="43.291478">
<ele>79.16000000000001</ele>
<time>1970-01-01T00:00:01Z</time>
<link ></link></trkpt>
<trkpt lat="56.008519" lon="43.291543">
<ele>79.0</ele>
<time>1970-01-01T00:00:01Z</time>
<link ></link></trkpt>
<trkpt lat="56.008175" lon="43.291671">
<ele>79.68</ele>
<time>1970-01-01T00:00:01Z</time>
<link ></link></trkpt>
<trkpt lat="56.007854" lon="43.291865">
<ele>81.12</ele>
<time>1970-01-01T00:00:01Z</time>
<link ></link></trkpt>
<trkpt lat="56.007617" lon="43.29195">
<ele>82.56</ele>
<time>1970-01-01T00:00:01Z</time>
<link ></link></trkpt>
<trkpt lat="56.006888" lon="43.29268">
<ele>84.96000000000001</ele>
<time>1970-01-01T00:00:01Z</time>
<link ></link></trkpt>
<trkpt lat="56.006738" lon="43.293088">
<ele>85.76000000000002</ele>
<time>1970-01-01T00:00:01Z</time>
<link ></link></trkpt>
<trkpt lat="56.006588" lon="43.293367">
<ele>85.96000000000001</ele>
<time>1970-01-01T00:00:01Z</time>
<link ></link></trkpt>
<trkpt lat="56.006351" lon="43.293688">
<ele>85.48</ele>
<time>1970-01-01T00:00:01Z</time>
<link ></link></trkpt>
<trkpt lat="56.006073" lon="43.293796">
<ele>84.2</ele>
<time>1970-01-01T00:00:01Z</time>
<link ></link></trkpt>
<trkpt lat="56.005836" lon="43.293989">
<ele>83.4</ele>
<time>1970-01-01T00:00:01Z</time>
<link ></link></trkpt>
<trkpt lat="56.005665" lon="43.294075">
<ele>81.60000000000001</ele>
<time>1970-01-01T00:00:01Z</time>
<link ></link></trkpt>
<trkpt lat="56.005364" lon="43.293925">
<ele>81.60000000000001</ele>
<time>1970-01-01T00:00:01Z</time>
<link ></link></trkpt>
<trkpt lat="56.005043" lon="43.29356">
<ele>81.28</ele>
<time>1970-01-01T00:00:01Z</time>
<link ></link></trkpt>
<trkpt lat="56.004528" lon="43.293495">
<ele>82.76000000000002</ele>
<time>1970-01-01T00:00:01Z</time>
<link ></link></trkpt>
<trkpt lat="56.004034" lon="43.293302">
<ele>83.32</ele>
<time>1970-01-01T00:00:01Z</time>
<link ></link></trkpt>
<trkpt lat="56.003841" lon="43.293302">
<ele>84.12</ele>
<time>1970-01-01T00:00:01Z</time>
<link ></link></trkpt>
<trkpt lat="56.003498" lon="43.29341">
<ele>84.72</ele>
<time>1970-01-01T00:00:01Z</time>
<link ></link></trkpt>
<trkpt lat="56.001931" lon="43.293517">
<ele>84.52000000000001</ele>
<time>1970-01-01T00:00:01Z</time>
<link ></link></trkpt>
<trkpt lat="56.001802" lon="43.29341">
<ele>84.52000000000001</ele>
<time>1970-01-01T00:00:01Z</time>
<link ></link></trkpt>
<trkpt lat="56.001631" lon="43.293345">
<ele>84.44</ele>
<time>1970-01-01T00:00:01Z</time>
<link ></link></trkpt>
<trkpt lat="56.001373" lon="43.29341">
<ele>84.92</ele>
<time>1970-01-01T00:00:01Z</time>
<link ></link></trkpt>
<trkpt lat="56.000751" lon="43.293452">
<ele>86.08000000000001</ele>
<time>1970-01-01T00:00:01Z</time>
<link ></link></trkpt>
<trkpt lat="56.00015" lon="43.293646">
<ele>86.56</ele>
<time>1970-01-01T00:00:01Z</time>
<link ></link></trkpt>
<trkpt lat="55.999828" lon="43.293796">
<ele>86.64000000000001</ele>
<time>1970-01-01T00:00:01Z</time>
<link ></link></trkpt>
<trkpt lat="55.999485" lon="43.293817">
<ele>86.0</ele>
<time>1970-01-01T00:00:01Z</time>
<link ></link></trkpt>
<trkpt lat="55.998562" lon="43.293731">
<ele>86.64</ele>
<time>1970-01-01T00:00:01Z</time>
<link ></link></trkpt>
<trkpt lat="55.998326" lon="43.293839">
<ele>86.4</ele>
<time>1970-01-01T00:00:01Z</time>
<link ></link></trkpt>
<trkpt lat="55.997661" lon="43.294268">
<ele>88.16</ele>
<time>1970-01-01T00:00:01Z</time>
<link ></link></trkpt>
<trkpt lat="55.997447" lon="43.294246">
<ele>87.32000000000002</ele>
<time>1970-01-01T00:00:01Z</time>
<link ></link></trkpt>
<trkpt lat="55.997232" lon="43.294268">
<ele>87.80000000000001</ele>
<time>1970-01-01T00:00:01Z</time>
<link ></link></trkpt>
<trkpt lat="55.997039" lon="43.294375">
<ele>86.03999999999999</ele>
<time>1970-01-01T00:00:01Z</time>
<link ></link></trkpt>
<trkpt lat="55.996867" lon="43.294332">
<ele>85.08000000000001</ele>
<time>1970-01-01T00:00:01Z</time>
<link ></link></trkpt>
<trkpt lat="55.996781" lon="43.294139">
<ele>83.39999999999999</ele>
<time>1970-01-01T00:00:01Z</time>
<link ></link></trkpt>
<trkpt lat="55.996674" lon="43.29401">
<ele>82.92000000000002</ele>
<time>1970-01-01T00:00:01Z</time>
<link ></link></trkpt>
<trkpt lat="55.996331" lon="43.294096">
<ele>82.88</ele>
<time>1970-01-01T00:00:01Z</time>
<link ></link></trkpt>
<trkpt lat="55.996202" lon="43.29371">
<ele>83.20000000000002</ele>
<time>1970-01-01T00:00:01Z</time>
<link ></link></trkpt>
<trkpt lat="55.995816" lon="43.293581">
<ele>83.32000000000001</ele>
<time>1970-01-01T00:00:01Z</time>
<link ></link></trkpt>
<trkpt lat="55.995601" lon="43.293603">
<ele>83.32000000000002</ele>
<time>1970-01-01T00:00:01Z</time>
<link ></link></trkpt>
<trkpt lat="55.994593" lon="43.296049">
<ele>83.80000000000001</ele>
<time>1970-01-01T00:00:01Z</time>
<link ></link></trkpt>
<trkpt lat="55.994357" lon="43.297079">
<ele>83.84</ele>
<time>1970-01-01T00:00:01Z</time>
<link ></link></trkpt>
<trkpt lat="55.994314" lon="43.297572">
<ele>84.44000000000001</ele>
<time>1970-01-01T00:00:01Z</time>
<link ></link></trkpt>
<trkpt lat="55.994121" lon="43.298302">
<ele>83.44000000000001</ele>
<time>1970-01-01T00:00:01Z</time>
<link ></link></trkpt>
<trkpt lat="55.99397" lon="43.298559">
<ele>83.48000000000002</ele>
<time>1970-01-01T00:00:01Z</time>
<link ></link></trkpt>
<trkpt lat="55.993541" lon="43.298838">
<ele>82.68</ele>
<time>1970-01-01T00:00:01Z</time>
<link ></link></trkpt>
<trkpt lat="55.993391" lon="43.299139">
<ele>82.68</ele>
<time>1970-01-01T00:00:01Z</time>
<link ></link></trkpt>
<trkpt lat="55.993305" lon="43.299396">
<ele>82.64000000000001</ele>
<time>1970-01-01T00:00:01Z</time>
<link ></link></trkpt>
<trkpt lat="55.993262" lon="43.299804">
<ele>82.96000000000001</ele>
<time>1970-01-01T00:00:01Z</time>
<link ></link></trkpt>
<trkpt lat="55.993348" lon="43.300598">
<ele>83.84</ele>
<time>1970-01-01T00:00:01Z</time>
<link ></link></trkpt>
<trkpt lat="55.993348" lon="43.301542">
<ele>84.52000000000001</ele>
<time>1970-01-01T00:00:01Z</time>
<link ></link></trkpt>
<trkpt lat="55.993412" lon="43.302486">
<ele>85.20000000000002</ele>
<time>1970-01-01T00:00:01Z</time>
<link ></link></trkpt>
<trkpt lat="55.993305" lon="43.302958">
<ele>85.16000000000001</ele>
<time>1970-01-01T00:00:01Z</time>
<link ></link></trkpt>
<trkpt lat="55.993112" lon="43.303344">
<ele>85.16</ele>
<time>1970-01-01T00:00:01Z</time>
<link ></link></trkpt>
<trkpt lat="55.993026" lon="43.303859">
<ele>85.16</ele>
<time>1970-01-01T00:00:01Z</time>
<link ></link></trkpt>
<trkpt lat="55.992962" lon="43.30549">
<ele>85.80000000000001</ele>
<time>1970-01-01T00:00:01Z</time>
<link ></link></trkpt>
<trkpt lat="55.992983" lon="43.307164">
<ele>86.64000000000001</ele>
<time>1970-01-01T00:00:01Z</time>
<link ></link></trkpt>
<trkpt lat="55.993048" lon="43.307722">
<ele>89.80000000000001</ele>
<time>1970-01-01T00:00:01Z</time>
<link ></link></trkpt>
<trkpt lat="55.993219" lon="43.308301">
<ele>92.52000000000001</ele>
<time>1970-01-01T00:00:01Z</time>
<link ></link></trkpt>
<trkpt lat="55.99337" lon="43.308559">
<ele>97.48000000000002</ele>
<time>1970-01-01T00:00:01Z</time>
<link ></link></trkpt>
<trkpt lat="55.993756" lon="43.309674">
<ele>99.44000000000003</ele>
<time>1970-01-01T00:00:01Z</time>
<link ></link></trkpt>
<trkpt lat="55.99382" lon="43.309932">
<ele>102.16000000000003</ele>
<time>1970-01-01T00:00:01Z</time>
<link ></link></trkpt>
<trkpt lat="55.993863" lon="43.310576">
<ele>102.56</ele>
<time>1970-01-01T00:00:01Z</time>
<link ></link></trkpt>
<trkpt lat="55.994206" lon="43.311155">
<ele>104.24000000000002</ele>
<time>1970-01-01T00:00:01Z</time>
<link ></link></trkpt>
<trkpt lat="55.994314" lon="43.311434">
<ele>105.04000000000002</ele>
<time>1970-01-01T00:00:01Z</time>
<link ></link></trkpt>
<trkpt lat="55.994357" lon="43.31197">
<ele>105.96000000000004</ele>
<time>1970-01-01T00:00:01Z</time>
<link ></link></trkpt>
<trkpt lat="55.994464" lon="43.312571">
<ele>107.16000000000003</ele>
<time>1970-01-01T00:00:01Z</time>
<link ></link></trkpt>
<trkpt lat="55.994571" lon="43.312764">
<ele>107.96000000000002</ele>
<time>1970-01-01T00:00:01Z</time>
<link ></link></trkpt>
<trkpt lat="55.994678" lon="43.313537">
<ele>109.72000000000001</ele>
<time>1970-01-01T00:00:01Z</time>
<link ></link></trkpt>
<trkpt lat="55.994829" lon="43.313794">
<ele>111.00000000000001</ele>
<time>1970-01-01T00:00:01Z</time>
<link ></link></trkpt>
<trkpt lat="55.994893" lon="43.31403">
<ele>113.24000000000002</ele>
<time>1970-01-01T00:00:01Z</time>
<link ></link></trkpt>
<trkpt lat="55.995022" lon="43.314116">
<ele>115.96000000000002</ele>
<time>1970-01-01T00:00:01Z</time>
<link ></link></trkpt>
<trkpt lat="55.995408" lon="43.31461">
<ele>119.08000000000001</ele>
<time>1970-01-01T00:00:01Z</time>
<link ></link></trkpt>
<trkpt lat="55.995687" lon="43.315253">
<ele>121.4</ele>
<time>1970-01-01T00:00:01Z</time>
<link ></link></trkpt>
<trkpt lat="55.995944" lon="43.315425">
<ele>122.68</ele>
<time>1970-01-01T00:00:01Z</time>
<link ></link></trkpt>
<trkpt lat="55.996202" lon="43.315811">
<ele>123.48000000000002</ele>
<time>1970-01-01T00:00:01Z</time>
<link ></link></trkpt>
<trkpt lat="55.996438" lon="43.315811">
<ele>123.96000000000004</ele>
<time>1970-01-01T00:00:01Z</time>
<link ></link></trkpt>
<trkpt lat="55.996459" lon="43.316283">
<ele>125.68000000000002</ele>
<time>1970-01-01T00:00:01Z</time>
<link ></link></trkpt>
<trkpt lat="55.996438" lon="43.316434">
<ele>127.12000000000002</ele>
<time>1970-01-01T00:00:01Z</time>
<link ></link></trkpt>
<trkpt lat="55.996545" lon="43.317163">
<ele>129.36</ele>
<time>1970-01-01T00:00:01Z</time>
<link ></link></trkpt>
<trkpt lat="55.996459" lon="43.31785">
<ele>131.04000000000002</ele>
<time>1970-01-01T00:00:01Z</time>
<link ></link></trkpt>
<trkpt lat="55.996567" lon="43.318429">
<ele>131.68000000000004</ele>
<time>1970-01-01T00:00:01Z</time>
<link ></link></trkpt>
<trkpt lat="55.996674" lon="43.318751">
<ele>130.16000000000003</ele>
<time>1970-01-01T00:00:01Z</time>
<link ></link></trkpt>
<trkpt lat="55.996653" lon="43.319266">
<ele>127.12000000000002</ele>
<time>1970-01-01T00:00:01Z</time>
<link ></link></trkpt>
<trkpt lat="55.996738" lon="43.320017">
<ele>123.76000000000002</ele>
<time>1970-01-01T00:00:01Z</time>
<link ></link></trkpt>
<trkpt lat="55.996717" lon="43.320382">
<ele>121.52000000000001</ele>
<time>1970-01-01T00:00:01Z</time>
<link ></link></trkpt>
<trkpt lat="55.996588" lon="43.320682">
<ele>120.88000000000002</ele>
<time>1970-01-01T00:00:01Z</time>
<link ></link></trkpt>
<trkpt lat="55.996545" lon="43.321068">
<ele>119.52000000000001</ele>
<time>1970-01-01T00:00:01Z</time>
<link ></link></trkpt>
<trkpt lat="55.996653" lon="43.321669">
<ele>118.56000000000003</ele>
<time>1970-01-01T00:00:01Z</time>
<link ></link></trkpt>
<trkpt lat="55.996631" lon="43.322613">
<ele>118.28000000000002</ele>
<time>1970-01-01T00:00:01Z</time>
<link ></link></trkpt>
<trkpt lat="55.996803" lon="43.323407">
<ele>118.12</ele>
<time>1970-01-01T00:00:01Z</time>
<link ></link></trkpt>
<trkpt lat="55.99661" lon="43.326197">
<ele>119.80000000000001</ele>
<time>1970-01-01T00:00:01Z</time>
<link ></link></trkpt>
<trkpt lat="55.996696" lon="43.327677">
<ele>119.32</ele>
<time>1970-01-01T00:00:01Z</time>
<link ></link></trkpt>
<trkpt lat="55.996846" lon="43.328536">
<ele>119.64000000000001</ele>
<time>1970-01-01T00:00:01Z</time>
<link ></link></trkpt>
<trkpt lat="55.996953" lon="43.329759">
<ele>119.0</ele>
<time>1970-01-01T00:00:01Z</time>
<link ></link></trkpt>
<trkpt lat="55.996803" lon="43.330081">
<ele>119.0</ele>
<time>1970-01-01T00:00:01Z</time>
<link ></link></trkpt>
<trkpt lat="55.996824" lon="43.330317">
<ele>118.04000000000002</ele>
<time>1970-01-01T00:00:01Z</time>
<link ></link></trkpt>
<trkpt lat="55.99676" lon="43.330832">
<ele>118.2</ele>
<time>1970-01-01T00:00:01Z</time>
<link ></link></trkpt>
<trkpt lat="55.996138" lon="43.333965">
<ele>117.0</ele>
<time>1970-01-01T00:00:01Z</time>
<link ></link></trkpt>
<trkpt lat="55.995558" lon="43.33772">
<ele>117.92</ele>
<time>1970-01-01T00:00:01Z</time>
<link ></link></trkpt>
<trkpt lat="55.995365" lon="43.339179">
<ele>117.24000000000002</ele>
<time>1970-01-01T00:00:01Z</time>
<link ></link></trkpt>
<trkpt lat="55.995236" lon="43.34111">
<ele>117.12</ele>
<time>1970-01-01T00:00:01Z</time>
<link ></link></trkpt>
<trkpt lat="55.995086" lon="43.341496">
<ele>115.36000000000001</ele>
<time>1970-01-01T00:00:01Z</time>
<link ></link></trkpt>
<trkpt lat="55.994378" lon="43.341968">
<ele>110.72000000000001</ele>
<time>1970-01-01T00:00:01Z</time>
<link ></link></trkpt>
<trkpt lat="55.993219" lon="43.342419">
<ele>105.16</ele>
<time>1970-01-01T00:00:01Z</time>
<link ></link></trkpt>
<trkpt lat="55.990773" lon="43.344028">
<ele>97.2</ele>
<time>1970-01-01T00:00:01Z</time>
<link ></link></trkpt>
<trkpt lat="55.990473" lon="43.344372">
<ele>93.36000000000001</ele>
<time>1970-01-01T00:00:01Z</time>
<link ></link></trkpt>
<trkpt lat="55.990065" lon="43.344715">
<ele>90.64000000000001</ele>
<time>1970-01-01T00:00:01Z</time>
<link ></link></trkpt>
<trkpt lat="55.989679" lon="43.345101">
<ele>91.36000000000001</ele>
<time>1970-01-01T00:00:01Z</time>
<link ></link></trkpt>
<trkpt lat="55.989357" lon="43.345552">
<ele>92.00000000000001</ele>
<time>1970-01-01T00:00:01Z</time>
<link ></link></trkpt>
<trkpt lat="55.989035" lon="43.347032">
<ele>92.64000000000001</ele>
<time>1970-01-01T00:00:01Z</time>
<link ></link></trkpt>
<trkpt lat="55.988799" lon="43.347504">
<ele>93.04000000000002</ele>
<time>1970-01-01T00:00:01Z</time>
<link ></link></trkpt>
<trkpt lat="55.988542" lon="43.347805">
<ele>93.04000000000002</ele>
<time>1970-01-01T00:00:01Z</time>
<link ></link></trkpt>
<trkpt lat="55.988327" lon="43.347976">
<ele>92.64000000000001</ele>
<time>1970-01-01T00:00:01Z</time>
<link ></link></trkpt>
<trkpt lat="55.988155" lon="43.347912">
<ele>92.32000000000002</ele>
<time>1970-01-01T00:00:01Z</time>
<link ></link></trkpt>
<trkpt lat="55.987962" lon="43.347655">
<ele>91.68</ele>
<time>1970-01-01T00:00:01Z</time>
<link ></link></trkpt>
<trkpt lat="55.987791" lon="43.347504">
<ele>92.16000000000001</ele>
<time>1970-01-01T00:00:01Z</time>
<link ></link></trkpt>
<trkpt lat="55.987533" lon="43.34744">
<ele>92.24000000000001</ele>
<time>1970-01-01T00:00:01Z</time>
<link ></link></trkpt>
<trkpt lat="55.98719" lon="43.347612">
<ele>93.72</ele>
<time>1970-01-01T00:00:01Z</time>
<link ></link></trkpt>
<trkpt lat="55.986975" lon="43.347504">
<ele>94.03999999999999</ele>
<time>1970-01-01T00:00:01Z</time>
<link ></link></trkpt>
<trkpt lat="55.986846" lon="43.347182">
<ele>95.48</ele>
<time>1970-01-01T00:00:01Z</time>
<link ></link></trkpt>
<trkpt lat="55.986675" lon="43.346474">
<ele>96.08000000000001</ele>
<time>1970-01-01T00:00:01Z</time>
<link ></link></trkpt>
<trkpt lat="55.985881" lon="43.344329">
<ele>97.88000000000001</ele>
<time>1970-01-01T00:00:01Z</time>
<link ></link></trkpt>
<trkpt lat="55.985688" lon="43.344071">
<ele>98.88000000000001</ele>
<time>1970-01-01T00:00:01Z</time>
<link ></link></trkpt>
<trkpt lat="55.985495" lon="43.344071">
<ele>100.0</ele>
<time>1970-01-01T00:00:01Z</time>
<link ></link></trkpt>
<trkpt lat="55.985259" lon="43.343964">
<ele>100.32000000000001</ele>
<time>1970-01-01T00:00:01Z</time>
<link ></link></trkpt>
<trkpt lat="55.984829" lon="43.343127">
<ele>100.68</ele>
<time>1970-01-01T00:00:01Z</time>
<link ></link></trkpt>
<trkpt lat="55.984529" lon="43.342934">
<ele>100.36000000000001</ele>
<time>1970-01-01T00:00:01Z</time>
<link ></link></trkpt>
<trkpt lat="55.984357" lon="43.34302">
<ele>100.04000000000002</ele>
<time>1970-01-01T00:00:01Z</time>
<link ></link></trkpt>
<trkpt lat="55.98395" lon="43.343363">
<ele>98.96000000000001</ele>
<time>1970-01-01T00:00:01Z</time>
<link ></link></trkpt>
<trkpt lat="55.983692" lon="43.343878">
<ele>98.48000000000002</ele>
<time>1970-01-01T00:00:01Z</time>
<link ></link></trkpt>
<trkpt lat="55.982898" lon="43.345723">
<ele>98.0</ele>
<time>1970-01-01T00:00:01Z</time>
<link ></link></trkpt>
<trkpt lat="55.982748" lon="43.345766">
<ele>98.0</ele>
<time>1970-01-01T00:00:01Z</time>
<link ></link></trkpt>
<trkpt lat="55.982555" lon="43.345659">
<ele>98.48000000000002</ele>
<time>1970-01-01T00:00:01Z</time>
<link ></link></trkpt>
<trkpt lat="55.981954" lon="43.344629">
<ele>98.96000000000001</ele>
<time>1970-01-01T00:00:01Z</time>
<link ></link></trkpt>
<trkpt lat="55.981632" lon="43.34435">
<ele>100.36000000000001</ele>
<time>1970-01-01T00:00:01Z</time>
<link ></link></trkpt>
<trkpt lat="55.98116" lon="43.344457">
<ele>101.16000000000003</ele>
<time>1970-01-01T00:00:01Z</time>
<link ></link></trkpt>
<trkpt lat="55.980731" lon="43.344629">
<ele>102.36000000000001</ele>
<time>1970-01-01T00:00:01Z</time>
<link ></link></trkpt>
<trkpt lat="55.980559" lon="43.344543">
<ele>102.20000000000002</ele>
<time>1970-01-01T00:00:01Z</time>
<link ></link></trkpt>
<trkpt lat="55.980237" lon="43.344221">
<ele>101.72</ele>
<time>1970-01-01T00:00:01Z</time>
<link ></link></trkpt>
<trkpt lat="55.979808" lon="43.343685">
<ele>100.32000000000002</ele>
<time>1970-01-01T00:00:01Z</time>
<link ></link></trkpt>
<trkpt lat="55.979422" lon="43.343063">
<ele>99.12</ele>
<time>1970-01-01T00:00:01Z</time>
<link ></link></trkpt>
<trkpt lat="55.9791" lon="43.342676">
<ele>98.32000000000002</ele>
<time>1970-01-01T00:00:01Z</time>
<link ></link></trkpt>
<trkpt lat="55.978864" lon="43.342548">
<ele>97.68</ele>
<time>1970-01-01T00:00:01Z</time>
<link ></link></trkpt>
<trkpt lat="55.978628" lon="43.342526">
<ele>97.36000000000001</ele>
<time>1970-01-01T00:00:01Z</time>
<link ></link></trkpt>
<trkpt lat="55.978285" lon="43.342419">
<ele>96.48000000000002</ele>
<time>1970-01-01T00:00:01Z</time>
<link ></link></trkpt>
<trkpt lat="55.978092" lon="43.342011">
<ele>96.0</ele>
<time>1970-01-01T00:00:01Z</time>
<link ></link></trkpt>
<trkpt lat="55.977834" lon="43.341625">
<ele>95.16</ele>
<time>1970-01-01T00:00:01Z</time>
<link ></link></trkpt>
<trkpt lat="55.977534" lon="43.341003">
<ele>94.84</ele>
<time>1970-01-01T00:00:01Z</time>
<link ></link></trkpt>
<trkpt lat="55.977148" lon="43.340509">
<ele>94.48</ele>
<time>1970-01-01T00:00:01Z</time>
<link ></link></trkpt>
<trkpt lat="55.977019" lon="43.340166">
<ele>94.48</ele>
<time>1970-01-01T00:00:01Z</time>
<link ></link></trkpt>
<trkpt lat="55.976504" lon="43.339522">
<ele>95.16000000000001</ele>
<time>1970-01-01T00:00:01Z</time>
<link ></link></trkpt>
<trkpt lat="55.976311" lon="43.339222">
<ele>94.03999999999999</ele>
<time>1970-01-01T00:00:01Z</time>
<link ></link></trkpt>
<trkpt lat="55.976161" lon="43.338363">
<ele>93.52000000000001</ele>
<time>1970-01-01T00:00:01Z</time>
<link ></link></trkpt>
<trkpt lat="55.975731" lon="43.337226">
<ele>90.04</ele>
<time>1970-01-01T00:00:01Z</time>
<link ></link></trkpt>
<trkpt lat="55.975646" lon="43.337119">
<ele>88.76000000000002</ele>
<time>1970-01-01T00:00:01Z</time>
<link ></link></trkpt>
<trkpt lat="55.97556" lon="43.337119">
<ele>87.0</ele>
<time>1970-01-01T00:00:01Z</time>
<link ></link></trkpt>
<trkpt lat="55.975495" lon="43.337226">
<ele>87.0</ele>
<time>1970-01-01T00:00:01Z</time>
<link ></link></trkpt>
<trkpt lat="55.97541" lon="43.337269">
<ele>86.68</ele>
<time>1970-01-01T00:00:01Z</time>
<link ></link></trkpt>
<trkpt lat="55.975088" lon="43.336861">
<ele>86.36000000000001</ele>
<time>1970-01-01T00:00:01Z</time>
<link ></link></trkpt>
<trkpt lat="55.974937" lon="43.337012">
<ele>85.64000000000001</ele>
<time>1970-01-01T00:00:01Z</time>
<link ></link></trkpt>
<trkpt lat="55.97483" lon="43.337033">
<ele>85.16</ele>
<time>1970-01-01T00:00:01Z</time>
<link ></link></trkpt>
<trkpt lat="55.974637" lon="43.336926">
<ele>84.36</ele>
<time>1970-01-01T00:00:01Z</time>
<link ></link></trkpt>
<trkpt lat="55.97468" lon="43.335853">
<ele>83.68</ele>
<time>1970-01-01T00:00:01Z</time>
<link ></link></trkpt>
<trkpt lat="55.974616" lon="43.33566">
<ele>82.80000000000001</ele>
<time>1970-01-01T00:00:01Z</time>
<link ></link></trkpt>
<trkpt lat="55.974401" lon="43.335488">
<ele>82.32000000000002</ele>
<time>1970-01-01T00:00:01Z</time>
<link ></link></trkpt>
<trkpt lat="55.974272" lon="43.335338">
<ele>82.80000000000001</ele>
<time>1970-01-01T00:00:01Z</time>
<link ></link></trkpt>
<trkpt lat="55.974251" lon="43.335252">
<ele>82.80000000000001</ele>
<time>1970-01-01T00:00:01Z</time>
<link ></link></trkpt>
<trkpt lat="55.974101" lon="43.335037">
<ele>83.80000000000001</ele>
<time>1970-01-01T00:00:01Z</time>
<link ></link></trkpt>
<trkpt lat="55.974079" lon="43.334887">
<ele>82.80000000000001</ele>
<time>1970-01-01T00:00:01Z</time>
<link ></link></trkpt>
<trkpt lat="55.973886" lon="43.334737">
<ele>82.80000000000001</ele>
<time>1970-01-01T00:00:01Z</time>
<link ></link></trkpt>
<trkpt lat="55.973714" lon="43.334437">
<ele>82.0</ele>
<time>1970-01-01T00:00:01Z</time>
<link ></link></trkpt>
<trkpt lat="55.973693" lon="43.334029">
<ele>82.0</ele>
<time>1970-01-01T00:00:01Z</time>
<link ></link></trkpt>
<trkpt lat="55.973564" lon="43.333643">
<ele>82.16</ele>
<time>1970-01-01T00:00:01Z</time>
<link ></link></trkpt>
<trkpt lat="55.973586" lon="43.333471">
<ele>82.32000000000001</ele>
<time>1970-01-01T00:00:01Z</time>
<link ></link></trkpt>
<trkpt lat="55.973543" lon="43.333214">
<ele>83.32000000000001</ele>
<time>1970-01-01T00:00:01Z</time>
<link ></link></trkpt>
<trkpt lat="55.973478" lon="43.333063">
<ele>84.12</ele>
<time>1970-01-01T00:00:01Z</time>
<link ></link></trkpt>
<trkpt lat="55.9735" lon="43.332441">
<ele>85.72</ele>
<time>1970-01-01T00:00:01Z</time>
<link ></link></trkpt>
<trkpt lat="55.973478" lon="43.332226">
<ele>87.32000000000001</ele>
<time>1970-01-01T00:00:01Z</time>
<link ></link></trkpt>
<trkpt lat="55.973414" lon="43.332098">
<ele>88.92000000000002</ele>
<time>1970-01-01T00:00:01Z</time>
<link ></link></trkpt>
<trkpt lat="55.973006" lon="43.331862">
<ele>90.60000000000002</ele>
<time>1970-01-01T00:00:01Z</time>
<link ></link></trkpt>
<trkpt lat="55.972985" lon="43.331797">
<ele>91.08000000000001</ele>
<time>1970-01-01T00:00:01Z</time>
<link ></link></trkpt>
<trkpt lat="55.972749" lon="43.331583">
<ele>90.96000000000001</ele>
<time>1970-01-01T00:00:01Z</time>
<link ></link></trkpt>
<trkpt lat="55.972641" lon="43.33154">
<ele>92.24000000000001</ele>
<time>1970-01-01T00:00:01Z</time>
<link ></link></trkpt>
<trkpt lat="55.972556" lon="43.331604">
<ele>93.52000000000001</ele>
<time>1970-01-01T00:00:01Z</time>
<link ></link></trkpt>
<trkpt lat="55.972427" lon="43.33184">
<ele>97.48000000000002</ele>
<time>1970-01-01T00:00:01Z</time>
<link ></link></trkpt>
<trkpt lat="55.972384" lon="43.332012">
<ele>99.4</ele>
<time>1970-01-01T00:00:01Z</time>
<link ></link></trkpt>
<trkpt lat="55.972126" lon="43.332312">
<ele>101.16000000000003</ele>
<time>1970-01-01T00:00:01Z</time>
<link ></link></trkpt>
<trkpt lat="55.971719" lon="43.333042">
<ele>101.36000000000001</ele>
<time>1970-01-01T00:00:01Z</time>
<link ></link></trkpt>
<trkpt lat="55.971676" lon="43.333364">
<ele>101.32000000000002</ele>
<time>1970-01-01T00:00:01Z</time>
<link ></link></trkpt>
<trkpt lat="55.971719" lon="43.334072">
<ele>103.08000000000001</ele>
<time>1970-01-01T00:00:01Z</time>
<link ></link></trkpt>
<trkpt lat="55.971676" lon="43.33448">
<ele>104.88000000000001</ele>
<time>1970-01-01T00:00:01Z</time>
<link ></link></trkpt>
<trkpt lat="55.971569" lon="43.33463">
<ele>108.80000000000001</ele>
<time>1970-01-01T00:00:01Z</time>
<link ></link></trkpt>
<trkpt lat="55.971461" lon="43.334651">
<ele>110.56000000000002</ele>
<time>1970-01-01T00:00:01Z</time>
<link ></link></trkpt>
<trkpt lat="55.971054" lon="43.335016">
<ele>112.36000000000001</ele>
<time>1970-01-01T00:00:01Z</time>
<link ></link></trkpt>
<trkpt lat="55.970882" lon="43.334973">
<ele>112.32000000000002</ele>
<time>1970-01-01T00:00:01Z</time>
<link ></link></trkpt>
<trkpt lat="55.970839" lon="43.334866">
<ele>112.48000000000002</ele>
<time>1970-01-01T00:00:01Z</time>
<link ></link></trkpt>
<trkpt lat="55.970539" lon="43.333814">
<ele>112.52000000000004</ele>
<time>1970-01-01T00:00:01Z</time>
<link ></link></trkpt>
<trkpt lat="55.970453" lon="43.333385">
<ele>112.52000000000002</ele>
<time>1970-01-01T00:00:01Z</time>
<link ></link></trkpt>
<trkpt lat="55.970324" lon="43.333171">
<ele>112.96000000000001</ele>
<time>1970-01-01T00:00:01Z</time>
<link ></link></trkpt>
<trkpt lat="55.970045" lon="43.333063">
<ele>113.44000000000001</ele>
<time>1970-01-01T00:00:01Z</time>
<link ></link></trkpt>
<trkpt lat="55.969637" lon="43.332784">
<ele>114.72000000000001</ele>
<time>1970-01-01T00:00:01Z</time>
<link ></link></trkpt>
<trkpt lat="55.96953" lon="43.332741">
<ele>115.36000000000001</ele>
<time>1970-01-01T00:00:01Z</time>
<link ></link></trkpt>
<trkpt lat="55.969444" lon="43.332784">
<ele>115.68000000000002</ele>
<time>1970-01-01T00:00:01Z</time>
<link ></link></trkpt>
<trkpt lat="55.969251" lon="43.333235">
<ele>115.36000000000001</ele>
<time>1970-01-01T00:00:01Z</time>
<link ></link></trkpt>
<trkpt lat="55.968972" lon="43.333514">
<ele>114.64000000000001</ele>
<time>1970-01-01T00:00:01Z</time>
<link ></link></trkpt>
<trkpt lat="55.968629" lon="43.333771">
<ele>114.32000000000002</ele>
<time>1970-01-01T00:00:01Z</time>
<link ></link></trkpt>
<trkpt lat="55.968457" lon="43.334093">
<ele>114.0</ele>
<time>1970-01-01T00:00:01Z</time>
<link ></link></trkpt>
<trkpt lat="55.968328" lon="43.334415">
<ele>114.32000000000002</ele>
<time>1970-01-01T00:00:01Z</time>
<link ></link></trkpt>
<trkpt lat="55.968307" lon="43.334995">
<ele>114.80000000000001</ele>
<time>1970-01-01T00:00:01Z</time>
<link ></link></trkpt>
<trkpt lat="55.96805" lon="43.335831">
<ele>115.68000000000004</ele>
<time>1970-01-01T00:00:01Z</time>
<link ></link></trkpt>
<trkpt lat="55.968092" lon="43.336561">
<ele>116.36000000000001</ele>
<time>1970-01-01T00:00:01Z</time>
<link ></link></trkpt>
<trkpt lat="55.968028" lon="43.33669">
<ele>116.84000000000003</ele>
<time>1970-01-01T00:00:01Z</time>
<link ></link></trkpt>
<trkpt lat="55.967921" lon="43.336776">
<ele>117.0</ele>
<time>1970-01-01T00:00:01Z</time>
<link ></link></trkpt>
<trkpt lat="55.967792" lon="43.336818">
<ele>117.0</ele>
<time>1970-01-01T00:00:01Z</time>
<link ></link></trkpt>
<trkpt lat="55.967642" lon="43.336754">
<ele>117.0</ele>
<time>1970-01-01T00:00:01Z</time>
<link ></link></trkpt>
<trkpt lat="55.967513" lon="43.336604">
<ele>117.0</ele>
<time>1970-01-01T00:00:01Z</time>
<link ></link></trkpt>
<trkpt lat="55.967234" lon="43.336196">
<ele>116.36000000000001</ele>
<time>1970-01-01T00:00:01Z</time>
<link ></link></trkpt>
<trkpt lat="55.967148" lon="43.33596">
<ele>115.72000000000001</ele>
<time>1970-01-01T00:00:01Z</time>
<link ></link></trkpt>
<trkpt lat="55.967041" lon="43.335831">
<ele>114.28000000000003</ele>
<time>1970-01-01T00:00:01Z</time>
<link ></link></trkpt>
<trkpt lat="55.966848" lon="43.335724">
<ele>112.84000000000002</ele>
<time>1970-01-01T00:00:01Z</time>
<link ></link></trkpt>
<trkpt lat="55.966762" lon="43.335767">
<ele>111.4</ele>
<time>1970-01-01T00:00:01Z</time>
<link ></link></trkpt>
<trkpt lat="55.966633" lon="43.335617">
<ele>109.60000000000002</ele>
<time>1970-01-01T00:00:01Z</time>
<link ></link></trkpt>
<trkpt lat="55.966633" lon="43.335445">
<ele>108.64000000000001</ele>
<time>1970-01-01T00:00:01Z</time>
<link ></link></trkpt>
<trkpt lat="55.966505" lon="43.33508">
<ele>108.00000000000003</ele>
<time>1970-01-01T00:00:01Z</time>
<link ></link></trkpt>
<trkpt lat="55.966505" lon="43.334437">
<ele>107.96000000000004</ele>
<time>1970-01-01T00:00:01Z</time>
<link ></link></trkpt>
<trkpt lat="55.966333" lon="43.334158">
<ele>109.32000000000002</ele>
<time>1970-01-01T00:00:01Z</time>
<link ></link></trkpt>
<trkpt lat="55.966161" lon="43.333578">
<ele>110.28000000000003</ele>
<time>1970-01-01T00:00:01Z</time>
<link ></link></trkpt>
<trkpt lat="55.966075" lon="43.33302">
<ele>112.4</ele>
<time>1970-01-01T00:00:01Z</time>
<link ></link></trkpt>
<trkpt lat="55.96599" lon="43.332827">
<ele>110.80000000000001</ele>
<time>1970-01-01T00:00:01Z</time>
<link ></link></trkpt>
<trkpt lat="55.965861" lon="43.332656">
<ele>108.08000000000001</ele>
<time>1970-01-01T00:00:01Z</time>
<link ></link></trkpt>
<trkpt lat="55.965796" lon="43.331733">
<ele>102.68</ele>
<time>1970-01-01T00:00:01Z</time>
<link ></link></trkpt>
<trkpt lat="55.965711" lon="43.331497">
<ele>97.44000000000001</ele>
<time>1970-01-01T00:00:01Z</time>
<link ></link></trkpt>
<trkpt lat="55.965453" lon="43.331819">
<ele>95.0</ele>
<time>1970-01-01T00:00:01Z</time>
<link ></link></trkpt>
<trkpt lat="55.964767" lon="43.332055">
<ele>92.24000000000001</ele>
<time>1970-01-01T00:00:01Z</time>
<link ></link></trkpt>
<trkpt lat="55.964402" lon="43.332248">
<ele>92.4</ele>
<time>1970-01-01T00:00:01Z</time>
<link ></link></trkpt>
<trkpt lat="55.964015" lon="43.332634">
<ele>92.04</ele>
<time>1970-01-01T00:00:01Z</time>
<link ></link></trkpt>
<trkpt lat="55.963651" lon="43.332763">
<ele>92.52000000000001</ele>
<time>1970-01-01T00:00:01Z</time>
<link ></link></trkpt>
<trkpt lat="55.9635" lon="43.33287">
<ele>92.36000000000001</ele>
<time>1970-01-01T00:00:01Z</time>
<link ></link></trkpt>
<trkpt lat="55.96335" lon="43.333063">
<ele>92.52000000000001</ele>
<time>1970-01-01T00:00:01Z</time>
<link ></link></trkpt>
<trkpt lat="55.963286" lon="43.333278">
<ele>91.88</ele>
<time>1970-01-01T00:00:01Z</time>
<link ></link></trkpt>
<trkpt lat="55.963222" lon="43.333707">
<ele>96.08000000000001</ele>
<time>1970-01-01T00:00:01Z</time>
<link ></link></trkpt>
<trkpt lat="55.963222" lon="43.333943">
<ele>98.0</ele>
<time>1970-01-01T00:00:01Z</time>
<link ></link></trkpt>
<trkpt lat="55.963372" lon="43.334801">
<ele>106.44000000000003</ele>
<time>1970-01-01T00:00:01Z</time>
<link ></link></trkpt>
<trkpt lat="55.963329" lon="43.335273">
<ele>108.84</ele>
<time>1970-01-01T00:00:01Z</time>
<link ></link></trkpt>
<trkpt lat="55.963393" lon="43.335853">
<ele>115.44</ele>
<time>1970-01-01T00:00:01Z</time>
<link ></link></trkpt>
<trkpt lat="55.963372" lon="43.336733">
<ele>116.92000000000002</ele>
<time>1970-01-01T00:00:01Z</time>
<link ></link></trkpt>
<trkpt lat="55.963522" lon="43.337355">
<ele>119.00000000000001</ele>
<time>1970-01-01T00:00:01Z</time>
<link ></link></trkpt>
<trkpt lat="55.963565" lon="43.337805">
<ele>119.40000000000002</ele>
<time>1970-01-01T00:00:01Z</time>
<link ></link></trkpt>
<trkpt lat="55.963458" lon="43.338406">
<ele>118.00000000000001</ele>
<time>1970-01-01T00:00:01Z</time>
<link ></link></trkpt>
<trkpt lat="55.963372" lon="43.338578">
<ele>117.68</ele>
<time>1970-01-01T00:00:01Z</time>
<link ></link></trkpt>
<trkpt lat="55.963264" lon="43.33905">
<ele>116.24000000000001</ele>
<time>1970-01-01T00:00:01Z</time>
<link ></link></trkpt>
<trkpt lat="55.963222" lon="43.33978">
<ele>116.68</ele>
<time>1970-01-01T00:00:01Z</time>
<link ></link></trkpt>
<trkpt lat="55.963071" lon="43.340552">
<ele>116.68000000000002</ele>
<time>1970-01-01T00:00:01Z</time>
<link ></link></trkpt>
<trkpt lat="55.962943" lon="43.340831">
<ele>117.16000000000001</ele>
<time>1970-01-01T00:00:01Z</time>
<link ></link></trkpt>
<trkpt lat="55.962814" lon="43.340874">
<ele>118.64000000000001</ele>
<time>1970-01-01T00:00:01Z</time>
<link ></link></trkpt>
<trkpt lat="55.962685" lon="43.34081">
<ele>119.72000000000003</ele>
<time>1970-01-01T00:00:01Z</time>
<link ></link></trkpt>
<trkpt lat="55.962449" lon="43.340595">
<ele>122.60000000000001</ele>
<time>1970-01-01T00:00:01Z</time>
<link ></link></trkpt>
<trkpt lat="55.962106" lon="43.340359">
<ele>124.36</ele>
<time>1970-01-01T00:00:01Z</time>
<link ></link></trkpt>
<trkpt lat="55.961934" lon="43.340316">
<ele>126.28</ele>
<time>1970-01-01T00:00:01Z</time>
<link ></link></trkpt>
<trkpt lat="55.961376" lon="43.340509">
<ele>127.72</ele>
<time>1970-01-01T00:00:01Z</time>
<link ></link></trkpt>
<trkpt lat="55.960432" lon="43.341088">
<ele>128.36</ele>
<time>1970-01-01T00:00:01Z</time>
<link ></link></trkpt>
<trkpt lat="55.96011" lon="43.341153">
<ele>128.52</ele>
<time>1970-01-01T00:00:01Z</time>
<link ></link></trkpt>
<trkpt lat="55.960003" lon="43.341217">
<ele>128.04000000000002</ele>
<time>1970-01-01T00:00:01Z</time>
<link ></link></trkpt>
<trkpt lat="55.959896" lon="43.341303">
<ele>126.96000000000001</ele>
<time>1970-01-01T00:00:01Z</time>
<link ></link></trkpt>
<trkpt lat="55.959617" lon="43.341689">
<ele>126.32000000000002</ele>
<time>1970-01-01T00:00:01Z</time>
<link ></link></trkpt>
<trkpt lat="55.959209" lon="43.342011">
<ele>126.00000000000003</ele>
<time>1970-01-01T00:00:01Z</time>
<link ></link></trkpt>
<trkpt lat="55.958951" lon="43.342376">
<ele>126.12000000000003</ele>
<time>1970-01-01T00:00:01Z</time>
<link ></link></trkpt>
<trkpt lat="55.958909" lon="43.342633">
<ele>126.84000000000002</ele>
<time>1970-01-01T00:00:01Z</time>
<link ></link></trkpt>
<trkpt lat="55.958544" lon="43.343449">
<ele>127.36000000000001</ele>
<time>1970-01-01T00:00:01Z</time>
<link ></link></trkpt>
<trkpt lat="55.958158" lon="43.344007">
<ele>127.84000000000002</ele>
<time>1970-01-01T00:00:01Z</time>
<link ></link></trkpt>
<trkpt lat="55.958029" lon="43.344114">
<ele>128.16000000000003</ele>
<time>1970-01-01T00:00:01Z</time>
<link ></link></trkpt>
<trkpt lat="55.957879" lon="43.344114">
<ele>128.32</ele>
<time>1970-01-01T00:00:01Z</time>
<link ></link></trkpt>
<trkpt lat="55.957321" lon="43.343942">
<ele>128.68</ele>
<time>1970-01-01T00:00:01Z</time>
<link ></link></trkpt>
<trkpt lat="55.95657" lon="43.343878">
<ele>129.32</ele>
<time>1970-01-01T00:00:01Z</time>
<link ></link></trkpt>
<trkpt lat="55.956248" lon="43.344114">
<ele>130.76000000000002</ele>
<time>1970-01-01T00:00:01Z</time>
<link ></link></trkpt>
<trkpt lat="55.955733" lon="43.344672">
<ele>132.64000000000001</ele>
<time>1970-01-01T00:00:01Z</time>
<link ></link></trkpt>
<trkpt lat="55.954982" lon="43.345981">
<ele>134.92000000000002</ele>
<time>1970-01-01T00:00:01Z</time>
<link ></link></trkpt>
<trkpt lat="55.954789" lon="43.346153">
<ele>135.4</ele>
<time>1970-01-01T00:00:01Z</time>
<link ></link></trkpt>
<trkpt lat="55.954596" lon="43.34626">
<ele>135.4</ele>
<time>1970-01-01T00:00:01Z</time>
<link ></link></trkpt>
<trkpt lat="55.954145" lon="43.346431">
<ele>134.24</ele>
<time>1970-01-01T00:00:01Z</time>
<link ></link></trkpt>
<trkpt lat="55.953995" lon="43.346582">
<ele>134.08</ele>
<time>1970-01-01T00:00:01Z</time>
<link ></link></trkpt>
<trkpt lat="55.953823" lon="43.346946">
<ele>134.72000000000003</ele>
<time>1970-01-01T00:00:01Z</time>
<link ></link></trkpt>
<trkpt lat="55.953673" lon="43.34714">
<ele>135.52</ele>
<time>1970-01-01T00:00:01Z</time>
<link ></link></trkpt>
<trkpt lat="55.953544" lon="43.347397">
<ele>136.32000000000002</ele>
<time>1970-01-01T00:00:01Z</time>
<link ></link></trkpt>
<trkpt lat="55.953115" lon="43.348727">
<ele>137.48000000000002</ele>
<time>1970-01-01T00:00:01Z</time>
<link ></link></trkpt>
<trkpt lat="55.952857" lon="43.349071">
<ele>138.60000000000002</ele>
<time>1970-01-01T00:00:01Z</time>
<link ></link></trkpt>
<trkpt lat="55.951956" lon="43.351195">
<ele>140.88</ele>
<time>1970-01-01T00:00:01Z</time>
<link ></link></trkpt>
<trkpt lat="55.951956" lon="43.354092">
<ele>142.04000000000002</ele>
<time>1970-01-01T00:00:01Z</time>
<link ></link></trkpt>
<trkpt lat="55.952042" lon="43.354778">
<ele>143.20000000000002</ele>
<time>1970-01-01T00:00:01Z</time>
<link ></link></trkpt>
<trkpt lat="55.952085" lon="43.356109">
<ele>142.84000000000003</ele>
<time>1970-01-01T00:00:01Z</time>
<link ></link></trkpt>
<trkpt lat="55.952149" lon="43.356495">
<ele>142.52</ele>
<time>1970-01-01T00:00:01Z</time>
<link ></link></trkpt>
<trkpt lat="55.952149" lon="43.356881">
<ele>141.64000000000001</ele>
<time>1970-01-01T00:00:01Z</time>
<link ></link></trkpt>
<trkpt lat="55.952128" lon="43.357268">
<ele>141.32000000000002</ele>
<time>1970-01-01T00:00:01Z</time>
<link ></link></trkpt>
<trkpt lat="55.951999" lon="43.357632">
<ele>141.32000000000002</ele>
<time>1970-01-01T00:00:01Z</time>
<link ></link></trkpt>
<trkpt lat="55.951677" lon="43.35819">
<ele>141.64</ele>
<time>1970-01-01T00:00:01Z</time>
<link ></link></trkpt>
<trkpt lat="55.951441" lon="43.358362">
<ele>142.20000000000002</ele>
<time>1970-01-01T00:00:01Z</time>
<link ></link></trkpt>
<trkpt lat="55.951248" lon="43.35834">
<ele>142.36</ele>
<time>1970-01-01T00:00:01Z</time>
<link ></link></trkpt>
<trkpt lat="55.950562" lon="43.35804">
<ele>142.0</ele>
<time>1970-01-01T00:00:01Z</time>
<link ></link></trkpt>
<trkpt lat="55.950175" lon="43.357632">
<ele>141.52</ele>
<time>1970-01-01T00:00:01Z</time>
<link ></link></trkpt>
<trkpt lat="55.949896" lon="43.357268">
<ele>140.96</ele>
<time>1970-01-01T00:00:01Z</time>
<link ></link></trkpt>
<trkpt lat="55.949639" lon="43.356881">
<ele>140.32000000000002</ele>
<time>1970-01-01T00:00:01Z</time>
<link ></link></trkpt>
<trkpt lat="55.949446" lon="43.356495">
<ele>140.08</ele>
<time>1970-01-01T00:00:01Z</time>
<link ></link></trkpt>
<trkpt lat="55.949124" lon="43.356087">
<ele>138.96000000000004</ele>
<time>1970-01-01T00:00:01Z</time>
<link ></link></trkpt>
<trkpt lat="55.948738" lon="43.35598">
<ele>137.68</ele>
<time>1970-01-01T00:00:01Z</time>
<link ></link></trkpt>
<trkpt lat="55.948587" lon="43.35598">
<ele>135.92000000000002</ele>
<time>1970-01-01T00:00:01Z</time>
<link ></link></trkpt>
<trkpt lat="55.948223" lon="43.355851">
<ele>132.96</ele>
<time>1970-01-01T00:00:01Z</time>
<link ></link></trkpt>
<trkpt lat="55.947107" lon="43.355358">
<ele>131.16</ele>
<time>1970-01-01T00:00:01Z</time>
<link ></link></trkpt>
<trkpt lat="55.946527" lon="43.355057">
<ele>128.76000000000002</ele>
<time>1970-01-01T00:00:01Z</time>
<link ></link></trkpt>
<trkpt lat="55.946291" lon="43.354886">
<ele>127.52000000000001</ele>
<time>1970-01-01T00:00:01Z</time>
<link ></link></trkpt>
<trkpt lat="55.946206" lon="43.354886">
<ele>126.24000000000001</ele>
<time>1970-01-01T00:00:01Z</time>
<link ></link></trkpt>
<trkpt lat="55.945755" lon="43.355079">
<ele>124.60000000000002</ele>
<time>1970-01-01T00:00:01Z</time>
<link ></link></trkpt>
<trkpt lat="55.945476" lon="43.355143">
<ele>122.20000000000002</ele>
<time>1970-01-01T00:00:01Z</time>
<link ></link></trkpt>
<trkpt lat="55.94509" lon="43.355336">
<ele>119.00000000000003</ele>
<time>1970-01-01T00:00:01Z</time>
<link ></link></trkpt>
<trkpt lat="55.944768" lon="43.355358">
<ele>113.80000000000001</ele>
<time>1970-01-01T00:00:01Z</time>
<link ></link></trkpt>
<trkpt lat="55.943995" lon="43.355551">
<ele>109.60000000000001</ele>
<time>1970-01-01T00:00:01Z</time>
<link ></link></trkpt>
<trkpt lat="55.942837" lon="43.355401">
<ele>104.76000000000002</ele>
<time>1970-01-01T00:00:01Z</time>
<link ></link></trkpt>
<trkpt lat="55.942729" lon="43.355315">
<ele>102.52000000000001</ele>
<time>1970-01-01T00:00:01Z</time>
<link ></link></trkpt>
<trkpt lat="55.942601" lon="43.354864">
<ele>100.28</ele>
<time>1970-01-01T00:00:01Z</time>
<link ></link></trkpt>
<trkpt lat="55.942386" lon="43.354671">
<ele>99.80000000000001</ele>
<time>1970-01-01T00:00:01Z</time>
<link ></link></trkpt>
<trkpt lat="55.942236" lon="43.354414">
<ele>99.48</ele>
<time>1970-01-01T00:00:01Z</time>
<link ></link></trkpt>
<trkpt lat="55.942193" lon="43.35407">
<ele>100.00000000000001</ele>
<time>1970-01-01T00:00:01Z</time>
<link ></link></trkpt>
<trkpt lat="55.941936" lon="43.353255">
<ele>100.52000000000001</ele>
<time>1970-01-01T00:00:01Z</time>
<link ></link></trkpt>
<trkpt lat="55.941893" lon="43.352998">
<ele>100.84000000000002</ele>
<time>1970-01-01T00:00:01Z</time>
<link ></link></trkpt>
<trkpt lat="55.941936" lon="43.352761">
<ele>101.00000000000001</ele>
<time>1970-01-01T00:00:01Z</time>
<link ></link></trkpt>
<trkpt lat="55.941957" lon="43.352225">
<ele>101.32000000000002</ele>
<time>1970-01-01T00:00:01Z</time>
<link ></link></trkpt>
<trkpt lat="55.942129" lon="43.351817">
<ele>101.64000000000001</ele>
<time>1970-01-01T00:00:01Z</time>
<link ></link></trkpt>
<trkpt lat="55.941978" lon="43.350444">
<ele>102.36000000000001</ele>
<time>1970-01-01T00:00:01Z</time>
<link ></link></trkpt>
<trkpt lat="55.941914" lon="43.350208">
<ele>102.68</ele>
<time>1970-01-01T00:00:01Z</time>
<link ></link></trkpt>
<trkpt lat="55.941978" lon="43.349178">
<ele>103.64000000000001</ele>
<time>1970-01-01T00:00:01Z</time>
<link ></link></trkpt>
<trkpt lat="55.941828" lon="43.349285">
<ele>104.60000000000002</ele>
<time>1970-01-01T00:00:01Z</time>
<link ></link></trkpt>
<trkpt lat="55.939854" lon="43.353019">
<ele>106.84000000000002</ele>
<time>1970-01-01T00:00:01Z</time>
<link ></link></trkpt>
<trkpt lat="55.937601" lon="43.356946">
<ele>109.16000000000003</ele>
<time>1970-01-01T00:00:01Z</time>
<link ></link></trkpt>
<trkpt lat="55.9367" lon="43.358791">
<ele>112.00000000000003</ele>
<time>1970-01-01T00:00:01Z</time>
<link ></link></trkpt>
<trkpt lat="55.93567" lon="43.360551">
<ele>114.20000000000002</ele>
<time>1970-01-01T00:00:01Z</time>
<link ></link></trkpt>
<trkpt lat="55.935391" lon="43.361173">
<ele>116.20000000000002</ele>
<time>1970-01-01T00:00:01Z</time>
<link ></link></trkpt>
<trkpt lat="55.935284" lon="43.361709">
<ele>117.32000000000002</ele>
<time>1970-01-01T00:00:01Z</time>
<link ></link></trkpt>
<trkpt lat="55.934962" lon="43.362718">
<ele>119.48000000000002</ele>
<time>1970-01-01T00:00:01Z</time>
<link ></link></trkpt>
<trkpt lat="55.934275" lon="43.363147">
<ele>120.92000000000002</ele>
<time>1970-01-01T00:00:01Z</time>
<link ></link></trkpt>
<trkpt lat="55.933846" lon="43.363362">
<ele>123.28000000000003</ele>
<time>1970-01-01T00:00:01Z</time>
<link ></link></trkpt>
<trkpt lat="55.933696" lon="43.363619">
<ele>123.92000000000002</ele>
<time>1970-01-01T00:00:01Z</time>
<link ></link></trkpt>
<trkpt lat="55.932902" lon="43.364263">
<ele>123.16000000000003</ele>
<time>1970-01-01T00:00:01Z</time>
<link ></link></trkpt>
<trkpt lat="55.932537" lon="43.364649">
<ele>121.88000000000002</ele>
<time>1970-01-01T00:00:01Z</time>
<link ></link></trkpt>
<trkpt lat="55.932172" lon="43.365228">
<ele>118.96000000000001</ele>
<time>1970-01-01T00:00:01Z</time>
<link ></link></trkpt>
<trkpt lat="55.931958" lon="43.365722">
<ele>117.04</ele>
<time>1970-01-01T00:00:01Z</time>
<link ></link></trkpt>
<trkpt lat="55.931722" lon="43.366151">
<ele>113.68</ele>
<time>1970-01-01T00:00:01Z</time>
<link ></link></trkpt>
<trkpt lat="55.931357" lon="43.366623">
<ele>111.32000000000002</ele>
<time>1970-01-01T00:00:01Z</time>
<link ></link></trkpt>
<trkpt lat="55.930799" lon="43.367074">
<ele>108.76000000000002</ele>
<time>1970-01-01T00:00:01Z</time>
<link ></link></trkpt>
<trkpt lat="55.930563" lon="43.367117">
<ele>107.32000000000002</ele>
<time>1970-01-01T00:00:01Z</time>
<link ></link></trkpt>
<trkpt lat="55.930263" lon="43.367052">
<ele>106.68</ele>
<time>1970-01-01T00:00:01Z</time>
<link ></link></trkpt>
<trkpt lat="55.929769" lon="43.366816">
<ele>106.28000000000003</ele>
<time>1970-01-01T00:00:01Z</time>
<link ></link></trkpt>
<trkpt lat="55.929512" lon="43.366559">
<ele>106.52000000000001</ele>
<time>1970-01-01T00:00:01Z</time>
<link ></link></trkpt>
<trkpt lat="55.929276" lon="43.366409">
<ele>105.88000000000002</ele>
<time>1970-01-01T00:00:01Z</time>
<link ></link></trkpt>
<trkpt lat="55.928911" lon="43.366645">
<ele>105.36000000000001</ele>
<time>1970-01-01T00:00:01Z</time>
<link ></link></trkpt>
<trkpt lat="55.928846" lon="43.366859">
<ele>104.12</ele>
<time>1970-01-01T00:00:01Z</time>
<link ></link></trkpt>
<trkpt lat="55.928718" lon="43.367868">
<ele>103.96000000000001</ele>
<time>1970-01-01T00:00:01Z</time>
<link ></link></trkpt>
<trkpt lat="55.92861" lon="43.368211">
<ele>104.76000000000002</ele>
<time>1970-01-01T00:00:01Z</time>
<link ></link></trkpt>
<trkpt lat="55.928052" lon="43.368747">
<ele>107.44000000000001</ele>
<time>1970-01-01T00:00:01Z</time>
<link ></link></trkpt>
<trkpt lat="55.927216" lon="43.369713">
<ele>110.52000000000002</ele>
<time>1970-01-01T00:00:01Z</time>
<link ></link></trkpt>
<trkpt lat="55.926507" lon="43.370335">
<ele>113.60000000000002</ele>
<time>1970-01-01T00:00:01Z</time>
<link ></link></trkpt>
<trkpt lat="55.926422" lon="43.370486">
<ele>115.20000000000002</ele>
<time>1970-01-01T00:00:01Z</time>
<link ></link></trkpt>
<trkpt lat="55.92625" lon="43.37055">
<ele>116.00000000000001</ele>
<time>1970-01-01T00:00:01Z</time>
<link ></link></trkpt>
<trkpt lat="55.926078" lon="43.370722">
<ele>118.24000000000001</ele>
<time>1970-01-01T00:00:01Z</time>
<link ></link></trkpt>
<trkpt lat="55.925907" lon="43.370829">
<ele>120.64000000000001</ele>
<time>1970-01-01T00:00:01Z</time>
<link ></link></trkpt>
<trkpt lat="55.923182" lon="43.371043">
<ele>126.80000000000001</ele>
<time>1970-01-01T00:00:01Z</time>
<link ></link></trkpt>
<trkpt lat="55.921722" lon="43.371301">
<ele>131.16000000000003</ele>
<time>1970-01-01T00:00:01Z</time>
<link ></link></trkpt>
<trkpt lat="55.920714" lon="43.371408">
<ele>136.68</ele>
<time>1970-01-01T00:00:01Z</time>
<link ></link></trkpt>
<trkpt lat="55.919941" lon="43.37158">
<ele>139.60000000000002</ele>
<time>1970-01-01T00:00:01Z</time>
<link ></link></trkpt>
<trkpt lat="55.918332" lon="43.372073">
<ele>141.56</ele>
<time>1970-01-01T00:00:01Z</time>
<link ></link></trkpt>
<trkpt lat="55.917474" lon="43.37173">
<ele>142.48000000000002</ele>
<time>1970-01-01T00:00:01Z</time>
<link ></link></trkpt>
<trkpt lat="55.917066" lon="43.371709">
<ele>142.8</ele>
<time>1970-01-01T00:00:01Z</time>
<link ></link></trkpt>
<trkpt lat="55.916444" lon="43.371408">
<ele>143.68</ele>
<time>1970-01-01T00:00:01Z</time>
<link ></link></trkpt>
<trkpt lat="55.915929" lon="43.371279">
<ele>144.0</ele>
<time>1970-01-01T00:00:01Z</time>
<link ></link></trkpt>
<trkpt lat="55.915156" lon="43.371237">
<ele>144.72000000000003</ele>
<time>1970-01-01T00:00:01Z</time>
<link ></link></trkpt>
<trkpt lat="55.914148" lon="43.371065">
<ele>144.32000000000002</ele>
<time>1970-01-01T00:00:01Z</time>
<link ></link></trkpt>
<trkpt lat="55.913547" lon="43.371108">
<ele>144.32000000000002</ele>
<time>1970-01-01T00:00:01Z</time>
<link ></link></trkpt>
<trkpt lat="55.913075" lon="43.371108">
<ele>144.0</ele>
<time>1970-01-01T00:00:01Z</time>
<link ></link></trkpt>
<trkpt lat="55.912603" lon="43.371043">
<ele>144.0</ele>
<time>1970-01-01T00:00:01Z</time>
<link ></link></trkpt>
<trkpt lat="55.912324" lon="43.371065">
<ele>144.0</ele>
<time>1970-01-01T00:00:01Z</time>
<link ></link></trkpt>
<trkpt lat="55.912109" lon="43.371237">
<ele>144.48000000000002</ele>
<time>1970-01-01T00:00:01Z</time>
<link ></link></trkpt>
<trkpt lat="55.911959" lon="43.371537">
<ele>144.96000000000004</ele>
<time>1970-01-01T00:00:01Z</time>
<link ></link></trkpt>
<trkpt lat="55.911916" lon="43.371773">
<ele>145.56</ele>
<time>1970-01-01T00:00:01Z</time>
<link ></link></trkpt>
<trkpt lat="55.911809" lon="43.372073">
<ele>145.56000000000003</ele>
<time>1970-01-01T00:00:01Z</time>
<link ></link></trkpt>
<trkpt lat="55.911401" lon="43.37276">
<ele>145.12</ele>
<time>1970-01-01T00:00:01Z</time>
<link ></link></trkpt>
<trkpt lat="55.910972" lon="43.372953">
<ele>144.96</ele>
<time>1970-01-01T00:00:01Z</time>
<link ></link></trkpt>
<trkpt lat="55.910221" lon="43.372975">
<ele>144.84</ele>
<time>1970-01-01T00:00:01Z</time>
<link ></link></trkpt>
<trkpt lat="55.909728" lon="43.372824">
<ele>145.2</ele>
<time>1970-01-01T00:00:01Z</time>
<link ></link></trkpt>
<trkpt lat="55.908977" lon="43.372739">
<ele>145.32</ele>
<time>1970-01-01T00:00:01Z</time>
<link ></link></trkpt>
<trkpt lat="55.908719" lon="43.372631">
<ele>145.8</ele>
<time>1970-01-01T00:00:01Z</time>
<link ></link></trkpt>
<trkpt lat="55.907839" lon="43.371537">
<ele>146.32</ele>
<time>1970-01-01T00:00:01Z</time>
<link ></link></trkpt>
<trkpt lat="55.907367" lon="43.371108">
<ele>147.04000000000002</ele>
<time>1970-01-01T00:00:01Z</time>
<link ></link></trkpt>
<trkpt lat="55.90653" lon="43.369885">
<ele>148.16000000000003</ele>
<time>1970-01-01T00:00:01Z</time>
<link ></link></trkpt>
<trkpt lat="55.905221" lon="43.368254">
<ele>149.24</ele>
<time>1970-01-01T00:00:01Z</time>
<link ></link></trkpt>
<trkpt lat="55.904642" lon="43.367696">
<ele>151.36</ele>
<time>1970-01-01T00:00:01Z</time>
<link ></link></trkpt>
<trkpt lat="55.90402" lon="43.366752">
<ele>152.88000000000002</ele>
<time>1970-01-01T00:00:01Z</time>
<link ></link></trkpt>
<trkpt lat="55.903827" lon="43.365915">
<ele>154.36</ele>
<time>1970-01-01T00:00:01Z</time>
<link ></link></trkpt>
<trkpt lat="55.903505" lon="43.365464">
<ele>155.0</ele>
<time>1970-01-01T00:00:01Z</time>
<link ></link></trkpt>
<trkpt lat="55.90314" lon="43.365057">
<ele>155.16</ele>
<time>1970-01-01T00:00:01Z</time>
<link ></link></trkpt>
<trkpt lat="55.902711" lon="43.364585">
<ele>154.88</ele>
<time>1970-01-01T00:00:01Z</time>
<link ></link></trkpt>
<trkpt lat="55.901896" lon="43.36407">
<ele>154.20000000000002</ele>
<time>1970-01-01T00:00:01Z</time>
<link ></link></trkpt>
<trkpt lat="55.901488" lon="43.363555">
<ele>153.12</ele>
<time>1970-01-01T00:00:01Z</time>
<link ></link></trkpt>
<trkpt lat="55.901295" lon="43.363447">
<ele>152.48000000000002</ele>
<time>1970-01-01T00:00:01Z</time>
<link ></link></trkpt>
<trkpt lat="55.901059" lon="43.363404">
<ele>152.16000000000003</ele>
<time>1970-01-01T00:00:01Z</time>
<link ></link></trkpt>
<trkpt lat="55.900801" lon="43.363426">
<ele>152.32000000000002</ele>
<time>1970-01-01T00:00:01Z</time>
<link ></link></trkpt>
<trkpt lat="55.900544" lon="43.363168">
<ele>153.00000000000003</ele>
<time>1970-01-01T00:00:01Z</time>
<link ></link></trkpt>
<trkpt lat="55.900179" lon="43.362932">
<ele>153.48000000000002</ele>
<time>1970-01-01T00:00:01Z</time>
<link ></link></trkpt>
<trkpt lat="55.899943" lon="43.362911">
<ele>154.36</ele>
<time>1970-01-01T00:00:01Z</time>
<link ></link></trkpt>
<trkpt lat="55.899621" lon="43.362653">
<ele>155.16</ele>
<time>1970-01-01T00:00:01Z</time>
<link ></link></trkpt>
<trkpt lat="55.899299" lon="43.362224">
<ele>155.96</ele>
<time>1970-01-01T00:00:01Z</time>
<link ></link></trkpt>
<trkpt lat="55.899042" lon="43.361988">
<ele>157.04000000000002</ele>
<time>1970-01-01T00:00:01Z</time>
<link ></link></trkpt>
<trkpt lat="55.898763" lon="43.361988">
<ele>157.84000000000003</ele>
<time>1970-01-01T00:00:01Z</time>
<link ></link></trkpt>
<trkpt lat="55.898376" lon="43.361752">
<ele>159.28000000000003</ele>
<time>1970-01-01T00:00:01Z</time>
<link ></link></trkpt>
<trkpt lat="55.897647" lon="43.360851">
<ele>160.64000000000004</ele>
<time>1970-01-01T00:00:01Z</time>
<link ></link></trkpt>
<trkpt lat="55.897346" lon="43.360594">
<ele>162.24</ele>
<time>1970-01-01T00:00:01Z</time>
<link ></link></trkpt>
<trkpt lat="55.896724" lon="43.360293">
<ele>162.56000000000006</ele>
<time>1970-01-01T00:00:01Z</time>
<link ></link></trkpt>
<trkpt lat="55.896059" lon="43.359542">
<ele>162.04000000000002</ele>
<time>1970-01-01T00:00:01Z</time>
<link ></link></trkpt>
<trkpt lat="55.895802" lon="43.35937">
<ele>160.48000000000002</ele>
<time>1970-01-01T00:00:01Z</time>
<link ></link></trkpt>
<trkpt lat="55.895372" lon="43.358298">
<ele>158.96000000000004</ele>
<time>1970-01-01T00:00:01Z</time>
<link ></link></trkpt>
<trkpt lat="55.895136" lon="43.357847">
<ele>158.00000000000003</ele>
<time>1970-01-01T00:00:01Z</time>
<link ></link></trkpt>
<trkpt lat="55.894965" lon="43.357289">
<ele>157.32000000000002</ele>
<time>1970-01-01T00:00:01Z</time>
<link ></link></trkpt>
<trkpt lat="55.894793" lon="43.357053">
<ele>157.16000000000003</ele>
<time>1970-01-01T00:00:01Z</time>
<link ></link></trkpt>
<trkpt lat="55.894557" lon="43.356967">
<ele>156.68</ele>
<time>1970-01-01T00:00:01Z</time>
<link ></link></trkpt>
<trkpt lat="55.894342" lon="43.357225">
<ele>156.36</ele>
<time>1970-01-01T00:00:01Z</time>
<link ></link></trkpt>
<trkpt lat="55.894106" lon="43.357353">
<ele>156.28</ele>
<time>1970-01-01T00:00:01Z</time>
<link ></link></trkpt>
<trkpt lat="55.893827" lon="43.357418">
<ele>156.76000000000002</ele>
<time>1970-01-01T00:00:01Z</time>
<link ></link></trkpt>
<trkpt lat="55.893613" lon="43.35774">
<ele>158.04000000000002</ele>
<time>1970-01-01T00:00:01Z</time>
<link ></link></trkpt>
<trkpt lat="55.892905" lon="43.357825">
<ele>159.20000000000002</ele>
<time>1970-01-01T00:00:01Z</time>
<link ></link></trkpt>
<trkpt lat="55.892561" lon="43.357783">
<ele>160.48000000000002</ele>
<time>1970-01-01T00:00:01Z</time>
<link ></link></trkpt>
<trkpt lat="55.891853" lon="43.357933">
<ele>161.16000000000003</ele>
<time>1970-01-01T00:00:01Z</time>
<link ></link></trkpt>
<trkpt lat="55.891231" lon="43.35834">
<ele>161.88</ele>
<time>1970-01-01T00:00:01Z</time>
<link ></link></trkpt>
<trkpt lat="55.890587" lon="43.358512">
<ele>162.48000000000002</ele>
<time>1970-01-01T00:00:01Z</time>
<link ></link></trkpt>
<trkpt lat="55.890137" lon="43.358383">
<ele>163.44</ele>
<time>1970-01-01T00:00:01Z</time>
<link ></link></trkpt>
<trkpt lat="55.889278" lon="43.357911">
<ele>164.84000000000003</ele>
<time>1970-01-01T00:00:01Z</time>
<link ></link></trkpt>
<trkpt lat="55.888849" lon="43.357783">
<ele>166.20000000000002</ele>
<time>1970-01-01T00:00:01Z</time>
<link ></link></trkpt>
<trkpt lat="55.888206" lon="43.357461">
<ele>167.36</ele>
<time>1970-01-01T00:00:01Z</time>
<link ></link></trkpt>
<trkpt lat="55.887583" lon="43.357375">
<ele>167.84000000000003</ele>
<time>1970-01-01T00:00:01Z</time>
<link ></link></trkpt>
<trkpt lat="55.88739" lon="43.357547">
<ele>168.0</ele>
<time>1970-01-01T00:00:01Z</time>
<link ></link></trkpt>
<trkpt lat="55.886725" lon="43.357933">
<ele>168.0</ele>
<time>1970-01-01T00:00:01Z</time>
<link ></link></trkpt>
<trkpt lat="55.886403" lon="43.358255">
<ele>168.16000000000003</ele>
<time>1970-01-01T00:00:01Z</time>
<link ></link></trkpt>
<trkpt lat="55.886081" lon="43.358491">
<ele>168.48000000000002</ele>
<time>1970-01-01T00:00:01Z</time>
<link ></link></trkpt>
<trkpt lat="55.885781" lon="43.358641">
<ele>169.00000000000006</ele>
<time>1970-01-01T00:00:01Z</time>
<link ></link></trkpt>
<trkpt lat="55.885159" lon="43.359199">
<ele>169.52</ele>
<time>1970-01-01T00:00:01Z</time>
<link ></link></trkpt>
<trkpt lat="55.884901" lon="43.359564">
<ele>169.36</ele>
<time>1970-01-01T00:00:01Z</time>
<link ></link></trkpt>
<trkpt lat="55.884686" lon="43.35995">
<ele>169.04000000000002</ele>
<time>1970-01-01T00:00:01Z</time>
<link ></link></trkpt>
<trkpt lat="55.884" lon="43.360872">
<ele>167.16000000000003</ele>
<time>1970-01-01T00:00:01Z</time>
<link ></link></trkpt>
<trkpt lat="55.883614" lon="43.361473">
<ele>165.56</ele>
<time>1970-01-01T00:00:01Z</time>
<link ></link></trkpt>
<trkpt lat="55.883034" lon="43.362546">
<ele>162.96</ele>
<time>1970-01-01T00:00:01Z</time>
<link ></link></trkpt>
<trkpt lat="55.882863" lon="43.36334">
<ele>161.28</ele>
<time>1970-01-01T00:00:01Z</time>
<link ></link></trkpt>
<trkpt lat="55.882798" lon="43.363962">
<ele>159.84</ele>
<time>1970-01-01T00:00:01Z</time>
<link ></link></trkpt>
<trkpt lat="55.88224" lon="43.365443">
<ele>159.0</ele>
<time>1970-01-01T00:00:01Z</time>
<link ></link></trkpt>
<trkpt lat="55.881597" lon="43.366924">
<ele>158.32000000000002</ele>
<time>1970-01-01T00:00:01Z</time>
<link ></link></trkpt>
<trkpt lat="55.881489" lon="43.36746">
<ele>157.52000000000004</ele>
<time>1970-01-01T00:00:01Z</time>
<link ></link></trkpt>
<trkpt lat="55.881039" lon="43.368297">
<ele>155.88000000000002</ele>
<time>1970-01-01T00:00:01Z</time>
<link ></link></trkpt>
<trkpt lat="55.880803" lon="43.368855">
<ele>154.20000000000002</ele>
<time>1970-01-01T00:00:01Z</time>
<link ></link></trkpt>
<trkpt lat="55.880095" lon="43.370035">
<ele>151.60000000000002</ele>
<time>1970-01-01T00:00:01Z</time>
<link ></link></trkpt>
<trkpt lat="55.879923" lon="43.370486">
<ele>150.0</ele>
<time>1970-01-01T00:00:01Z</time>
<link ></link></trkpt>
<trkpt lat="55.879708" lon="43.371301">
<ele>148.32</ele>
<time>1970-01-01T00:00:01Z</time>
<link ></link></trkpt>
<trkpt lat="55.879644" lon="43.371816">
<ele>147.32</ele>
<time>1970-01-01T00:00:01Z</time>
<link ></link></trkpt>
<trkpt lat="55.879601" lon="43.37246">
<ele>146.52</ele>
<time>1970-01-01T00:00:01Z</time>
<link ></link></trkpt>
<trkpt lat="55.879644" lon="43.373511">
<ele>145.48000000000002</ele>
<time>1970-01-01T00:00:01Z</time>
<link ></link></trkpt>
<trkpt lat="55.879622" lon="43.37409">
<ele>144.84</ele>
<time>1970-01-01T00:00:01Z</time>
<link ></link></trkpt>
<trkpt lat="55.879537" lon="43.374627">
<ele>144.0</ele>
<time>1970-01-01T00:00:01Z</time>
<link ></link></trkpt>
<trkpt lat="55.879386" lon="43.375228">
<ele>143.16000000000003</ele>
<time>1970-01-01T00:00:01Z</time>
<link ></link></trkpt>
<trkpt lat="55.879215" lon="43.375657">
<ele>142.52</ele>
<time>1970-01-01T00:00:01Z</time>
<link ></link></trkpt>
<trkpt lat="55.878979" lon="43.376">
<ele>141.64000000000001</ele>
<time>1970-01-01T00:00:01Z</time>
<link ></link></trkpt>
<trkpt lat="55.878635" lon="43.376343">
<ele>141.48000000000002</ele>
<time>1970-01-01T00:00:01Z</time>
<link ></link></trkpt>
<trkpt lat="55.878356" lon="43.376537">
<ele>140.52</ele>
<time>1970-01-01T00:00:01Z</time>
<link ></link></trkpt>
<trkpt lat="55.878077" lon="43.376944">
<ele>140.08</ele>
<time>1970-01-01T00:00:01Z</time>
<link ></link></trkpt>
<trkpt lat="55.876661" lon="43.37836">
<ele>137.00000000000003</ele>
<time>1970-01-01T00:00:01Z</time>
<link ></link></trkpt>
<trkpt lat="55.876318" lon="43.379004">
<ele>134.92000000000002</ele>
<time>1970-01-01T00:00:01Z</time>
<link ></link></trkpt>
<trkpt lat="55.875739" lon="43.381">
<ele>130.72000000000003</ele>
<time>1970-01-01T00:00:01Z</time>
<link ></link></trkpt>
<trkpt lat="55.875524" lon="43.381579">
<ele>128.64000000000004</ele>
<time>1970-01-01T00:00:01Z</time>
<link ></link></trkpt>
<trkpt lat="55.875288" lon="43.382073">
<ele>126.36000000000003</ele>
<time>1970-01-01T00:00:01Z</time>
<link ></link></trkpt>
<trkpt lat="55.874923" lon="43.382545">
<ele>125.12</ele>
<time>1970-01-01T00:00:01Z</time>
<link ></link></trkpt>
<trkpt lat="55.874537" lon="43.382888">
<ele>123.68</ele>
<time>1970-01-01T00:00:01Z</time>
<link ></link></trkpt>
<trkpt lat="55.874258" lon="43.383253">
<ele>122.4</ele>
<time>1970-01-01T00:00:01Z</time>
<link ></link></trkpt>
<trkpt lat="55.873807" lon="43.384154">
<ele>120.12</ele>
<time>1970-01-01T00:00:01Z</time>
<link ></link></trkpt>
<trkpt lat="55.873593" lon="43.384326">
<ele>119.00000000000003</ele>
<time>1970-01-01T00:00:01Z</time>
<link ></link></trkpt>
<trkpt lat="55.873228" lon="43.384197">
<ele>117.92000000000002</ele>
<time>1970-01-01T00:00:01Z</time>
<link ></link></trkpt>
<trkpt lat="55.872885" lon="43.383661">
<ele>118.44000000000003</ele>
<time>1970-01-01T00:00:01Z</time>
<link ></link></trkpt>
<trkpt lat="55.871855" lon="43.381665">
<ele>120.20000000000002</ele>
<time>1970-01-01T00:00:01Z</time>
<link ></link></trkpt>
<trkpt lat="55.870632" lon="43.379519">
<ele>121.48</ele>
<time>1970-01-01T00:00:01Z</time>
<link ></link></trkpt>
<trkpt lat="55.868658" lon="43.375893">
<ele>123.40000000000002</ele>
<time>1970-01-01T00:00:01Z</time>
<link ></link></trkpt>
<trkpt lat="55.8681" lon="43.375507">
<ele>122.72000000000003</ele>
<time>1970-01-01T00:00:01Z</time>
<link ></link></trkpt>
<trkpt lat="55.867671" lon="43.375356">
<ele>122.40000000000002</ele>
<time>1970-01-01T00:00:01Z</time>
<link ></link></trkpt>
<trkpt lat="55.86737" lon="43.375163">
<ele>119.28000000000002</ele>
<time>1970-01-01T00:00:01Z</time>
<link ></link></trkpt>
<trkpt lat="55.86707" lon="43.374798">
<ele>118.36000000000001</ele>
<time>1970-01-01T00:00:01Z</time>
<link ></link></trkpt>
<trkpt lat="55.86649" lon="43.373854">
<ele>115.88000000000002</ele>
<time>1970-01-01T00:00:01Z</time>
<link ></link></trkpt>
<trkpt lat="55.863315" lon="43.36834">
<ele>116.68</ele>
<time>1970-01-01T00:00:01Z</time>
<link ></link></trkpt>
<trkpt lat="55.860826" lon="43.36422">
<ele>116.16000000000003</ele>
<time>1970-01-01T00:00:01Z</time>
<link ></link></trkpt>
<trkpt lat="55.86001" lon="43.362739">
<ele>117.20000000000002</ele>
<time>1970-01-01T00:00:01Z</time>
<link ></link></trkpt>
<trkpt lat="55.859753" lon="43.362375">
<ele>116.84000000000003</ele>
<time>1970-01-01T00:00:01Z</time>
<link ></link></trkpt>
<trkpt lat="55.859602" lon="43.362417">
<ele>115.72000000000001</ele>
<time>1970-01-01T00:00:01Z</time>
<link ></link></trkpt>
<trkpt lat="55.859431" lon="43.362782">
<ele>114.56000000000002</ele>
<time>1970-01-01T00:00:01Z</time>
<link ></link></trkpt>
<trkpt lat="55.858272" lon="43.364756">
<ele>112.52</ele>
<time>1970-01-01T00:00:01Z</time>
<link ></link></trkpt>
<trkpt lat="55.856341" lon="43.367653">
<ele>112.80000000000001</ele>
<time>1970-01-01T00:00:01Z</time>
<link ></link></trkpt>
<trkpt lat="55.855504" lon="43.369134">
<ele>114.76000000000002</ele>
<time>1970-01-01T00:00:01Z</time>
<link ></link></trkpt>
<trkpt lat="55.855096" lon="43.369584">
<ele>118.36000000000001</ele>
<time>1970-01-01T00:00:01Z</time>
<link ></link></trkpt>
<trkpt lat="55.853573" lon="43.37188">
<ele>123.96000000000001</ele>
<time>1970-01-01T00:00:01Z</time>
<link ></link></trkpt>
<trkpt lat="55.853294" lon="43.372352">
<ele>129.00000000000003</ele>
<time>1970-01-01T00:00:01Z</time>
<link ></link></trkpt>
<trkpt lat="55.852908" lon="43.372803">
<ele>134.4</ele>
<time>1970-01-01T00:00:01Z</time>
<link ></link></trkpt>
<trkpt lat="55.851642" lon="43.374713">
<ele>139.44</ele>
<time>1970-01-01T00:00:01Z</time>
<link ></link></trkpt>
<trkpt lat="55.851406" lon="43.375142">
<ele>143.24</ele>
<time>1970-01-01T00:00:01Z</time>
<link ></link></trkpt>
<trkpt lat="55.850912" lon="43.377137">
<ele>146.32</ele>
<time>1970-01-01T00:00:01Z</time>
<link ></link></trkpt>
<trkpt lat="55.850547" lon="43.377695">
<ele>148.68</ele>
<time>1970-01-01T00:00:01Z</time>
<link ></link></trkpt>
<trkpt lat="55.850183" lon="43.37836">
<ele>150.32</ele>
<time>1970-01-01T00:00:01Z</time>
<link ></link></trkpt>
<trkpt lat="55.849882" lon="43.378768">
<ele>152.2</ele>
<time>1970-01-01T00:00:01Z</time>
<link ></link></trkpt>
<trkpt lat="55.849625" lon="43.379541">
<ele>153.2</ele>
<time>1970-01-01T00:00:01Z</time>
<link ></link></trkpt>
<trkpt lat="55.849174" lon="43.380528">
<ele>153.84</ele>
<time>1970-01-01T00:00:01Z</time>
<link ></link></trkpt>
<trkpt lat="55.848402" lon="43.381472">
<ele>154.16000000000003</ele>
<time>1970-01-01T00:00:01Z</time>
<link ></link></trkpt>
<trkpt lat="55.848058" lon="43.381794">
<ele>154.48000000000002</ele>
<time>1970-01-01T00:00:01Z</time>
<link ></link></trkpt>
<trkpt lat="55.847693" lon="43.381558">
<ele>154.84</ele>
<time>1970-01-01T00:00:01Z</time>
<link ></link></trkpt>
<trkpt lat="55.847414" lon="43.380978">
<ele>155.2</ele>
<time>1970-01-01T00:00:01Z</time>
<link ></link></trkpt>
<trkpt lat="55.847221" lon="43.380335">
<ele>155.0</ele>
<time>1970-01-01T00:00:01Z</time>
<link ></link></trkpt>
<trkpt lat="55.84705" lon="43.380292">
<ele>154.84000000000003</ele>
<time>1970-01-01T00:00:01Z</time>
<link ></link></trkpt>
<trkpt lat="55.846492" lon="43.380935">
<ele>154.32</ele>
<time>1970-01-01T00:00:01Z</time>
<link ></link></trkpt>
<trkpt lat="55.846256" lon="43.38145">
<ele>154.16</ele>
<time>1970-01-01T00:00:01Z</time>
<link ></link></trkpt>
<trkpt lat="55.84602" lon="43.381815">
<ele>153.84000000000003</ele>
<time>1970-01-01T00:00:01Z</time>
<link ></link></trkpt>
<trkpt lat="55.845827" lon="43.381794">
<ele>153.68</ele>
<time>1970-01-01T00:00:01Z</time>
<link ></link></trkpt>
<trkpt lat="55.845633" lon="43.381558">
<ele>153.48000000000002</ele>
<time>1970-01-01T00:00:01Z</time>
<link ></link></trkpt>
<trkpt lat="55.845419" lon="43.381493">
<ele>153.48000000000002</ele>
<time>1970-01-01T00:00:01Z</time>
<link ></link></trkpt>
<trkpt lat="55.84499" lon="43.382309">
<ele>153.68</ele>
<time>1970-01-01T00:00:01Z</time>
<link ></link></trkpt>
<trkpt lat="55.84484" lon="43.382716">
<ele>153.84</ele>
<time>1970-01-01T00:00:01Z</time>
<link ></link></trkpt>
<trkpt lat="55.844625" lon="43.383038">
<ele>154.16000000000003</ele>
<time>1970-01-01T00:00:01Z</time>
<link ></link></trkpt>
<trkpt lat="55.844131" lon="43.383253">
<ele>154.32</ele>
<time>1970-01-01T00:00:01Z</time>
<link ></link></trkpt>
<trkpt lat="55.843831" lon="43.383703">
<ele>155.0</ele>
<time>1970-01-01T00:00:01Z</time>
<link ></link></trkpt>
<trkpt lat="55.843574" lon="43.383939">
<ele>155.48000000000002</ele>
<time>1970-01-01T00:00:01Z</time>
<link ></link></trkpt>
<trkpt lat="55.843144" lon="43.384927">
<ele>156.36</ele>
<time>1970-01-01T00:00:01Z</time>
<link ></link></trkpt>
<trkpt lat="55.842372" lon="43.386193">
<ele>156.68</ele>
<time>1970-01-01T00:00:01Z</time>
<link ></link></trkpt>
<trkpt lat="55.842243" lon="43.386772">
<ele>157.0</ele>
<time>1970-01-01T00:00:01Z</time>
<link ></link></trkpt>
<trkpt lat="55.841664" lon="43.387437">
<ele>157.32</ele>
<time>1970-01-01T00:00:01Z</time>
<link ></link></trkpt>
<trkpt lat="55.840891" lon="43.387845">
<ele>157.96</ele>
<time>1970-01-01T00:00:01Z</time>
<link ></link></trkpt>
<trkpt lat="55.840612" lon="43.388038">
<ele>159.32</ele>
<time>1970-01-01T00:00:01Z</time>
<link ></link></trkpt>
<trkpt lat="55.839561" lon="43.388295">
<ele>160.84000000000003</ele>
<time>1970-01-01T00:00:01Z</time>
<link ></link></trkpt>
<trkpt lat="55.838467" lon="43.38866">
<ele>162.68</ele>
<time>1970-01-01T00:00:01Z</time>
<link ></link></trkpt>
<trkpt lat="55.835098" lon="43.38924">
<ele>164.00000000000003</ele>
<time>1970-01-01T00:00:01Z</time>
<link ></link></trkpt>
<trkpt lat="55.833424" lon="43.389583">
<ele>165.36</ele>
<time>1970-01-01T00:00:01Z</time>
<link ></link></trkpt>
<trkpt lat="55.832845" lon="43.390098">
<ele>166.48000000000002</ele>
<time>1970-01-01T00:00:01Z</time>
<link ></link></trkpt>
<trkpt lat="55.832265" lon="43.390699">
<ele>167.8</ele>
<time>1970-01-01T00:00:01Z</time>
<link ></link></trkpt>
<trkpt lat="55.83012" lon="43.393359">
<ele>169.36</ele>
<time>1970-01-01T00:00:01Z</time>
<link ></link></trkpt>
<trkpt lat="55.829605" lon="43.393896">
<ele>170.84000000000003</ele>
<time>1970-01-01T00:00:01Z</time>
<link ></link></trkpt>
<trkpt lat="55.829283" lon="43.394175">
<ele>172.32000000000002</ele>
<time>1970-01-01T00:00:01Z</time>
<link ></link></trkpt>
<trkpt lat="55.829047" lon="43.394325">
<ele>174.00000000000003</ele>
<time>1970-01-01T00:00:01Z</time>
<link ></link></trkpt>
<trkpt lat="55.827802" lon="43.394582">
<ele>175.8</ele>
<time>1970-01-01T00:00:01Z</time>
<link ></link></trkpt>
<trkpt lat="55.827223" lon="43.394797">
<ele>178.0</ele>
<time>1970-01-01T00:00:01Z</time>
<link ></link></trkpt>
<trkpt lat="55.826343" lon="43.394926">
<ele>179.88000000000002</ele>
<time>1970-01-01T00:00:01Z</time>
<link ></link></trkpt>
<trkpt lat="55.824905" lon="43.394883">
<ele>181.68</ele>
<time>1970-01-01T00:00:01Z</time>
<link ></link></trkpt>
<trkpt lat="55.82439" lon="43.394668">
<ele>182.8</ele>
<time>1970-01-01T00:00:01Z</time>
<link ></link></trkpt>
<trkpt lat="55.823575" lon="43.394261">
<ele>183.88000000000002</ele>
<time>1970-01-01T00:00:01Z</time>
<link ></link></trkpt>
<trkpt lat="55.82291" lon="43.393831">
<ele>184.20000000000005</ele>
<time>1970-01-01T00:00:01Z</time>
<link ></link></trkpt>
<trkpt lat="55.822352" lon="43.393595">
<ele>184.00000000000003</ele>
<time>1970-01-01T00:00:01Z</time>
<link ></link></trkpt>
<trkpt lat="55.821708" lon="43.393595">
<ele>183.52000000000004</ele>
<time>1970-01-01T00:00:01Z</time>
<link ></link></trkpt>
<trkpt lat="55.821043" lon="43.393531">
<ele>182.64</ele>
<time>1970-01-01T00:00:01Z</time>
<link ></link></trkpt>
<trkpt lat="55.820657" lon="43.393445">
<ele>182.96</ele>
<time>1970-01-01T00:00:01Z</time>
<link ></link></trkpt>
<trkpt lat="55.820335" lon="43.393574">
<ele>182.8</ele>
<time>1970-01-01T00:00:01Z</time>
<link ></link></trkpt>
<trkpt lat="55.819949" lon="43.393316">
<ele>183.44</ele>
<time>1970-01-01T00:00:01Z</time>
<link ></link></trkpt>
<trkpt lat="55.81894" lon="43.392287">
<ele>182.68</ele>
<time>1970-01-01T00:00:01Z</time>
<link ></link></trkpt>
<trkpt lat="55.817502" lon="43.390892">
<ele>182.28</ele>
<time>1970-01-01T00:00:01Z</time>
<link ></link></trkpt>
<trkpt lat="55.816236" lon="43.389926">
<ele>180.36</ele>
<time>1970-01-01T00:00:01Z</time>
<link ></link></trkpt>
<trkpt lat="55.815292" lon="43.389025">
<ele>178.48000000000002</ele>
<time>1970-01-01T00:00:01Z</time>
<link ></link></trkpt>
<trkpt lat="55.814219" lon="43.388295">
<ele>174.48000000000002</ele>
<time>1970-01-01T00:00:01Z</time>
<link ></link></trkpt>
<trkpt lat="55.813619" lon="43.388016">
<ele>171.28</ele>
<time>1970-01-01T00:00:01Z</time>
<link ></link></trkpt>
<trkpt lat="55.813147" lon="43.388102">
<ele>167.44</ele>
<time>1970-01-01T00:00:01Z</time>
<link ></link></trkpt>
<trkpt lat="55.812825" lon="43.388124">
<ele>165.68</ele>
<time>1970-01-01T00:00:01Z</time>
<link ></link></trkpt>
<trkpt lat="55.812181" lon="43.388059">
<ele>163.48000000000002</ele>
<time>1970-01-01T00:00:01Z</time>
<link ></link></trkpt>
<trkpt lat="55.811795" lon="43.387845">
<ele>161.24</ele>
<time>1970-01-01T00:00:01Z</time>
<link ></link></trkpt>
<trkpt lat="55.811151" lon="43.387823">
<ele>158.40000000000003</ele>
<time>1970-01-01T00:00:01Z</time>
<link ></link></trkpt>
<trkpt lat="55.8107" lon="43.387845">
<ele>155.04000000000002</ele>
<time>1970-01-01T00:00:01Z</time>
<link ></link></trkpt>
<trkpt lat="55.810421" lon="43.387995">
<ele>151.84000000000003</ele>
<time>1970-01-01T00:00:01Z</time>
<link ></link></trkpt>
<trkpt lat="55.810207" lon="43.387952">
<ele>148.8</ele>
<time>1970-01-01T00:00:01Z</time>
<link ></link></trkpt>
<trkpt lat="55.809992" lon="43.387845">
<ele>144.44000000000003</ele>
<time>1970-01-01T00:00:01Z</time>
<link ></link></trkpt>
<trkpt lat="55.809327" lon="43.38675">
<ele>141.48000000000002</ele>
<time>1970-01-01T00:00:01Z</time>
<link ></link></trkpt>
<trkpt lat="55.809005" lon="43.386386">
<ele>137.76000000000002</ele>
<time>1970-01-01T00:00:01Z</time>
<link ></link></trkpt>
<trkpt lat="55.808705" lon="43.386193">
<ele>136.48000000000002</ele>
<time>1970-01-01T00:00:01Z</time>
<link ></link></trkpt>
<trkpt lat="55.808276" lon="43.386107">
<ele>135.32</ele>
<time>1970-01-01T00:00:01Z</time>
<link ></link></trkpt>
<trkpt lat="55.808083" lon="43.385849">
<ele>135.48000000000002</ele>
<time>1970-01-01T00:00:01Z</time>
<link ></link></trkpt>
<trkpt lat="55.807847" lon="43.385935">
<ele>135.64000000000001</ele>
<time>1970-01-01T00:00:01Z</time>
<link ></link></trkpt>
<trkpt lat="55.807439" lon="43.386643">
<ele>136.36</ele>
<time>1970-01-01T00:00:01Z</time>
<link ></link></trkpt>
<trkpt lat="55.806988" lon="43.386815">
<ele>137.16000000000003</ele>
<time>1970-01-01T00:00:01Z</time>
<link ></link></trkpt>
<trkpt lat="55.806731" lon="43.387137">
<ele>137.96</ele>
<time>1970-01-01T00:00:01Z</time>
<link ></link></trkpt>
<trkpt lat="55.806495" lon="43.387544">
<ele>138.88</ele>
<time>1970-01-01T00:00:01Z</time>
<link ></link></trkpt>
<trkpt lat="55.806259" lon="43.388059">
<ele>139.52</ele>
<time>1970-01-01T00:00:01Z</time>
<link ></link></trkpt>
<trkpt lat="55.80598" lon="43.38851">
<ele>139.8</ele>
<time>1970-01-01T00:00:01Z</time>
<link ></link></trkpt>
<trkpt lat="55.805615" lon="43.388896">
<ele>140.52</ele>
<time>1970-01-01T00:00:01Z</time>
<link ></link></trkpt>
<trkpt lat="55.80525" lon="43.389197">
<ele>140.8</ele>
<time>1970-01-01T00:00:01Z</time>
<link ></link></trkpt>
<trkpt lat="55.8048" lon="43.389197">
<ele>141.84000000000003</ele>
<time>1970-01-01T00:00:01Z</time>
<link ></link></trkpt>
<trkpt lat="55.804413" lon="43.389068">
<ele>142.68000000000004</ele>
<time>1970-01-01T00:00:01Z</time>
<link ></link></trkpt>
<trkpt lat="55.804027" lon="43.388789">
<ele>144.12</ele>
<time>1970-01-01T00:00:01Z</time>
<link ></link></trkpt>
<trkpt lat="55.802697" lon="43.389218">
<ele>146.12</ele>
<time>1970-01-01T00:00:01Z</time>
<link ></link></trkpt>
<trkpt lat="55.801087" lon="43.389905">
<ele>149.0</ele>
<time>1970-01-01T00:00:01Z</time>
<link ></link></trkpt>
<trkpt lat="55.8001" lon="43.390184">
<ele>152.0</ele>
<time>1970-01-01T00:00:01Z</time>
<link ></link></trkpt>
<trkpt lat="55.79804" lon="43.390269">
<ele>155.2</ele>
<time>1970-01-01T00:00:01Z</time>
<link ></link></trkpt>
<trkpt lat="55.796903" lon="43.390484">
<ele>158.16000000000003</ele>
<time>1970-01-01T00:00:01Z</time>
<link ></link></trkpt>
<trkpt lat="55.796109" lon="43.390978">
<ele>160.64</ele>
<time>1970-01-01T00:00:01Z</time>
<link ></link></trkpt>
<trkpt lat="55.795723" lon="43.390784">
<ele>164.20000000000002</ele>
<time>1970-01-01T00:00:01Z</time>
<link ></link></trkpt>
<trkpt lat="55.795337" lon="43.390742">
<ele>166.44</ele>
<time>1970-01-01T00:00:01Z</time>
<link ></link></trkpt>
<trkpt lat="55.794993" lon="43.390956">
<ele>170.24</ele>
<time>1970-01-01T00:00:01Z</time>
<link ></link></trkpt>
<trkpt lat="55.794478" lon="43.391364">
<ele>171.51999999999998</ele>
<time>1970-01-01T00:00:01Z</time>
<link ></link></trkpt>
<trkpt lat="55.794157" lon="43.391493">
<ele>173.4</ele>
<time>1970-01-01T00:00:01Z</time>
<link ></link></trkpt>
<trkpt lat="55.793856" lon="43.391814">
<ele>173.16000000000003</ele>
<time>1970-01-01T00:00:01Z</time>
<link ></link></trkpt>
<trkpt lat="55.793534" lon="43.392072">
<ele>173.48000000000002</ele>
<time>1970-01-01T00:00:01Z</time>
<link ></link></trkpt>
<trkpt lat="55.792676" lon="43.391965">
<ele>173.64000000000001</ele>
<time>1970-01-01T00:00:01Z</time>
<link ></link></trkpt>
<trkpt lat="55.792097" lon="43.391836">
<ele>174.32000000000002</ele>
<time>1970-01-01T00:00:01Z</time>
<link ></link></trkpt>
<trkpt lat="55.790573" lon="43.391407">
<ele>175.20000000000002</ele>
<time>1970-01-01T00:00:01Z</time>
<link ></link></trkpt>
<trkpt lat="55.790337" lon="43.391385">
<ele>175.52000000000004</ele>
<time>1970-01-01T00:00:01Z</time>
<link ></link></trkpt>
<trkpt lat="55.79008" lon="43.391557">
<ele>175.68</ele>
<time>1970-01-01T00:00:01Z</time>
<link ></link></trkpt>
<trkpt lat="55.789758" lon="43.391879">
<ele>175.32000000000002</ele>
<time>1970-01-01T00:00:01Z</time>
<link ></link></trkpt>
<trkpt lat="55.789522" lon="43.392029">
<ele>175.32000000000002</ele>
<time>1970-01-01T00:00:01Z</time>
<link ></link></trkpt>
<trkpt lat="55.789371" lon="43.392265">
<ele>174.84000000000003</ele>
<time>1970-01-01T00:00:01Z</time>
<link ></link></trkpt>
<trkpt lat="55.78905" lon="43.392458">
<ele>174.72000000000003</ele>
<time>1970-01-01T00:00:01Z</time>
<link ></link></trkpt>
<trkpt lat="55.788771" lon="43.39278">
<ele>173.48000000000002</ele>
<time>1970-01-01T00:00:01Z</time>
<link ></link></trkpt>
<trkpt lat="55.788535" lon="43.393402">
<ele>172.84000000000003</ele>
<time>1970-01-01T00:00:01Z</time>
<link ></link></trkpt>
<trkpt lat="55.788299" lon="43.393789">
<ele>171.8</ele>
<time>1970-01-01T00:00:01Z</time>
<link ></link></trkpt>
<trkpt lat="55.787977" lon="43.393896">
<ele>171.64000000000004</ele>
<time>1970-01-01T00:00:01Z</time>
<link ></link></trkpt>
<trkpt lat="55.787161" lon="43.394497">
<ele>171.52</ele>
<time>1970-01-01T00:00:01Z</time>
<link ></link></trkpt>
<trkpt lat="55.786754" lon="43.394668">
<ele>171.52</ele>
<time>1970-01-01T00:00:01Z</time>
<link ></link></trkpt>
<trkpt lat="55.786453" lon="43.394883">
<ele>171.32</ele>
<time>1970-01-01T00:00:01Z</time>
<link ></link></trkpt>
<trkpt lat="55.786217" lon="43.394819">
<ele>171.0</ele>
<time>1970-01-01T00:00:01Z</time>
<link ></link></trkpt>
<trkpt lat="55.785981" lon="43.394947">
<ele>170.68</ele>
<time>1970-01-01T00:00:01Z</time>
<link ></link></trkpt>
<trkpt lat="55.785767" lon="43.394883">
<ele>170.32000000000002</ele>
<time>1970-01-01T00:00:01Z</time>
<link ></link></trkpt>
<trkpt lat="55.785466" lon="43.394947">
<ele>169.84</ele>
<time>1970-01-01T00:00:01Z</time>
<link ></link></trkpt>
<trkpt lat="55.785123" lon="43.394969">
<ele>169.36</ele>
<time>1970-01-01T00:00:01Z</time>
<link ></link></trkpt>
<trkpt lat="55.784694" lon="43.394497">
<ele>169.12</ele>
<time>1970-01-01T00:00:01Z</time>
<link ></link></trkpt>
<trkpt lat="55.784458" lon="43.394432">
<ele>169.28000000000003</ele>
<time>1970-01-01T00:00:01Z</time>
<link ></link></trkpt>
<trkpt lat="55.784157" lon="43.394067">
<ele>170.04000000000002</ele>
<time>1970-01-01T00:00:01Z</time>
<link ></link></trkpt>
<trkpt lat="55.783943" lon="43.39396">
<ele>170.04000000000002</ele>
<time>1970-01-01T00:00:01Z</time>
<link ></link></trkpt>
<trkpt lat="55.783707" lon="43.394003">
<ele>170.36</ele>
<time>1970-01-01T00:00:01Z</time>
<link ></link></trkpt>
<trkpt lat="55.783363" lon="43.394175">
<ele>169.12</ele>
<time>1970-01-01T00:00:01Z</time>
<link ></link></trkpt>
<trkpt lat="55.783149" lon="43.39411">
<ele>168.88</ele>
<time>1970-01-01T00:00:01Z</time>
<link ></link></trkpt>
<trkpt lat="55.782226" lon="43.393531">
<ele>167.64</ele>
<time>1970-01-01T00:00:01Z</time>
<link ></link></trkpt>
<trkpt lat="55.782033" lon="43.393595">
<ele>167.32</ele>
<time>1970-01-01T00:00:01Z</time>
<link ></link></trkpt>
<trkpt lat="55.78169" lon="43.393531">
<ele>166.68</ele>
<time>1970-01-01T00:00:01Z</time>
<link ></link></trkpt>
<trkpt lat="55.781368" lon="43.393617">
<ele>166.64000000000001</ele>
<time>1970-01-01T00:00:01Z</time>
<link ></link></trkpt>
<trkpt lat="55.78111" lon="43.393467">
<ele>166.8</ele>
<time>1970-01-01T00:00:01Z</time>
<link ></link></trkpt>
<trkpt lat="55.780831" lon="43.393166">
<ele>168.16000000000003</ele>
<time>1970-01-01T00:00:01Z</time>
<link ></link></trkpt>
<trkpt lat="55.780595" lon="43.393123">
<ele>169.12</ele>
<time>1970-01-01T00:00:01Z</time>
<link ></link></trkpt>
<trkpt lat="55.779716" lon="43.392544">
<ele>171.72000000000003</ele>
<time>1970-01-01T00:00:01Z</time>
<link ></link></trkpt>
<trkpt lat="55.779201" lon="43.39248">
<ele>172.8</ele>
<time>1970-01-01T00:00:01Z</time>
<link ></link></trkpt>
<trkpt lat="55.77875" lon="43.392565">
<ele>175.52000000000004</ele>
<time>1970-01-01T00:00:01Z</time>
<link ></link></trkpt>
<trkpt lat="55.778428" lon="43.392887">
<ele>176.64</ele>
<time>1970-01-01T00:00:01Z</time>
<link ></link></trkpt>
<trkpt lat="55.778063" lon="43.39278">
<ele>178.72</ele>
<time>1970-01-01T00:00:01Z</time>
<link ></link></trkpt>
<trkpt lat="55.777827" lon="43.39263">
<ele>179.36</ele>
<time>1970-01-01T00:00:01Z</time>
<link ></link></trkpt>
<trkpt lat="55.777098" lon="43.392759">
<ele>180.48000000000002</ele>
<time>1970-01-01T00:00:01Z</time>
<link ></link></trkpt>
<trkpt lat="55.776669" lon="43.39278">
<ele>181.12</ele>
<time>1970-01-01T00:00:01Z</time>
<link ></link></trkpt>
<trkpt lat="55.776175" lon="43.392887">
<ele>182.36</ele>
<time>1970-01-01T00:00:01Z</time>
<link ></link></trkpt>
<trkpt lat="55.775724" lon="43.39293">
<ele>183.51999999999998</ele>
<time>1970-01-01T00:00:01Z</time>
<link ></link></trkpt>
<trkpt lat="55.775467" lon="43.392716">
<ele>184.32</ele>
<time>1970-01-01T00:00:01Z</time>
<link ></link></trkpt>
<trkpt lat="55.775209" lon="43.392372">
<ele>185.04000000000002</ele>
<time>1970-01-01T00:00:01Z</time>
<link ></link></trkpt>
<trkpt lat="55.77493" lon="43.392201">
<ele>184.68</ele>
<time>1970-01-01T00:00:01Z</time>
<link ></link></trkpt>
<trkpt lat="55.774759" lon="43.392029">
<ele>184.52</ele>
<time>1970-01-01T00:00:01Z</time>
<link ></link></trkpt>
<trkpt lat="55.774458" lon="43.391407">
<ele>183.48000000000002</ele>
<time>1970-01-01T00:00:01Z</time>
<link ></link></trkpt>
<trkpt lat="55.774351" lon="43.390978">
<ele>183.0</ele>
<time>1970-01-01T00:00:01Z</time>
<link ></link></trkpt>
<trkpt lat="55.774158" lon="43.390548">
<ele>182.32</ele>
<time>1970-01-01T00:00:01Z</time>
<link ></link></trkpt>
<trkpt lat="55.773879" lon="43.390334">
<ele>182.79999999999998</ele>
<time>1970-01-01T00:00:01Z</time>
<link ></link></trkpt>
<trkpt lat="55.773557" lon="43.390162">
<ele>183.28</ele>
<time>1970-01-01T00:00:01Z</time>
<link ></link></trkpt>
<trkpt lat="55.773214" lon="43.390248">
<ele>184.72</ele>
<time>1970-01-01T00:00:01Z</time>
<link ></link></trkpt>
<trkpt lat="55.772871" lon="43.390269">
<ele>185.84000000000003</ele>
<time>1970-01-01T00:00:01Z</time>
<link ></link></trkpt>
<trkpt lat="55.77257" lon="43.390527">
<ele>186.32</ele>
<time>1970-01-01T00:00:01Z</time>
<link ></link></trkpt>
<trkpt lat="55.771669" lon="43.391063">
<ele>186.44</ele>
<time>1970-01-01T00:00:01Z</time>
<link ></link></trkpt>
<trkpt lat="55.771562" lon="43.391021">
<ele>185.16000000000003</ele>
<time>1970-01-01T00:00:01Z</time>
<link ></link></trkpt>
<trkpt lat="55.771368" lon="43.390763">
<ele>184.60000000000002</ele>
<time>1970-01-01T00:00:01Z</time>
<link ></link></trkpt>
<trkpt lat="55.771068" lon="43.39057">
<ele>183.96</ele>
<time>1970-01-01T00:00:01Z</time>
<link ></link></trkpt>
<trkpt lat="55.770703" lon="43.390463">
<ele>184.68</ele>
<time>1970-01-01T00:00:01Z</time>
<link ></link></trkpt>
<trkpt lat="55.770403" lon="43.390269">
<ele>185.96</ele>
<time>1970-01-01T00:00:01Z</time>
<link ></link></trkpt>
<trkpt lat="55.770124" lon="43.389905">
<ele>187.48000000000002</ele>
<time>1970-01-01T00:00:01Z</time>
<link ></link></trkpt>
<trkpt lat="55.769845" lon="43.389261">
<ele>188.76000000000005</ele>
<time>1970-01-01T00:00:01Z</time>
<link ></link></trkpt>
<trkpt lat="55.769652" lon="43.388639">
<ele>188.88</ele>
<time>1970-01-01T00:00:01Z</time>
<link ></link></trkpt>
<trkpt lat="55.769523" lon="43.387931">
<ele>188.48000000000002</ele>
<time>1970-01-01T00:00:01Z</time>
<link ></link></trkpt>
<trkpt lat="55.769523" lon="43.387244">
<ele>187.8</ele>
<time>1970-01-01T00:00:01Z</time>
<link ></link></trkpt>
<trkpt lat="55.769673" lon="43.386085">
<ele>187.48000000000002</ele>
<time>1970-01-01T00:00:01Z</time>
<link ></link></trkpt>
<trkpt lat="55.769652" lon="43.385635">
<ele>186.88</ele>
<time>1970-01-01T00:00:01Z</time>
<link ></link></trkpt>
<trkpt lat="55.769437" lon="43.385034">
<ele>186.24</ele>
<time>1970-01-01T00:00:01Z</time>
<link ></link></trkpt>
<trkpt lat="55.769351" lon="43.384068">
<ele>184.92000000000002</ele>
<time>1970-01-01T00:00:01Z</time>
<link ></link></trkpt>
<trkpt lat="55.769244" lon="43.383832">
<ele>184.44</ele>
<time>1970-01-01T00:00:01Z</time>
<link ></link></trkpt>
<trkpt lat="55.769115" lon="43.383725">
<ele>184.36</ele>
<time>1970-01-01T00:00:01Z</time>
<link ></link></trkpt>
<trkpt lat="55.768836" lon="43.383725">
<ele>185.0</ele>
<time>1970-01-01T00:00:01Z</time>
<link ></link></trkpt>
<trkpt lat="55.768622" lon="43.383854">
<ele>185.64</ele>
<time>1970-01-01T00:00:01Z</time>
<link ></link></trkpt>
<trkpt lat="55.768171" lon="43.383575">
<ele>186.84</ele>
<time>1970-01-01T00:00:01Z</time>
<link ></link></trkpt>
<trkpt lat="55.767871" lon="43.383682">
<ele>187.64000000000001</ele>
<time>1970-01-01T00:00:01Z</time>
<link ></link></trkpt>
<trkpt lat="55.767356" lon="43.384497">
<ele>189.68</ele>
<time>1970-01-01T00:00:01Z</time>
<link ></link></trkpt>
<trkpt lat="55.76712" lon="43.384991">
<ele>190.80000000000004</ele>
<time>1970-01-01T00:00:01Z</time>
<link ></link></trkpt>
<trkpt lat="55.766862" lon="43.385999">
<ele>192.40000000000003</ele>
<time>1970-01-01T00:00:01Z</time>
<link ></link></trkpt>
<trkpt lat="55.766905" lon="43.386386">
<ele>191.76000000000005</ele>
<time>1970-01-01T00:00:01Z</time>
<link ></link></trkpt>
<trkpt lat="55.766884" lon="43.387094">
<ele>190.72000000000003</ele>
<time>1970-01-01T00:00:01Z</time>
<link ></link></trkpt>
<trkpt lat="55.766583" lon="43.38821">
<ele>188.24</ele>
<time>1970-01-01T00:00:01Z</time>
<link ></link></trkpt>
<trkpt lat="55.766283" lon="43.38881">
<ele>186.16000000000003</ele>
<time>1970-01-01T00:00:01Z</time>
<link ></link></trkpt>
<trkpt lat="55.766004" lon="43.388961">
<ele>184.40000000000003</ele>
<time>1970-01-01T00:00:01Z</time>
<link ></link></trkpt>
<trkpt lat="55.765768" lon="43.389282">
<ele>182.60000000000002</ele>
<time>1970-01-01T00:00:01Z</time>
<link ></link></trkpt>
<trkpt lat="55.765275" lon="43.389368">
<ele>181.48000000000002</ele>
<time>1970-01-01T00:00:01Z</time>
<link ></link></trkpt>
<trkpt lat="55.765038" lon="43.389476">
<ele>180.36</ele>
<time>1970-01-01T00:00:01Z</time>
<link ></link></trkpt>
<trkpt lat="55.764502" lon="43.390033">
<ele>178.68000000000004</ele>
<time>1970-01-01T00:00:01Z</time>
<link ></link></trkpt>
<trkpt lat="55.76418" lon="43.390269">
<ele>177.40000000000003</ele>
<time>1970-01-01T00:00:01Z</time>
<link ></link></trkpt>
<trkpt lat="55.763966" lon="43.390527">
<ele>174.92000000000002</ele>
<time>1970-01-01T00:00:01Z</time>
<link ></link></trkpt>
<trkpt lat="55.763837" lon="43.390913">
<ele>173.96000000000004</ele>
<time>1970-01-01T00:00:01Z</time>
<link ></link></trkpt>
<trkpt lat="55.763665" lon="43.391171">
<ele>171.88000000000002</ele>
<time>1970-01-01T00:00:01Z</time>
<link ></link></trkpt>
<trkpt lat="55.763408" lon="43.391385">
<ele>170.60000000000002</ele>
<time>1970-01-01T00:00:01Z</time>
<link ></link></trkpt>
<trkpt lat="55.763236" lon="43.3916">
<ele>167.44</ele>
<time>1970-01-01T00:00:01Z</time>
<link ></link></trkpt>
<trkpt lat="55.763107" lon="43.392372">
<ele>165.16</ele>
<time>1970-01-01T00:00:01Z</time>
<link ></link></trkpt>
<trkpt lat="55.762614" lon="43.393338">
<ele>162.48000000000002</ele>
<time>1970-01-01T00:00:01Z</time>
<link ></link></trkpt>
<trkpt lat="55.762442" lon="43.393553">
<ele>160.96</ele>
<time>1970-01-01T00:00:01Z</time>
<link ></link></trkpt>
<trkpt lat="55.76182" lon="43.394025">
<ele>160.96000000000004</ele>
<time>1970-01-01T00:00:01Z</time>
<link ></link></trkpt>
<trkpt lat="55.76167" lon="43.394196">
<ele>161.24</ele>
<time>1970-01-01T00:00:01Z</time>
<link ></link></trkpt>
<trkpt lat="55.761047" lon="43.394497">
<ele>164.68</ele>
<time>1970-01-01T00:00:01Z</time>
<link ></link></trkpt>
<trkpt lat="55.760897" lon="43.394776">
<ele>166.76000000000002</ele>
<time>1970-01-01T00:00:01Z</time>
<link ></link></trkpt>
<trkpt lat="55.760554" lon="43.395097">
<ele>170.8</ele>
<time>1970-01-01T00:00:01Z</time>
<link ></link></trkpt>
<trkpt lat="55.75991" lon="43.395848">
<ele>171.88</ele>
<time>1970-01-01T00:00:01Z</time>
<link ></link></trkpt>
<trkpt lat="55.759674" lon="43.396321">
<ele>172.68</ele>
<time>1970-01-01T00:00:01Z</time>
<link ></link></trkpt>
<trkpt lat="55.759417" lon="43.396621">
<ele>172.04000000000002</ele>
<time>1970-01-01T00:00:01Z</time>
<link ></link></trkpt>
<trkpt lat="55.759095" lon="43.396728">
<ele>170.48000000000002</ele>
<time>1970-01-01T00:00:01Z</time>
<link ></link></trkpt>
<trkpt lat="55.75858" lon="43.39675">
<ele>169.20000000000002</ele>
<time>1970-01-01T00:00:01Z</time>
<link ></link></trkpt>
<trkpt lat="55.758236" lon="43.3972">
<ele>168.28000000000003</ele>
<time>1970-01-01T00:00:01Z</time>
<link ></link></trkpt>
<trkpt lat="55.757915" lon="43.397865">
<ele>168.04000000000002</ele>
<time>1970-01-01T00:00:01Z</time>
<link ></link></trkpt>
<trkpt lat="55.756992" lon="43.399239">
<ele>169.72000000000003</ele>
<time>1970-01-01T00:00:01Z</time>
<link ></link></trkpt>
<trkpt lat="55.756756" lon="43.399389">
<ele>171.8</ele>
<time>1970-01-01T00:00:01Z</time>
<link ></link></trkpt>
<trkpt lat="55.756348" lon="43.399904">
<ele>174.60000000000002</ele>
<time>1970-01-01T00:00:01Z</time>
<link ></link></trkpt>
<trkpt lat="55.75549" lon="43.40087">
<ele>177.92000000000002</ele>
<time>1970-01-01T00:00:01Z</time>
<link ></link></trkpt>
<trkpt lat="55.755189" lon="43.401106">
<ele>179.84000000000003</ele>
<time>1970-01-01T00:00:01Z</time>
<link ></link></trkpt>
<trkpt lat="55.754846" lon="43.401234">
<ele>182.04000000000002</ele>
<time>1970-01-01T00:00:01Z</time>
<link ></link></trkpt>
<trkpt lat="55.754589" lon="43.401234">
<ele>183.16000000000003</ele>
<time>1970-01-01T00:00:01Z</time>
<link ></link></trkpt>
<trkpt lat="55.754224" lon="43.401127">
<ele>184.28</ele>
<time>1970-01-01T00:00:01Z</time>
<link ></link></trkpt>
<trkpt lat="55.753945" lon="43.401234">
<ele>185.72000000000003</ele>
<time>1970-01-01T00:00:01Z</time>
<link ></link></trkpt>
<trkpt lat="55.753687" lon="43.401449">
<ele>187.0</ele>
<time>1970-01-01T00:00:01Z</time>
<link ></link></trkpt>
<trkpt lat="55.753366" lon="43.401578">
<ele>188.28</ele>
<time>1970-01-01T00:00:01Z</time>
<link ></link></trkpt>
<trkpt lat="55.7524" lon="43.401749">
<ele>190.84</ele>
<time>1970-01-01T00:00:01Z</time>
<link ></link></trkpt>
<trkpt lat="55.752035" lon="43.402028">
<ele>192.44000000000003</ele>
<time>1970-01-01T00:00:01Z</time>
<link ></link></trkpt>
<trkpt lat="55.750833" lon="43.403487">
<ele>194.64000000000004</ele>
<time>1970-01-01T00:00:01Z</time>
<link ></link></trkpt>
<trkpt lat="55.749868" lon="43.404088">
<ele>194.44000000000005</ele>
<time>1970-01-01T00:00:01Z</time>
<link ></link></trkpt>
<trkpt lat="55.748387" lon="43.40441">
<ele>193.28000000000003</ele>
<time>1970-01-01T00:00:01Z</time>
<link ></link></trkpt>
<trkpt lat="55.747829" lon="43.404625">
<ele>192.12</ele>
<time>1970-01-01T00:00:01Z</time>
<link ></link></trkpt>
<trkpt lat="55.747057" lon="43.404989">
<ele>191.60000000000002</ele>
<time>1970-01-01T00:00:01Z</time>
<link ></link></trkpt>
<trkpt lat="55.745877" lon="43.405612">
<ele>192.48000000000002</ele>
<time>1970-01-01T00:00:01Z</time>
<link ></link></trkpt>
<trkpt lat="55.745212" lon="43.406084">
<ele>193.72000000000003</ele>
<time>1970-01-01T00:00:01Z</time>
<link ></link></trkpt>
<trkpt lat="55.744825" lon="43.406449">
<ele>195.0</ele>
<time>1970-01-01T00:00:01Z</time>
<link ></link></trkpt>
<trkpt lat="55.744289" lon="43.406813">
<ele>195.48000000000002</ele>
<time>1970-01-01T00:00:01Z</time>
<link ></link></trkpt>
<trkpt lat="55.743838" lon="43.407243">
<ele>196.40000000000003</ele>
<time>1970-01-01T00:00:01Z</time>
<link ></link></trkpt>
<trkpt lat="55.743409" lon="43.407865">
<ele>195.8</ele>
<time>1970-01-01T00:00:01Z</time>
<link ></link></trkpt>
<trkpt lat="55.74313" lon="43.408551">
<ele>196.20000000000005</ele>
<time>1970-01-01T00:00:01Z</time>
<link ></link></trkpt>
<trkpt lat="55.742551" lon="43.40971">
<ele>195.00000000000003</ele>
<time>1970-01-01T00:00:01Z</time>
<link ></link></trkpt>
<trkpt lat="55.74195" lon="43.41044">
<ele>194.68</ele>
<time>1970-01-01T00:00:01Z</time>
<link ></link></trkpt>
<trkpt lat="55.7418" lon="43.410869">
<ele>193.48000000000002</ele>
<time>1970-01-01T00:00:01Z</time>
<link ></link></trkpt>
<trkpt lat="55.740748" lon="43.412242">
<ele>193.48000000000002</ele>
<time>1970-01-01T00:00:01Z</time>
<link ></link></trkpt>
<trkpt lat="55.739826" lon="43.413336">
<ele>193.28000000000003</ele>
<time>1970-01-01T00:00:01Z</time>
<link ></link></trkpt>
<trkpt lat="55.738796" lon="43.417349">
<ele>194.04000000000002</ele>
<time>1970-01-01T00:00:01Z</time>
<link ></link></trkpt>
<trkpt lat="55.738538" lon="43.418014">
<ele>194.52000000000004</ele>
<time>1970-01-01T00:00:01Z</time>
<link ></link></trkpt>
<trkpt lat="55.738345" lon="43.4184">
<ele>195.28000000000003</ele>
<time>1970-01-01T00:00:01Z</time>
<link ></link></trkpt>
<trkpt lat="55.738066" lon="43.418529">
<ele>195.84000000000003</ele>
<time>1970-01-01T00:00:01Z</time>
<link ></link></trkpt>
<trkpt lat="55.736392" lon="43.418229">
<ele>195.28000000000003</ele>
<time>1970-01-01T00:00:01Z</time>
<link ></link></trkpt>
<trkpt lat="55.734032" lon="43.417649">
<ele>194.08000000000004</ele>
<time>1970-01-01T00:00:01Z</time>
<link ></link></trkpt>
<trkpt lat="55.73223" lon="43.417714">
<ele>190.60000000000002</ele>
<time>1970-01-01T00:00:01Z</time>
<link ></link></trkpt>
<trkpt lat="55.731822" lon="43.417692">
<ele>188.20000000000005</ele>
<time>1970-01-01T00:00:01Z</time>
<link ></link></trkpt>
<trkpt lat="55.730728" lon="43.417435">
<ele>184.12000000000003</ele>
<time>1970-01-01T00:00:01Z</time>
<link ></link></trkpt>
<trkpt lat="55.730084" lon="43.417349">
<ele>182.04000000000002</ele>
<time>1970-01-01T00:00:01Z</time>
<link ></link></trkpt>
<trkpt lat="55.729118" lon="43.417371">
<ele>178.96000000000004</ele>
<time>1970-01-01T00:00:01Z</time>
<link ></link></trkpt>
<trkpt lat="55.728153" lon="43.417499">
<ele>177.12000000000003</ele>
<time>1970-01-01T00:00:01Z</time>
<link ></link></trkpt>
<trkpt lat="55.727809" lon="43.417478">
<ele>175.36</ele>
<time>1970-01-01T00:00:01Z</time>
<link ></link></trkpt>
<trkpt lat="55.727316" lon="43.417306">
<ele>174.00000000000003</ele>
<time>1970-01-01T00:00:01Z</time>
<link ></link></trkpt>
<trkpt lat="55.727037" lon="43.417585">
<ele>171.52</ele>
<time>1970-01-01T00:00:01Z</time>
<link ></link></trkpt>
<trkpt lat="55.725041" lon="43.41795">
<ele>169.44000000000003</ele>
<time>1970-01-01T00:00:01Z</time>
<link ></link></trkpt>
<trkpt lat="55.723282" lon="43.418443">
<ele>166.04000000000002</ele>
<time>1970-01-01T00:00:01Z</time>
<link ></link></trkpt>
<trkpt lat="55.72326" lon="43.418615">
<ele>164.44000000000003</ele>
<time>1970-01-01T00:00:01Z</time>
<link ></link></trkpt>
<trkpt lat="55.723346" lon="43.419066">
<ele>162.56</ele>
<time>1970-01-01T00:00:01Z</time>
<link ></link></trkpt>
<trkpt lat="55.723325" lon="43.419666">
<ele>161.51999999999998</ele>
<time>1970-01-01T00:00:01Z</time>
<link ></link></trkpt>
<trkpt lat="55.723046" lon="43.420053">
<ele>160.12</ele>
<time>1970-01-01T00:00:01Z</time>
<link ></link></trkpt>
<trkpt lat="55.722617" lon="43.420224">
<ele>159.0</ele>
<time>1970-01-01T00:00:01Z</time>
<link ></link></trkpt>
<trkpt lat="55.722123" lon="43.420353">
<ele>158.00000000000003</ele>
<time>1970-01-01T00:00:01Z</time>
<link ></link></trkpt>
<trkpt lat="55.72163" lon="43.420418">
<ele>157.32000000000002</ele>
<time>1970-01-01T00:00:01Z</time>
<link ></link></trkpt>
<trkpt lat="55.721351" lon="43.420611">
<ele>157.16000000000003</ele>
<time>1970-01-01T00:00:01Z</time>
<link ></link></trkpt>
<trkpt lat="55.720857" lon="43.42104">
<ele>156.8</ele>
<time>1970-01-01T00:00:01Z</time>
<link ></link></trkpt>
<trkpt lat="55.719913" lon="43.421104">
<ele>157.2</ele>
<time>1970-01-01T00:00:01Z</time>
<link ></link></trkpt>
<trkpt lat="55.719484" lon="43.421684">
<ele>157.00000000000003</ele>
<time>1970-01-01T00:00:01Z</time>
<link ></link></trkpt>
<trkpt lat="55.719312" lon="43.422349">
<ele>157.00000000000003</ele>
<time>1970-01-01T00:00:01Z</time>
<link ></link></trkpt>
<trkpt lat="55.719205" lon="43.422606">
<ele>156.68</ele>
<time>1970-01-01T00:00:01Z</time>
<link ></link></trkpt>
<trkpt lat="55.718926" lon="43.422692">
<ele>156.32000000000002</ele>
<time>1970-01-01T00:00:01Z</time>
<link ></link></trkpt>
<trkpt lat="55.718626" lon="43.422971">
<ele>155.84000000000003</ele>
<time>1970-01-01T00:00:01Z</time>
<link ></link></trkpt>
<trkpt lat="55.718368" lon="43.423465">
<ele>155.20000000000002</ele>
<time>1970-01-01T00:00:01Z</time>
<link ></link></trkpt>
<trkpt lat="55.718153" lon="43.423593">
<ele>154.32000000000002</ele>
<time>1970-01-01T00:00:01Z</time>
<link ></link></trkpt>
<trkpt lat="55.717188" lon="43.423679">
<ele>153.16000000000003</ele>
<time>1970-01-01T00:00:01Z</time>
<link ></link></trkpt>
<trkpt lat="55.716587" lon="43.423486">
<ele>152.20000000000002</ele>
<time>1970-01-01T00:00:01Z</time>
<link ></link></trkpt>
<trkpt lat="55.7153" lon="43.422992">
<ele>150.48000000000002</ele>
<time>1970-01-01T00:00:01Z</time>
<link ></link></trkpt>
<trkpt lat="55.715106" lon="43.42295">
<ele>149.52</ele>
<time>1970-01-01T00:00:01Z</time>
<link ></link></trkpt>
<trkpt lat="55.714956" lon="43.422864">
<ele>147.64000000000001</ele>
<time>1970-01-01T00:00:01Z</time>
<link ></link></trkpt>
<trkpt lat="55.714785" lon="43.422885">
<ele>147.32000000000002</ele>
<time>1970-01-01T00:00:01Z</time>
<link ></link></trkpt>
<trkpt lat="55.713304" lon="43.423314">
<ele>146.6</ele>
<time>1970-01-01T00:00:01Z</time>
<link ></link></trkpt>
<trkpt lat="55.713025" lon="43.423465">
<ele>147.04000000000002</ele>
<time>1970-01-01T00:00:01Z</time>
<link ></link></trkpt>
<trkpt lat="55.712789" lon="43.423465">
<ele>146.88000000000002</ele>
<time>1970-01-01T00:00:01Z</time>
<link ></link></trkpt>
<trkpt lat="55.712253" lon="43.423228">
<ele>146.64000000000001</ele>
<time>1970-01-01T00:00:01Z</time>
<link ></link></trkpt>
<trkpt lat="55.712081" lon="43.4231">
<ele>146.48000000000002</ele>
<time>1970-01-01T00:00:01Z</time>
<link ></link></trkpt>
<trkpt lat="55.711802" lon="43.422671">
<ele>146.32000000000002</ele>
<time>1970-01-01T00:00:01Z</time>
<link ></link></trkpt>
<trkpt lat="55.711609" lon="43.422606">
<ele>146.52000000000004</ele>
<time>1970-01-01T00:00:01Z</time>
<link ></link></trkpt>
<trkpt lat="55.710944" lon="43.42295">
<ele>146.84000000000003</ele>
<time>1970-01-01T00:00:01Z</time>
<link ></link></trkpt>
<trkpt lat="55.710557" lon="43.423078">
<ele>147.12</ele>
<time>1970-01-01T00:00:01Z</time>
<link ></link></trkpt>
<trkpt lat="55.709849" lon="43.422992">
<ele>147.83999999999997</ele>
<time>1970-01-01T00:00:01Z</time>
<link ></link></trkpt>
<trkpt lat="55.709163" lon="43.423121">
<ele>148.35999999999999</ele>
<time>1970-01-01T00:00:01Z</time>
<link ></link></trkpt>
<trkpt lat="55.708905" lon="43.423014">
<ele>147.72</ele>
<time>1970-01-01T00:00:01Z</time>
<link ></link></trkpt>
<trkpt lat="55.708626" lon="43.423057">
<ele>146.76000000000002</ele>
<time>1970-01-01T00:00:01Z</time>
<link ></link></trkpt>
<trkpt lat="55.707575" lon="43.423679">
<ele>144.24</ele>
<time>1970-01-01T00:00:01Z</time>
<link ></link></trkpt>
<trkpt lat="55.707317" lon="43.423701">
<ele>143.28000000000003</ele>
<time>1970-01-01T00:00:01Z</time>
<link ></link></trkpt>
<trkpt lat="55.707081" lon="43.423615">
<ele>142.0</ele>
<time>1970-01-01T00:00:01Z</time>
<link ></link></trkpt>
<trkpt lat="55.706674" lon="43.4231">
<ele>142.04000000000002</ele>
<time>1970-01-01T00:00:01Z</time>
<link ></link></trkpt>
<trkpt lat="55.706395" lon="43.423057">
<ele>141.48000000000002</ele>
<time>1970-01-01T00:00:01Z</time>
<link ></link></trkpt>
<trkpt lat="55.705858" lon="43.423164">
<ele>141.32000000000002</ele>
<time>1970-01-01T00:00:01Z</time>
<link ></link></trkpt>
<trkpt lat="55.705558" lon="43.423164">
<ele>141.16000000000003</ele>
<time>1970-01-01T00:00:01Z</time>
<link ></link></trkpt>
<trkpt lat="55.705343" lon="43.42325">
<ele>140.84</ele>
<time>1970-01-01T00:00:01Z</time>
<link ></link></trkpt>
<trkpt lat="55.705172" lon="43.4234">
<ele>140.72000000000003</ele>
<time>1970-01-01T00:00:01Z</time>
<link ></link></trkpt>
<trkpt lat="55.704485" lon="43.423121">
<ele>139.16000000000003</ele>
<time>1970-01-01T00:00:01Z</time>
<link ></link></trkpt>
<trkpt lat="55.704292" lon="43.422992">
<ele>138.52000000000004</ele>
<time>1970-01-01T00:00:01Z</time>
<link ></link></trkpt>
<trkpt lat="55.703777" lon="43.422799">
<ele>136.92000000000002</ele>
<time>1970-01-01T00:00:01Z</time>
<link ></link></trkpt>
<trkpt lat="55.702897" lon="43.423078">
<ele>136.20000000000002</ele>
<time>1970-01-01T00:00:01Z</time>
<link ></link></trkpt>
<trkpt lat="55.702554" lon="43.423143">
<ele>135.08</ele>
<time>1970-01-01T00:00:01Z</time>
<link ></link></trkpt>
<trkpt lat="55.702296" lon="43.423014">
<ele>132.64000000000001</ele>
<time>1970-01-01T00:00:01Z</time>
<link ></link></trkpt>
<trkpt lat="55.702017" lon="43.422778">
<ele>130.88000000000002</ele>
<time>1970-01-01T00:00:01Z</time>
<link ></link></trkpt>
<trkpt lat="55.701309" lon="43.422005">
<ele>128.08</ele>
<time>1970-01-01T00:00:01Z</time>
<link ></link></trkpt>
<trkpt lat="55.700901" lon="43.421233">
<ele>127.44000000000003</ele>
<time>1970-01-01T00:00:01Z</time>
<link ></link></trkpt>
<trkpt lat="55.700751" lon="43.421104">
<ele>127.00000000000001</ele>
<time>1970-01-01T00:00:01Z</time>
<link ></link></trkpt>
<trkpt lat="55.700644" lon="43.420654">
<ele>128.16000000000003</ele>
<time>1970-01-01T00:00:01Z</time>
<link ></link></trkpt>
<trkpt lat="55.700601" lon="43.420289">
<ele>129.12</ele>
<time>1970-01-01T00:00:01Z</time>
<link ></link></trkpt>
<trkpt lat="55.700279" lon="43.41943">
<ele>130.72000000000003</ele>
<time>1970-01-01T00:00:01Z</time>
<link ></link></trkpt>
<trkpt lat="55.6997" lon="43.418122">
<ele>131.68</ele>
<time>1970-01-01T00:00:01Z</time>
<link ></link></trkpt>
<trkpt lat="55.699614" lon="43.417778">
<ele>132.64000000000001</ele>
<time>1970-01-01T00:00:01Z</time>
<link ></link></trkpt>
<trkpt lat="55.699593" lon="43.417306">
<ele>132.24</ele>
<time>1970-01-01T00:00:01Z</time>
<link ></link></trkpt>
<trkpt lat="55.699464" lon="43.416963">
<ele>131.44000000000003</ele>
<time>1970-01-01T00:00:01Z</time>
<link ></link></trkpt>
<trkpt lat="55.699121" lon="43.415246">
<ele>129.24</ele>
<time>1970-01-01T00:00:01Z</time>
<link ></link></trkpt>
<trkpt lat="55.699013" lon="43.413894">
<ele>128.44</ele>
<time>1970-01-01T00:00:01Z</time>
<link ></link></trkpt>
<trkpt lat="55.698949" lon="43.413508">
<ele>128.28000000000003</ele>
<time>1970-01-01T00:00:01Z</time>
<link ></link></trkpt>
<trkpt lat="55.698648" lon="43.4128">
<ele>129.16000000000003</ele>
<time>1970-01-01T00:00:01Z</time>
<link ></link></trkpt>
<trkpt lat="55.698284" lon="43.411513">
<ele>130.44</ele>
<time>1970-01-01T00:00:01Z</time>
<link ></link></trkpt>
<trkpt lat="55.698219" lon="43.41059">
<ele>129.35999999999999</ele>
<time>1970-01-01T00:00:01Z</time>
<link ></link></trkpt>
<trkpt lat="55.698133" lon="43.410096">
<ele>128.56</ele>
<time>1970-01-01T00:00:01Z</time>
<link ></link></trkpt>
<trkpt lat="55.697876" lon="43.409152">
<ele>125.28</ele>
<time>1970-01-01T00:00:01Z</time>
<link ></link></trkpt>
<trkpt lat="55.697747" lon="43.408401">
<ele>123.68</ele>
<time>1970-01-01T00:00:01Z</time>
<link ></link></trkpt>
<trkpt lat="55.697726" lon="43.408122">
<ele>121.44</ele>
<time>1970-01-01T00:00:01Z</time>
<link ></link></trkpt>
<trkpt lat="55.697747" lon="43.407736">
<ele>120.96000000000001</ele>
<time>1970-01-01T00:00:01Z</time>
<link ></link></trkpt>
<trkpt lat="55.697683" lon="43.407371">
<ele>120.68</ele>
<time>1970-01-01T00:00:01Z</time>
<link ></link></trkpt>
<trkpt lat="55.697704" lon="43.407135">
<ele>120.84000000000002</ele>
<time>1970-01-01T00:00:01Z</time>
<link ></link></trkpt>
<trkpt lat="55.697618" lon="43.406685">
<ele>121.48000000000002</ele>
<time>1970-01-01T00:00:01Z</time>
<link ></link></trkpt>
<trkpt lat="55.697511" lon="43.406685">
<ele>122.28</ele>
<time>1970-01-01T00:00:01Z</time>
<link ></link></trkpt>
<trkpt lat="55.697318" lon="43.407264">
<ele>123.68000000000002</ele>
<time>1970-01-01T00:00:01Z</time>
<link ></link></trkpt>
<trkpt lat="55.697189" lon="43.407521">
<ele>124.88000000000002</ele>
<time>1970-01-01T00:00:01Z</time>
<link ></link></trkpt>
<trkpt lat="55.696996" lon="43.407715">
<ele>126.32000000000002</ele>
<time>1970-01-01T00:00:01Z</time>
<link ></link></trkpt>
<trkpt lat="55.696803" lon="43.408015">
<ele>127.28000000000003</ele>
<time>1970-01-01T00:00:01Z</time>
<link ></link></trkpt>
<trkpt lat="55.696524" lon="43.408058">
<ele>128.72000000000003</ele>
<time>1970-01-01T00:00:01Z</time>
<link ></link></trkpt>
<trkpt lat="55.696267" lon="43.407972">
<ele>129.36</ele>
<time>1970-01-01T00:00:01Z</time>
<link ></link></trkpt>
<trkpt lat="55.696074" lon="43.408079">
<ele>129.84</ele>
<time>1970-01-01T00:00:01Z</time>
<link ></link></trkpt>
<trkpt lat="55.695923" lon="43.408208">
<ele>129.68</ele>
<time>1970-01-01T00:00:01Z</time>
<link ></link></trkpt>
<trkpt lat="55.69573" lon="43.408637">
<ele>129.32</ele>
<time>1970-01-01T00:00:01Z</time>
<link ></link></trkpt>
<trkpt lat="55.695516" lon="43.408809">
<ele>129.0</ele>
<time>1970-01-01T00:00:01Z</time>
<link ></link></trkpt>
<trkpt lat="55.69528" lon="43.409109">
<ele>128.68</ele>
<time>1970-01-01T00:00:01Z</time>
<link ></link></trkpt>
<trkpt lat="55.694722" lon="43.40956">
<ele>127.84000000000003</ele>
<time>1970-01-01T00:00:01Z</time>
<link ></link></trkpt>
<trkpt lat="55.694378" lon="43.409667">
<ele>127.20000000000002</ele>
<time>1970-01-01T00:00:01Z</time>
<link ></link></trkpt>
<trkpt lat="55.693778" lon="43.40971">
<ele>126.28000000000002</ele>
<time>1970-01-01T00:00:01Z</time>
<link ></link></trkpt>
<trkpt lat="55.693499" lon="43.409796">
<ele>126.12000000000003</ele>
<time>1970-01-01T00:00:01Z</time>
<link ></link></trkpt>
<trkpt lat="55.69322" lon="43.409624">
<ele>126.36000000000001</ele>
<time>1970-01-01T00:00:01Z</time>
<link ></link></trkpt>
<trkpt lat="55.693048" lon="43.409817">
<ele>126.36000000000001</ele>
<time>1970-01-01T00:00:01Z</time>
<link ></link></trkpt>
<trkpt lat="55.692597" lon="43.409882">
<ele>126.36000000000001</ele>
<time>1970-01-01T00:00:01Z</time>
<link ></link></trkpt>
<trkpt lat="55.692233" lon="43.409775">
<ele>125.64000000000001</ele>
<time>1970-01-01T00:00:01Z</time>
<link ></link></trkpt>
<trkpt lat="55.692082" lon="43.409839">
<ele>125.64000000000001</ele>
<time>1970-01-01T00:00:01Z</time>
<link ></link></trkpt>
<trkpt lat="55.69161" lon="43.410289">
<ele>125.48</ele>
<time>1970-01-01T00:00:01Z</time>
<link ></link></trkpt>
<trkpt lat="55.69131" lon="43.409667">
<ele>126.04000000000002</ele>
<time>1970-01-01T00:00:01Z</time>
<link ></link></trkpt>
<trkpt lat="55.69058" lon="43.408594">
<ele>126.32000000000002</ele>
<time>1970-01-01T00:00:01Z</time>
<link ></link></trkpt>
<trkpt lat="55.690237" lon="43.40853">
<ele>126.80000000000001</ele>
<time>1970-01-01T00:00:01Z</time>
<link ></link></trkpt>
<trkpt lat="55.689937" lon="43.408208">
<ele>127.04000000000002</ele>
<time>1970-01-01T00:00:01Z</time>
<link ></link></trkpt>
<trkpt lat="55.689679" lon="43.408165">
<ele>127.04000000000002</ele>
<time>1970-01-01T00:00:01Z</time>
<link ></link></trkpt>
<trkpt lat="55.689078" lon="43.408208">
<ele>126.64000000000001</ele>
<time>1970-01-01T00:00:01Z</time>
<link ></link></trkpt>
<trkpt lat="55.688756" lon="43.408337">
<ele>126.00000000000003</ele>
<time>1970-01-01T00:00:01Z</time>
<link ></link></trkpt>
<trkpt lat="55.688477" lon="43.408573">
<ele>125.36000000000001</ele>
<time>1970-01-01T00:00:01Z</time>
<link ></link></trkpt>
<trkpt lat="55.68822" lon="43.40853">
<ele>124.80000000000003</ele>
<time>1970-01-01T00:00:01Z</time>
<link ></link></trkpt>
<trkpt lat="55.68792" lon="43.408337">
<ele>124.48000000000002</ele>
<time>1970-01-01T00:00:01Z</time>
<link ></link></trkpt>
<trkpt lat="55.687576" lon="43.408272">
<ele>124.36000000000001</ele>
<time>1970-01-01T00:00:01Z</time>
<link ></link></trkpt>
<trkpt lat="55.687233" lon="43.408294">
<ele>124.16</ele>
<time>1970-01-01T00:00:01Z</time>
<link ></link></trkpt>
<trkpt lat="55.686975" lon="43.408187">
<ele>124.0</ele>
<time>1970-01-01T00:00:01Z</time>
<link ></link></trkpt>
<trkpt lat="55.686739" lon="43.408015">
<ele>123.68</ele>
<time>1970-01-01T00:00:01Z</time>
<link ></link></trkpt>
<trkpt lat="55.686396" lon="43.408036">
<ele>123.80000000000001</ele>
<time>1970-01-01T00:00:01Z</time>
<link ></link></trkpt>
<trkpt lat="55.68616" lon="43.408165">
<ele>123.80000000000001</ele>
<time>1970-01-01T00:00:01Z</time>
<link ></link></trkpt>
<trkpt lat="55.685795" lon="43.408208">
<ele>124.4</ele>
<time>1970-01-01T00:00:01Z</time>
<link ></link></trkpt>
<trkpt lat="55.685516" lon="43.40838">
<ele>124.48000000000002</ele>
<time>1970-01-01T00:00:01Z</time>
<link ></link></trkpt>
<trkpt lat="55.685345" lon="43.408423">
<ele>124.32000000000002</ele>
<time>1970-01-01T00:00:01Z</time>
<link ></link></trkpt>
<trkpt lat="55.685194" lon="43.40823">
<ele>123.60000000000002</ele>
<time>1970-01-01T00:00:01Z</time>
<link ></link></trkpt>
<trkpt lat="55.684894" lon="43.409217">
<ele>122.00000000000003</ele>
<time>1970-01-01T00:00:01Z</time>
<link ></link></trkpt>
<trkpt lat="55.684679" lon="43.410075">
<ele>120.76000000000002</ele>
<time>1970-01-01T00:00:01Z</time>
<link ></link></trkpt>
<trkpt lat="55.684615" lon="43.41059">
<ele>119.80000000000001</ele>
<time>1970-01-01T00:00:01Z</time>
<link ></link></trkpt>
<trkpt lat="55.684722" lon="43.410998">
<ele>119.84</ele>
<time>1970-01-01T00:00:01Z</time>
<link ></link></trkpt>
<trkpt lat="55.684937" lon="43.411448">
<ele>119.52000000000001</ele>
<time>1970-01-01T00:00:01Z</time>
<link ></link></trkpt>
<trkpt lat="55.68498" lon="43.412371">
<ele>119.40000000000002</ele>
<time>1970-01-01T00:00:01Z</time>
<link ></link></trkpt>
<trkpt lat="55.685066" lon="43.412736">
<ele>118.76000000000002</ele>
<time>1970-01-01T00:00:01Z</time>
<link ></link></trkpt>
<trkpt lat="55.685023" lon="43.413079">
<ele>118.92000000000002</ele>
<time>1970-01-01T00:00:01Z</time>
<link ></link></trkpt>
<trkpt lat="55.684937" lon="43.413079">
<ele>119.08000000000001</ele>
<time>1970-01-01T00:00:01Z</time>
<link ></link></trkpt>
<trkpt lat="55.684787" lon="43.413294">
<ele>118.44000000000003</ele>
<time>1970-01-01T00:00:01Z</time>
<link ></link></trkpt>
<trkpt lat="55.684808" lon="43.413766">
<ele>117.64000000000001</ele>
<time>1970-01-01T00:00:01Z</time>
<link ></link></trkpt>
<trkpt lat="55.685109" lon="43.414753">
<ele>116.20000000000002</ele>
<time>1970-01-01T00:00:01Z</time>
<link ></link></trkpt>
<trkpt lat="55.68513" lon="43.415246">
<ele>117.00000000000003</ele>
<time>1970-01-01T00:00:01Z</time>
<link ></link></trkpt>
<trkpt lat="55.685216" lon="43.415826">
<ele>117.80000000000001</ele>
<time>1970-01-01T00:00:01Z</time>
<link ></link></trkpt>
<trkpt lat="55.685538" lon="43.417349">
<ele>120.04000000000002</ele>
<time>1970-01-01T00:00:01Z</time>
<link ></link></trkpt>
<trkpt lat="55.685559" lon="43.4178">
<ele>121.04000000000002</ele>
<time>1970-01-01T00:00:01Z</time>
<link ></link></trkpt>
<trkpt lat="55.685452" lon="43.418315">
<ele>121.20000000000002</ele>
<time>1970-01-01T00:00:01Z</time>
<link ></link></trkpt>
<trkpt lat="55.685602" lon="43.419001">
<ele>120.72000000000001</ele>
<time>1970-01-01T00:00:01Z</time>
<link ></link></trkpt>
<trkpt lat="55.685452" lon="43.420181">
<ele>119.12000000000003</ele>
<time>1970-01-01T00:00:01Z</time>
<link ></link></trkpt>
<trkpt lat="55.685323" lon="43.420675">
<ele>118.32000000000002</ele>
<time>1970-01-01T00:00:01Z</time>
<link ></link></trkpt>
<trkpt lat="55.68528" lon="43.421018">
<ele>117.80000000000001</ele>
<time>1970-01-01T00:00:01Z</time>
<link ></link></trkpt>
<trkpt lat="55.685409" lon="43.42149">
<ele>118.60000000000002</ele>
<time>1970-01-01T00:00:01Z</time>
<link ></link></trkpt>
<trkpt lat="55.685366" lon="43.421834">
<ele>120.0</ele>
<time>1970-01-01T00:00:01Z</time>
<link ></link></trkpt>
<trkpt lat="55.685087" lon="43.422671">
<ele>121.56000000000003</ele>
<time>1970-01-01T00:00:01Z</time>
<link ></link></trkpt>
<trkpt lat="55.685044" lon="43.423014">
<ele>122.84000000000002</ele>
<time>1970-01-01T00:00:01Z</time>
<link ></link></trkpt>
<trkpt lat="55.685044" lon="43.424044">
<ele>123.64000000000001</ele>
<time>1970-01-01T00:00:01Z</time>
<link ></link></trkpt>
<trkpt lat="55.684937" lon="43.424709">
<ele>124.36000000000001</ele>
<time>1970-01-01T00:00:01Z</time>
<link ></link></trkpt>
<trkpt lat="55.684808" lon="43.425095">
<ele>124.84</ele>
<time>1970-01-01T00:00:01Z</time>
<link ></link></trkpt>
<trkpt lat="55.684808" lon="43.425546">
<ele>125.32000000000001</ele>
<time>1970-01-01T00:00:01Z</time>
<link ></link></trkpt>
<trkpt lat="55.684465" lon="43.426962">
<ele>125.20000000000002</ele>
<time>1970-01-01T00:00:01Z</time>
<link ></link></trkpt>
<trkpt lat="55.684272" lon="43.42722">
<ele>124.88000000000002</ele>
<time>1970-01-01T00:00:01Z</time>
<link ></link></trkpt>
<trkpt lat="55.6841" lon="43.427777">
<ele>124.28000000000003</ele>
<time>1970-01-01T00:00:01Z</time>
<link ></link></trkpt>
<trkpt lat="55.683092" lon="43.429752">
<ele>124.60000000000002</ele>
<time>1970-01-01T00:00:01Z</time>
<link ></link></trkpt>
<trkpt lat="55.683027" lon="43.430395">
<ele>125.00000000000001</ele>
<time>1970-01-01T00:00:01Z</time>
<link ></link></trkpt>
<trkpt lat="55.682727" lon="43.431769">
<ele>126.08000000000001</ele>
<time>1970-01-01T00:00:01Z</time>
<link ></link></trkpt>
<trkpt lat="55.68277" lon="43.432713">
<ele>126.16000000000001</ele>
<time>1970-01-01T00:00:01Z</time>
<link ></link></trkpt>
<trkpt lat="55.68292" lon="43.434043">
<ele>126.00000000000003</ele>
<time>1970-01-01T00:00:01Z</time>
<link ></link></trkpt>
<trkpt lat="55.682877" lon="43.43458">
<ele>125.04000000000002</ele>
<time>1970-01-01T00:00:01Z</time>
<link ></link></trkpt>
<trkpt lat="55.682791" lon="43.435009">
<ele>124.00000000000001</ele>
<time>1970-01-01T00:00:01Z</time>
<link ></link></trkpt>
<trkpt lat="55.682448" lon="43.435652">
<ele>122.96000000000001</ele>
<time>1970-01-01T00:00:01Z</time>
<link ></link></trkpt>
<trkpt lat="55.682276" lon="43.435781">
<ele>122.16000000000003</ele>
<time>1970-01-01T00:00:01Z</time>
<link ></link></trkpt>
<trkpt lat="55.682126" lon="43.435803">
<ele>121.68</ele>
<time>1970-01-01T00:00:01Z</time>
<link ></link></trkpt>
<trkpt lat="55.681954" lon="43.43591">
<ele>121.64000000000001</ele>
<time>1970-01-01T00:00:01Z</time>
<link ></link></trkpt>
<trkpt lat="55.681869" lon="43.436167">
<ele>121.80000000000001</ele>
<time>1970-01-01T00:00:01Z</time>
<link ></link></trkpt>
<trkpt lat="55.681632" lon="43.437498">
<ele>122.20000000000002</ele>
<time>1970-01-01T00:00:01Z</time>
<link ></link></trkpt>
<trkpt lat="55.681354" lon="43.438335">
<ele>122.20000000000002</ele>
<time>1970-01-01T00:00:01Z</time>
<link ></link></trkpt>
<trkpt lat="55.681289" lon="43.439472">
<ele>122.48000000000002</ele>
<time>1970-01-01T00:00:01Z</time>
<link ></link></trkpt>
<trkpt lat="55.680839" lon="43.440738">
<ele>122.76000000000002</ele>
<time>1970-01-01T00:00:01Z</time>
<link ></link></trkpt>
<trkpt lat="55.680495" lon="43.442197">
<ele>124.16000000000001</ele>
<time>1970-01-01T00:00:01Z</time>
<link ></link></trkpt>
<trkpt lat="55.680409" lon="43.443635">
<ele>125.36000000000001</ele>
<time>1970-01-01T00:00:01Z</time>
<link ></link></trkpt>
<trkpt lat="55.680023" lon="43.445845">
<ele>126.88000000000001</ele>
<time>1970-01-01T00:00:01Z</time>
<link ></link></trkpt>
<trkpt lat="55.679959" lon="43.446553">
<ele>127.48</ele>
<time>1970-01-01T00:00:01Z</time>
<link ></link></trkpt>
<trkpt lat="55.679894" lon="43.447883">
<ele>127.68</ele>
<time>1970-01-01T00:00:01Z</time>
<link ></link></trkpt>
<trkpt lat="55.67998" lon="43.448613">
<ele>127.24000000000001</ele>
<time>1970-01-01T00:00:01Z</time>
<link ></link></trkpt>
<trkpt lat="55.680366" lon="43.449986">
<ele>126.16000000000003</ele>
<time>1970-01-01T00:00:01Z</time>
<link ></link></trkpt>
<trkpt lat="55.680474" lon="43.450694">
<ele>125.92000000000002</ele>
<time>1970-01-01T00:00:01Z</time>
<link ></link></trkpt>
<trkpt lat="55.68056" lon="43.452304">
<ele>125.76000000000002</ele>
<time>1970-01-01T00:00:01Z</time>
<link ></link></trkpt>
<trkpt lat="55.681096" lon="43.455115">
<ele>127.24000000000002</ele>
<time>1970-01-01T00:00:01Z</time>
<link ></link></trkpt>
<trkpt lat="55.681225" lon="43.456316">
<ele>127.68</ele>
<time>1970-01-01T00:00:01Z</time>
<link ></link></trkpt>
<trkpt lat="55.681268" lon="43.45726">
<ele>128.68</ele>
<time>1970-01-01T00:00:01Z</time>
<link ></link></trkpt>
<trkpt lat="55.681182" lon="43.458376">
<ele>128.32</ele>
<time>1970-01-01T00:00:01Z</time>
<link ></link></trkpt>
<trkpt lat="55.681246" lon="43.460865">
<ele>128.52</ele>
<time>1970-01-01T00:00:01Z</time>
<link ></link></trkpt>
<trkpt lat="55.681225" lon="43.462839">
<ele>128.32000000000002</ele>
<time>1970-01-01T00:00:01Z</time>
<link ></link></trkpt>
<trkpt lat="55.681332" lon="43.463848">
<ele>128.48000000000002</ele>
<time>1970-01-01T00:00:01Z</time>
<link ></link></trkpt>
<trkpt lat="55.681268" lon="43.464449">
<ele>128.36</ele>
<time>1970-01-01T00:00:01Z</time>
<link ></link></trkpt>
<trkpt lat="55.681118" lon="43.464856">
<ele>128.2</ele>
<time>1970-01-01T00:00:01Z</time>
<link ></link></trkpt>
<trkpt lat="55.680753" lon="43.46535">
<ele>127.64000000000001</ele>
<time>1970-01-01T00:00:01Z</time>
<link ></link></trkpt>
<trkpt lat="55.680409" lon="43.465479">
<ele>127.32000000000002</ele>
<time>1970-01-01T00:00:01Z</time>
<link ></link></trkpt>
<trkpt lat="55.680152" lon="43.465715">
<ele>126.68</ele>
<time>1970-01-01T00:00:01Z</time>
<link ></link></trkpt>
<trkpt lat="55.679873" lon="43.466037">
<ele>126.36000000000001</ele>
<time>1970-01-01T00:00:01Z</time>
<link ></link></trkpt>
<trkpt lat="55.679551" lon="43.466788">
<ele>125.64000000000001</ele>
<time>1970-01-01T00:00:01Z</time>
<link ></link></trkpt>
<trkpt lat="55.679272" lon="43.467131">
<ele>125.32000000000001</ele>
<time>1970-01-01T00:00:01Z</time>
<link ></link></trkpt>
<trkpt lat="55.678328" lon="43.46771">
<ele>125.0</ele>
<time>1970-01-01T00:00:01Z</time>
<link ></link></trkpt>
<trkpt lat="55.678242" lon="43.468204">
<ele>125.0</ele>
<time>1970-01-01T00:00:01Z</time>
<link ></link></trkpt>
<trkpt lat="55.678307" lon="43.468762">
<ele>125.0</ele>
<time>1970-01-01T00:00:01Z</time>
<link ></link></trkpt>
<trkpt lat="55.678478" lon="43.469513">
<ele>125.0</ele>
<time>1970-01-01T00:00:01Z</time>
<link ></link></trkpt>
<trkpt lat="55.678457" lon="43.470049">
<ele>125.0</ele>
<time>1970-01-01T00:00:01Z</time>
<link ></link></trkpt>
<trkpt lat="55.678521" lon="43.470586">
<ele>125.0</ele>
<time>1970-01-01T00:00:01Z</time>
<link ></link></trkpt>
<trkpt lat="55.678671" lon="43.471101">
<ele>125.0</ele>
<time>1970-01-01T00:00:01Z</time>
<link ></link></trkpt>
<trkpt lat="55.678886" lon="43.471379">
<ele>125.0</ele>
<time>1970-01-01T00:00:01Z</time>
<link ></link></trkpt>
<trkpt lat="55.679015" lon="43.471723">
<ele>124.84</ele>
<time>1970-01-01T00:00:01Z</time>
<link ></link></trkpt>
<trkpt lat="55.6791" lon="43.472131">
<ele>125.16</ele>
<time>1970-01-01T00:00:01Z</time>
<link ></link></trkpt>
<trkpt lat="55.679122" lon="43.472538">
<ele>125.28000000000002</ele>
<time>1970-01-01T00:00:01Z</time>
<link ></link></trkpt>
<trkpt lat="55.679315" lon="43.473332">
<ele>126.04000000000002</ele>
<time>1970-01-01T00:00:01Z</time>
<link ></link></trkpt>
<trkpt lat="55.679315" lon="43.474341">
<ele>125.72000000000003</ele>
<time>1970-01-01T00:00:01Z</time>
<link ></link></trkpt>
<trkpt lat="55.679208" lon="43.475092">
<ele>125.68</ele>
<time>1970-01-01T00:00:01Z</time>
<link ></link></trkpt>
<trkpt lat="55.679058" lon="43.47683">
<ele>124.92000000000002</ele>
<time>1970-01-01T00:00:01Z</time>
<link ></link></trkpt>
<trkpt lat="55.678822" lon="43.478182">
<ele>125.0</ele>
<time>1970-01-01T00:00:01Z</time>
<link ></link></trkpt>
<trkpt lat="55.6788" lon="43.478976">
<ele>125.04000000000002</ele>
<time>1970-01-01T00:00:01Z</time>
<link ></link></trkpt>
<trkpt lat="55.678886" lon="43.479598">
<ele>125.16000000000001</ele>
<time>1970-01-01T00:00:01Z</time>
<link ></link></trkpt>
<trkpt lat="55.678822" lon="43.479984">
<ele>125.16</ele>
<time>1970-01-01T00:00:01Z</time>
<link ></link></trkpt>
<trkpt lat="55.6788" lon="43.481786">
<ele>125.0</ele>
<time>1970-01-01T00:00:01Z</time>
<link ></link></trkpt>
<trkpt lat="55.678822" lon="43.482173">
<ele>125.0</ele>
<time>1970-01-01T00:00:01Z</time>
<link ></link></trkpt>
<trkpt lat="55.678478" lon="43.483353">
<ele>124.84</ele>
<time>1970-01-01T00:00:01Z</time>
<link ></link></trkpt>
<trkpt lat="55.678457" lon="43.483782">
<ele>124.84</ele>
<time>1970-01-01T00:00:01Z</time>
<link ></link></trkpt>
<trkpt lat="55.6785" lon="43.484361">
<ele>124.64000000000001</ele>
<time>1970-01-01T00:00:01Z</time>
<link ></link></trkpt>
<trkpt lat="55.678779" lon="43.485563">
<ele>124.84</ele>
<time>1970-01-01T00:00:01Z</time>
<link ></link></trkpt>
<trkpt lat="55.678779" lon="43.485971">
<ele>125.16000000000001</ele>
<time>1970-01-01T00:00:01Z</time>
<link ></link></trkpt>
<trkpt lat="55.678886" lon="43.486378">
<ele>125.80000000000001</ele>
<time>1970-01-01T00:00:01Z</time>
<link ></link></trkpt>
<trkpt lat="55.679208" lon="43.48831">
<ele>126.84000000000002</ele>
<time>1970-01-01T00:00:01Z</time>
<link ></link></trkpt>
<trkpt lat="55.679272" lon="43.488932">
<ele>127.04000000000002</ele>
<time>1970-01-01T00:00:01Z</time>
<link ></link></trkpt>
<trkpt lat="55.679551" lon="43.490048">
<ele>127.08000000000001</ele>
<time>1970-01-01T00:00:01Z</time>
<link ></link></trkpt>
<trkpt lat="55.679701" lon="43.491378">
<ele>126.12</ele>
<time>1970-01-01T00:00:01Z</time>
<link ></link></trkpt>
<trkpt lat="55.679873" lon="43.492172">
<ele>125.76</ele>
<time>1970-01-01T00:00:01Z</time>
<link ></link></trkpt>
<trkpt lat="55.679916" lon="43.492623">
<ele>125.84000000000003</ele>
<time>1970-01-01T00:00:01Z</time>
<link ></link></trkpt>
<trkpt lat="55.679852" lon="43.493588">
<ele>126.36000000000001</ele>
<time>1970-01-01T00:00:01Z</time>
<link ></link></trkpt>
<trkpt lat="55.679894" lon="43.495026">
<ele>127.00000000000003</ele>
<time>1970-01-01T00:00:01Z</time>
<link ></link></trkpt>
<trkpt lat="55.67983" lon="43.495777">
<ele>127.32000000000001</ele>
<time>1970-01-01T00:00:01Z</time>
<link ></link></trkpt>
<trkpt lat="55.679701" lon="43.496249">
<ele>127.52000000000004</ele>
<time>1970-01-01T00:00:01Z</time>
<link ></link></trkpt>
<trkpt lat="55.679465" lon="43.496678">
<ele>127.36000000000003</ele>
<time>1970-01-01T00:00:01Z</time>
<link ></link></trkpt>
<trkpt lat="55.679058" lon="43.497751">
<ele>127.00000000000003</ele>
<time>1970-01-01T00:00:01Z</time>
<link ></link></trkpt>
<trkpt lat="55.678564" lon="43.499296">
<ele>126.32000000000002</ele>
<time>1970-01-01T00:00:01Z</time>
<link ></link></trkpt>
<trkpt lat="55.678371" lon="43.499639">
<ele>125.84</ele>
<time>1970-01-01T00:00:01Z</time>
<link ></link></trkpt>
<trkpt lat="55.677942" lon="43.501442">
<ele>125.64000000000001</ele>
<time>1970-01-01T00:00:01Z</time>
<link ></link></trkpt>
<trkpt lat="55.677899" lon="43.502686">
<ele>125.96000000000001</ele>
<time>1970-01-01T00:00:01Z</time>
<link ></link></trkpt>
<trkpt lat="55.678028" lon="43.504789">
<ele>126.52000000000002</ele>
<time>1970-01-01T00:00:01Z</time>
<link ></link></trkpt>
<trkpt lat="55.678006" lon="43.505433">
<ele>127.04000000000002</ele>
<time>1970-01-01T00:00:01Z</time>
<link ></link></trkpt>
<trkpt lat="55.677792" lon="43.506742">
<ele>127.00000000000003</ele>
<time>1970-01-01T00:00:01Z</time>
<link ></link></trkpt>
<trkpt lat="55.677749" lon="43.509531">
<ele>127.00000000000003</ele>
<time>1970-01-01T00:00:01Z</time>
<link ></link></trkpt>
<trkpt lat="55.677813" lon="43.510497">
<ele>126.80000000000003</ele>
<time>1970-01-01T00:00:01Z</time>
<link ></link></trkpt>
<trkpt lat="55.67792" lon="43.511205">
<ele>127.00000000000001</ele>
<time>1970-01-01T00:00:01Z</time>
<link ></link></trkpt>
<trkpt lat="55.678135" lon="43.512128">
<ele>127.20000000000002</ele>
<time>1970-01-01T00:00:01Z</time>
<link ></link></trkpt>
<trkpt lat="55.678199" lon="43.512943">
<ele>127.00000000000003</ele>
<time>1970-01-01T00:00:01Z</time>
<link ></link></trkpt>
<trkpt lat="55.678113" lon="43.513973">
<ele>126.84000000000002</ele>
<time>1970-01-01T00:00:01Z</time>
<link ></link></trkpt>
<trkpt lat="55.677834" lon="43.51614">
<ele>126.48000000000002</ele>
<time>1970-01-01T00:00:01Z</time>
<link ></link></trkpt>
<trkpt lat="55.677749" lon="43.517363">
<ele>126.48000000000002</ele>
<time>1970-01-01T00:00:01Z</time>
<link ></link></trkpt>
<trkpt lat="55.677427" lon="43.518994">
<ele>126.68</ele>
<time>1970-01-01T00:00:01Z</time>
<link ></link></trkpt>
<trkpt lat="55.677362" lon="43.519724">
<ele>126.68000000000004</ele>
<time>1970-01-01T00:00:01Z</time>
<link ></link></trkpt>
<trkpt lat="55.677148" lon="43.520282">
<ele>126.68</ele>
<time>1970-01-01T00:00:01Z</time>
<link ></link></trkpt>
<trkpt lat="55.676976" lon="43.521183">
<ele>126.32000000000002</ele>
<time>1970-01-01T00:00:01Z</time>
<link ></link></trkpt>
<trkpt lat="55.676783" lon="43.521419">
<ele>126.16000000000001</ele>
<time>1970-01-01T00:00:01Z</time>
<link ></link></trkpt>
<trkpt lat="55.676697" lon="43.521784">
<ele>126.16000000000001</ele>
<time>1970-01-01T00:00:01Z</time>
<link ></link></trkpt>
<trkpt lat="55.676783" lon="43.52217">
<ele>126.16000000000003</ele>
<time>1970-01-01T00:00:01Z</time>
<link ></link></trkpt>
<trkpt lat="55.676054" lon="43.524122">
<ele>126.52000000000001</ele>
<time>1970-01-01T00:00:01Z</time>
<link ></link></trkpt>
<trkpt lat="55.676011" lon="43.524895">
<ele>126.96000000000002</ele>
<time>1970-01-01T00:00:01Z</time>
<link ></link></trkpt>
<trkpt lat="55.676096" lon="43.52571">
<ele>127.96000000000001</ele>
<time>1970-01-01T00:00:01Z</time>
<link ></link></trkpt>
<trkpt lat="55.676354" lon="43.526547">
<ele>128.88000000000002</ele>
<time>1970-01-01T00:00:01Z</time>
<link ></link></trkpt>
<trkpt lat="55.676654" lon="43.527019">
<ele>129.72000000000003</ele>
<time>1970-01-01T00:00:01Z</time>
<link ></link></trkpt>
<trkpt lat="55.676912" lon="43.528135">
<ele>129.8</ele>
<time>1970-01-01T00:00:01Z</time>
<link ></link></trkpt>
<trkpt lat="55.67689" lon="43.528671">
<ele>130.0</ele>
<time>1970-01-01T00:00:01Z</time>
<link ></link></trkpt>
<trkpt lat="55.676805" lon="43.529229">
<ele>129.68</ele>
<time>1970-01-01T00:00:01Z</time>
<link ></link></trkpt>
<trkpt lat="55.676697" lon="43.530538">
<ele>129.68</ele>
<time>1970-01-01T00:00:01Z</time>
<link ></link></trkpt>
<trkpt lat="55.676676" lon="43.531118">
<ele>129.48000000000002</ele>
<time>1970-01-01T00:00:01Z</time>
<link ></link></trkpt>
<trkpt lat="55.676697" lon="43.531461">
<ele>129.96000000000004</ele>
<time>1970-01-01T00:00:01Z</time>
<link ></link></trkpt>
<trkpt lat="55.676611" lon="43.531869">
<ele>130.96</ele>
<time>1970-01-01T00:00:01Z</time>
<link ></link></trkpt>
<trkpt lat="55.676139" lon="43.533371">
<ele>133.16000000000003</ele>
<time>1970-01-01T00:00:01Z</time>
<link ></link></trkpt>
<trkpt lat="55.675968" lon="43.534765">
<ele>135.16000000000003</ele>
<time>1970-01-01T00:00:01Z</time>
<link ></link></trkpt>
<trkpt lat="55.676247" lon="43.537104">
<ele>137.4</ele>
<time>1970-01-01T00:00:01Z</time>
<link ></link></trkpt>
<trkpt lat="55.676697" lon="43.538048">
<ele>138.68</ele>
<time>1970-01-01T00:00:01Z</time>
<link ></link></trkpt>
<trkpt lat="55.676998" lon="43.538285">
<ele>139.64000000000001</ele>
<time>1970-01-01T00:00:01Z</time>
<link ></link></trkpt>
<trkpt lat="55.677341" lon="43.538392">
<ele>140.36</ele>
<time>1970-01-01T00:00:01Z</time>
<link ></link></trkpt>
<trkpt lat="55.677706" lon="43.538671">
<ele>141.00000000000003</ele>
<time>1970-01-01T00:00:01Z</time>
<link ></link></trkpt>
<trkpt lat="55.677963" lon="43.539057">
<ele>141.8</ele>
<time>1970-01-01T00:00:01Z</time>
<link ></link></trkpt>
<trkpt lat="55.678113" lon="43.539593">
<ele>143.0</ele>
<time>1970-01-01T00:00:01Z</time>
<link ></link></trkpt>
<trkpt lat="55.678049" lon="43.54028">
<ele>144.0</ele>
<time>1970-01-01T00:00:01Z</time>
<link ></link></trkpt>
<trkpt lat="55.678071" lon="43.540924">
<ele>145.84000000000003</ele>
<time>1970-01-01T00:00:01Z</time>
<link ></link></trkpt>
<trkpt lat="55.678221" lon="43.54146">
<ele>146.64000000000004</ele>
<time>1970-01-01T00:00:01Z</time>
<link ></link></trkpt>
<trkpt lat="55.678478" lon="43.541889">
<ele>147.92000000000002</ele>
<time>1970-01-01T00:00:01Z</time>
<link ></link></trkpt>
<trkpt lat="55.678929" lon="43.543713">
<ele>147.52</ele>
<time>1970-01-01T00:00:01Z</time>
<link ></link></trkpt>
<trkpt lat="55.6791" lon="43.544893">
<ele>147.32</ele>
<time>1970-01-01T00:00:01Z</time>
<link ></link></trkpt>
<trkpt lat="55.679658" lon="43.546009">
<ele>146.32000000000002</ele>
<time>1970-01-01T00:00:01Z</time>
<link ></link></trkpt>
<trkpt lat="55.679744" lon="43.546438">
<ele>145.84</ele>
<time>1970-01-01T00:00:01Z</time>
<link ></link></trkpt>
<trkpt lat="55.679766" lon="43.546782">
<ele>146.28000000000003</ele>
<time>1970-01-01T00:00:01Z</time>
<link ></link></trkpt>
<trkpt lat="55.679937" lon="43.547125">
<ele>147.08000000000004</ele>
<time>1970-01-01T00:00:01Z</time>
<link ></link></trkpt>
<trkpt lat="55.679809" lon="43.549314">
<ele>149.4</ele>
<time>1970-01-01T00:00:01Z</time>
<link ></link></trkpt>
<trkpt lat="55.67998" lon="43.549807">
<ele>150.20000000000002</ele>
<time>1970-01-01T00:00:01Z</time>
<link ></link></trkpt>
<trkpt lat="55.680002" lon="43.550086">
<ele>151.4</ele>
<time>1970-01-01T00:00:01Z</time>
<link ></link></trkpt>
<trkpt lat="55.679809" lon="43.551116">
<ele>150.16000000000003</ele>
<time>1970-01-01T00:00:01Z</time>
<link ></link></trkpt>
<trkpt lat="55.67968" lon="43.551588">
<ele>149.52</ele>
<time>1970-01-01T00:00:01Z</time>
<link ></link></trkpt>
<trkpt lat="55.679165" lon="43.552146">
<ele>148.12</ele>
<time>1970-01-01T00:00:01Z</time>
<link ></link></trkpt>
<trkpt lat="55.679036" lon="43.552361">
<ele>147.80000000000004</ele>
<time>1970-01-01T00:00:01Z</time>
<link ></link></trkpt>
<trkpt lat="55.678993" lon="43.552661">
<ele>147.84000000000003</ele>
<time>1970-01-01T00:00:01Z</time>
<link ></link></trkpt>
<trkpt lat="55.678822" lon="43.552962">
<ele>147.84000000000003</ele>
<time>1970-01-01T00:00:01Z</time>
<link ></link></trkpt>
<trkpt lat="55.678435" lon="43.553412">
<ele>147.72000000000003</ele>
<time>1970-01-01T00:00:01Z</time>
<link ></link></trkpt>
<trkpt lat="55.678328" lon="43.553777">
<ele>146.52</ele>
<time>1970-01-01T00:00:01Z</time>
<link ></link></trkpt>
<trkpt lat="55.678349" lon="43.554828">
<ele>145.0</ele>
<time>1970-01-01T00:00:01Z</time>
<link ></link></trkpt>
<trkpt lat="55.678242" lon="43.555258">
<ele>143.16</ele>
<time>1970-01-01T00:00:01Z</time>
<link ></link></trkpt>
<trkpt lat="55.678242" lon="43.555923">
<ele>141.64000000000001</ele>
<time>1970-01-01T00:00:01Z</time>
<link ></link></trkpt>
<trkpt lat="55.678092" lon="43.556867">
<ele>141.28</ele>
<time>1970-01-01T00:00:01Z</time>
<link ></link></trkpt>
<trkpt lat="55.678135" lon="43.557382">
<ele>141.44</ele>
<time>1970-01-01T00:00:01Z</time>
<link ></link></trkpt>
<trkpt lat="55.677877" lon="43.559334">
<ele>142.4</ele>
<time>1970-01-01T00:00:01Z</time>
<link ></link></trkpt>
<trkpt lat="55.677684" lon="43.560236">
<ele>142.24</ele>
<time>1970-01-01T00:00:01Z</time>
<link ></link></trkpt>
<trkpt lat="55.677684" lon="43.560987">
<ele>142.48000000000002</ele>
<time>1970-01-01T00:00:01Z</time>
<link ></link></trkpt>
<trkpt lat="55.67747" lon="43.562896">
<ele>142.52000000000004</ele>
<time>1970-01-01T00:00:01Z</time>
<link ></link></trkpt>
<trkpt lat="55.677491" lon="43.563369">
<ele>143.68</ele>
<time>1970-01-01T00:00:01Z</time>
<link ></link></trkpt>
<trkpt lat="55.67777" lon="43.564806">
<ele>144.64000000000001</ele>
<time>1970-01-01T00:00:01Z</time>
<link ></link></trkpt>
<trkpt lat="55.678307" lon="43.565493">
<ele>144.68</ele>
<time>1970-01-01T00:00:01Z</time>
<link ></link></trkpt>
<trkpt lat="55.678371" lon="43.566008">
<ele>143.32000000000002</ele>
<time>1970-01-01T00:00:01Z</time>
<link ></link></trkpt>
<trkpt lat="55.678392" lon="43.566566">
<ele>141.56000000000003</ele>
<time>1970-01-01T00:00:01Z</time>
<link ></link></trkpt>
<trkpt lat="55.678199" lon="43.567231">
<ele>139.28000000000003</ele>
<time>1970-01-01T00:00:01Z</time>
<link ></link></trkpt>
<trkpt lat="55.678006" lon="43.56766">
<ele>138.28000000000003</ele>
<time>1970-01-01T00:00:01Z</time>
<link ></link></trkpt>
<trkpt lat="55.678006" lon="43.568239">
<ele>137.32000000000002</ele>
<time>1970-01-01T00:00:01Z</time>
<link ></link></trkpt>
<trkpt lat="55.67792" lon="43.568669">
<ele>136.72000000000003</ele>
<time>1970-01-01T00:00:01Z</time>
<link ></link></trkpt>
<trkpt lat="55.677641" lon="43.569463">
<ele>135.88000000000002</ele>
<time>1970-01-01T00:00:01Z</time>
<link ></link></trkpt>
<trkpt lat="55.677448" lon="43.569613">
<ele>134.44</ele>
<time>1970-01-01T00:00:01Z</time>
<link ></link></trkpt>
<trkpt lat="55.677148" lon="43.569634">
<ele>133.48000000000002</ele>
<time>1970-01-01T00:00:01Z</time>
<link ></link></trkpt>
<trkpt lat="55.676847" lon="43.569849">
<ele>133.00000000000003</ele>
<time>1970-01-01T00:00:01Z</time>
<link ></link></trkpt>
<trkpt lat="55.676568" lon="43.570128">
<ele>133.60000000000002</ele>
<time>1970-01-01T00:00:01Z</time>
<link ></link></trkpt>
<trkpt lat="55.676075" lon="43.5709">
<ele>133.20000000000002</ele>
<time>1970-01-01T00:00:01Z</time>
<link ></link></trkpt>
<trkpt lat="55.675109" lon="43.572917">
<ele>132.08</ele>
<time>1970-01-01T00:00:01Z</time>
<link ></link></trkpt>
<trkpt lat="55.674187" lon="43.575342">
<ele>127.36000000000001</ele>
<time>1970-01-01T00:00:01Z</time>
<link ></link></trkpt>
<trkpt lat="55.673972" lon="43.576114">
<ele>123.08000000000001</ele>
<time>1970-01-01T00:00:01Z</time>
<link ></link></trkpt>
<trkpt lat="55.674036" lon="43.57826">
<ele>118.84</ele>
<time>1970-01-01T00:00:01Z</time>
<link ></link></trkpt>
<trkpt lat="55.673843" lon="43.57899">
<ele>118.08000000000001</ele>
<time>1970-01-01T00:00:01Z</time>
<link ></link></trkpt>
<trkpt lat="55.673393" lon="43.58002">
<ele>119.96000000000001</ele>
<time>1970-01-01T00:00:01Z</time>
<link ></link></trkpt>
<trkpt lat="55.673092" lon="43.581135">
<ele>122.96000000000001</ele>
<time>1970-01-01T00:00:01Z</time>
<link ></link></trkpt>
<trkpt lat="55.672255" lon="43.585105">
<ele>126.60000000000001</ele>
<time>1970-01-01T00:00:01Z</time>
<link ></link></trkpt>
<trkpt lat="55.672019" lon="43.585942">
<ele>129.68</ele>
<time>1970-01-01T00:00:01Z</time>
<link ></link></trkpt>
<trkpt lat="55.671504" lon="43.587423">
<ele>131.92000000000002</ele>
<time>1970-01-01T00:00:01Z</time>
<link ></link></trkpt>
<trkpt lat="55.670668" lon="43.589483">
<ele>133.96</ele>
<time>1970-01-01T00:00:01Z</time>
<link ></link></trkpt>
<trkpt lat="55.669552" lon="43.591478">
<ele>134.56</ele>
<time>1970-01-01T00:00:01Z</time>
<link ></link></trkpt>
<trkpt lat="55.668093" lon="43.593559">
<ele>134.28</ele>
<time>1970-01-01T00:00:01Z</time>
<link ></link></trkpt>
<trkpt lat="55.666784" lon="43.595834">
<ele>133.24</ele>
<time>1970-01-01T00:00:01Z</time>
<link ></link></trkpt>
<trkpt lat="55.666054" lon="43.596413">
<ele>132.00000000000003</ele>
<time>1970-01-01T00:00:01Z</time>
<link ></link></trkpt>
<trkpt lat="55.665282" lon="43.596692">
<ele>131.04000000000002</ele>
<time>1970-01-01T00:00:01Z</time>
<link ></link></trkpt>
<trkpt lat="55.664016" lon="43.597443">
<ele>131.20000000000005</ele>
<time>1970-01-01T00:00:01Z</time>
<link ></link></trkpt>
<trkpt lat="55.663115" lon="43.59783">
<ele>131.04000000000002</ele>
<time>1970-01-01T00:00:01Z</time>
<link ></link></trkpt>
<trkpt lat="55.662406" lon="43.59828">
<ele>131.16000000000003</ele>
<time>1970-01-01T00:00:01Z</time>
<link ></link></trkpt>
<trkpt lat="55.661741" lon="43.598216">
<ele>131.0</ele>
<time>1970-01-01T00:00:01Z</time>
<link ></link></trkpt>
<trkpt lat="55.660969" lon="43.59798">
<ele>129.84000000000003</ele>
<time>1970-01-01T00:00:01Z</time>
<link ></link></trkpt>
<trkpt lat="55.660003" lon="43.597615">
<ele>129.24</ele>
<time>1970-01-01T00:00:01Z</time>
<link ></link></trkpt>
<trkpt lat="55.659703" lon="43.597636">
<ele>128.08000000000004</ele>
<time>1970-01-01T00:00:01Z</time>
<link ></link></trkpt>
<trkpt lat="55.65951" lon="43.597937">
<ele>128.4</ele>
<time>1970-01-01T00:00:01Z</time>
<link ></link></trkpt>
<trkpt lat="55.658158" lon="43.606391">
<ele>129.84000000000003</ele>
<time>1970-01-01T00:00:01Z</time>
<link ></link></trkpt>
<trkpt lat="55.658072" lon="43.607314">
<ele>131.68</ele>
<time>1970-01-01T00:00:01Z</time>
<link ></link></trkpt>
<trkpt lat="55.657965" lon="43.60785">
<ele>134.52</ele>
<time>1970-01-01T00:00:01Z</time>
<link ></link></trkpt>
<trkpt lat="55.657772" lon="43.608086">
<ele>134.84000000000003</ele>
<time>1970-01-01T00:00:01Z</time>
<link ></link></trkpt>
<trkpt lat="55.6576" lon="43.608408">
<ele>135.04000000000002</ele>
<time>1970-01-01T00:00:01Z</time>
<link ></link></trkpt>
<trkpt lat="55.657385" lon="43.60991">
<ele>130.56</ele>
<time>1970-01-01T00:00:01Z</time>
<link ></link></trkpt>
<trkpt lat="55.656076" lon="43.611713">
<ele>127.64000000000001</ele>
<time>1970-01-01T00:00:01Z</time>
<link ></link></trkpt>
<trkpt lat="55.655497" lon="43.612249">
<ele>122.92000000000002</ele>
<time>1970-01-01T00:00:01Z</time>
<link ></link></trkpt>
<trkpt lat="55.654596" lon="43.613429">
<ele>122.84000000000003</ele>
<time>1970-01-01T00:00:01Z</time>
<link ></link></trkpt>
<trkpt lat="55.654403" lon="43.613794">
<ele>122.68000000000002</ele>
<time>1970-01-01T00:00:01Z</time>
<link ></link></trkpt>
<trkpt lat="55.654059" lon="43.614931">
<ele>124.32000000000002</ele>
<time>1970-01-01T00:00:01Z</time>
<link ></link></trkpt>
<trkpt lat="55.653501" lon="43.617292">
<ele>125.52000000000001</ele>
<time>1970-01-01T00:00:01Z</time>
<link ></link></trkpt>
<trkpt lat="55.653394" lon="43.618214">
<ele>126.64000000000001</ele>
<time>1970-01-01T00:00:01Z</time>
<link ></link></trkpt>
<trkpt lat="55.653115" lon="43.618901">
<ele>128.8</ele>
<time>1970-01-01T00:00:01Z</time>
<link ></link></trkpt>
<trkpt lat="55.652729" lon="43.619352">
<ele>132.24</ele>
<time>1970-01-01T00:00:01Z</time>
<link ></link></trkpt>
<trkpt lat="55.652214" lon="43.619781">
<ele>136.12</ele>
<time>1970-01-01T00:00:01Z</time>
<link ></link></trkpt>
<trkpt lat="55.651635" lon="43.62051">
<ele>142.12</ele>
<time>1970-01-01T00:00:01Z</time>
<link ></link></trkpt>
<trkpt lat="55.650969" lon="43.621412">
<ele>145.76000000000002</ele>
<time>1970-01-01T00:00:01Z</time>
<link ></link></trkpt>
<trkpt lat="55.650283" lon="43.622442">
<ele>149.48000000000002</ele>
<time>1970-01-01T00:00:01Z</time>
<link ></link></trkpt>
<trkpt lat="55.649081" lon="43.624072">
<ele>149.68</ele>
<time>1970-01-01T00:00:01Z</time>
<link ></link></trkpt>
<trkpt lat="55.64745" lon="43.627935">
<ele>149.24</ele>
<time>1970-01-01T00:00:01Z</time>
<link ></link></trkpt>
<trkpt lat="55.646378" lon="43.631025">
<ele>148.36</ele>
<time>1970-01-01T00:00:01Z</time>
<link ></link></trkpt>
<trkpt lat="55.645863" lon="43.632848">
<ele>150.48000000000002</ele>
<time>1970-01-01T00:00:01Z</time>
<link ></link></trkpt>
<trkpt lat="55.64524" lon="43.635724">
<ele>153.20000000000002</ele>
<time>1970-01-01T00:00:01Z</time>
<link ></link></trkpt>
<trkpt lat="55.645112" lon="43.637762">
<ele>158.60000000000002</ele>
<time>1970-01-01T00:00:01Z</time>
<link ></link></trkpt>
<trkpt lat="55.644918" lon="43.639565">
<ele>161.12</ele>
<time>1970-01-01T00:00:01Z</time>
<link ></link></trkpt>
<trkpt lat="55.64479" lon="43.64156">
<ele>163.24</ele>
<time>1970-01-01T00:00:01Z</time>
<link ></link></trkpt>
<trkpt lat="55.645219" lon="43.645594">
<ele>162.16</ele>
<time>1970-01-01T00:00:01Z</time>
<link ></link></trkpt>
<trkpt lat="55.645219" lon="43.646989">
<ele>160.88</ele>
<time>1970-01-01T00:00:01Z</time>
<link ></link></trkpt>
<trkpt lat="55.645112" lon="43.649178">
<ele>158.96</ele>
<time>1970-01-01T00:00:01Z</time>
<link ></link></trkpt>
<trkpt lat="55.645262" lon="43.651452">
<ele>157.12</ele>
<time>1970-01-01T00:00:01Z</time>
<link ></link></trkpt>
<trkpt lat="55.645283" lon="43.652697">
<ele>155.60000000000002</ele>
<time>1970-01-01T00:00:01Z</time>
<link ></link></trkpt>
<trkpt lat="55.645455" lon="43.654349">
<ele>152.04000000000002</ele>
<time>1970-01-01T00:00:01Z</time>
<link ></link></trkpt>
<trkpt lat="55.645755" lon="43.656152">
<ele>147.12</ele>
<time>1970-01-01T00:00:01Z</time>
<link ></link></trkpt>
<trkpt lat="55.647493" lon="43.661623">
<ele>141.84000000000003</ele>
<time>1970-01-01T00:00:01Z</time>
<link ></link></trkpt>
<trkpt lat="55.648223" lon="43.664541">
<ele>137.64000000000001</ele>
<time>1970-01-01T00:00:01Z</time>
<link ></link></trkpt>
<trkpt lat="55.648201" lon="43.665593">
<ele>138.36</ele>
<time>1970-01-01T00:00:01Z</time>
<link ></link></trkpt>
<trkpt lat="55.647837" lon="43.668039">
<ele>140.60000000000002</ele>
<time>1970-01-01T00:00:01Z</time>
<link ></link></trkpt>
<trkpt lat="55.647772" lon="43.669391">
<ele>143.48000000000002</ele>
<time>1970-01-01T00:00:01Z</time>
<link ></link></trkpt>
<trkpt lat="55.647858" lon="43.670464">
<ele>144.88000000000002</ele>
<time>1970-01-01T00:00:01Z</time>
<link ></link></trkpt>
<trkpt lat="55.648073" lon="43.671537">
<ele>144.08</ele>
<time>1970-01-01T00:00:01Z</time>
<link ></link></trkpt>
<trkpt lat="55.648416" lon="43.672395">
<ele>143.72000000000003</ele>
<time>1970-01-01T00:00:01Z</time>
<link ></link></trkpt>
<trkpt lat="55.648716" lon="43.672953">
<ele>141.56</ele>
<time>1970-01-01T00:00:01Z</time>
<link ></link></trkpt>
<trkpt lat="55.648867" lon="43.67379">
<ele>140.04000000000002</ele>
<time>1970-01-01T00:00:01Z</time>
<link ></link></trkpt>
<trkpt lat="55.648695" lon="43.677051">
<ele>137.24</ele>
<time>1970-01-01T00:00:01Z</time>
<link ></link></trkpt>
<trkpt lat="55.648716" lon="43.678274">
<ele>135.16000000000003</ele>
<time>1970-01-01T00:00:01Z</time>
<link ></link></trkpt>
<trkpt lat="55.648459" lon="43.679626">
<ele>132.44</ele>
<time>1970-01-01T00:00:01Z</time>
<link ></link></trkpt>
<trkpt lat="55.648352" lon="43.681085">
<ele>129.52</ele>
<time>1970-01-01T00:00:01Z</time>
<link ></link></trkpt>
<trkpt lat="55.648008" lon="43.68218">
<ele>127.04</ele>
<time>1970-01-01T00:00:01Z</time>
<link ></link></trkpt>
<trkpt lat="55.647429" lon="43.683489">
<ele>125.08000000000001</ele>
<time>1970-01-01T00:00:01Z</time>
<link ></link></trkpt>
<trkpt lat="55.646978" lon="43.684712">
<ele>126.52000000000001</ele>
<time>1970-01-01T00:00:01Z</time>
<link ></link></trkpt>
<trkpt lat="55.646442" lon="43.685656">
<ele>127.52000000000001</ele>
<time>1970-01-01T00:00:01Z</time>
<link ></link></trkpt>
<trkpt lat="55.645927" lon="43.686815">
<ele>131.60000000000002</ele>
<time>1970-01-01T00:00:01Z</time>
<link ></link></trkpt>
<trkpt lat="55.645541" lon="43.687887">
<ele>133.04000000000002</ele>
<time>1970-01-01T00:00:01Z</time>
<link ></link></trkpt>
<trkpt lat="55.645112" lon="43.68851">
<ele>135.36</ele>
<time>1970-01-01T00:00:01Z</time>
<link ></link></trkpt>
<trkpt lat="55.644768" lon="43.689175">
<ele>135.68</ele>
<time>1970-01-01T00:00:01Z</time>
<link ></link></trkpt>
<trkpt lat="55.644575" lon="43.689668">
<ele>135.52</ele>
<time>1970-01-01T00:00:01Z</time>
<link ></link></trkpt>
<trkpt lat="55.64421" lon="43.68984">
<ele>136.0</ele>
<time>1970-01-01T00:00:01Z</time>
<link ></link></trkpt>
<trkpt lat="55.643781" lon="43.690334">
<ele>134.76000000000002</ele>
<time>1970-01-01T00:00:01Z</time>
<link ></link></trkpt>
<trkpt lat="55.643373" lon="43.691042">
<ele>135.64000000000001</ele>
<time>1970-01-01T00:00:01Z</time>
<link ></link></trkpt>
<trkpt lat="55.642837" lon="43.691557">
<ele>134.72000000000003</ele>
<time>1970-01-01T00:00:01Z</time>
<link ></link></trkpt>
<trkpt lat="55.642429" lon="43.691879">
<ele>134.96</ele>
<time>1970-01-01T00:00:01Z</time>
<link ></link></trkpt>
<trkpt lat="55.641721" lon="43.692737">
<ele>135.64000000000001</ele>
<time>1970-01-01T00:00:01Z</time>
<link ></link></trkpt>
<trkpt lat="55.640734" lon="43.693745">
<ele>135.04000000000002</ele>
<time>1970-01-01T00:00:01Z</time>
<link ></link></trkpt>
<trkpt lat="55.639962" lon="43.694239">
<ele>135.72</ele>
<time>1970-01-01T00:00:01Z</time>
<link ></link></trkpt>
<trkpt lat="55.639361" lon="43.694754">
<ele>133.8</ele>
<time>1970-01-01T00:00:01Z</time>
<link ></link></trkpt>
<trkpt lat="55.638588" lon="43.695226">
<ele>132.32000000000002</ele>
<time>1970-01-01T00:00:01Z</time>
<link ></link></trkpt>
<trkpt lat="55.637237" lon="43.696578">
<ele>130.52</ele>
<time>1970-01-01T00:00:01Z</time>
<link ></link></trkpt>
<trkpt lat="55.636443" lon="43.697071">
<ele>130.12</ele>
<time>1970-01-01T00:00:01Z</time>
<link ></link></trkpt>
<trkpt lat="55.636013" lon="43.697608">
<ele>130.56000000000003</ele>
<time>1970-01-01T00:00:01Z</time>
<link ></link></trkpt>
<trkpt lat="55.63522" lon="43.698166">
<ele>131.52</ele>
<time>1970-01-01T00:00:01Z</time>
<link ></link></trkpt>
<trkpt lat="55.634747" lon="43.698402">
<ele>131.64000000000001</ele>
<time>1970-01-01T00:00:01Z</time>
<link ></link></trkpt>
<trkpt lat="55.632838" lon="43.698316">
<ele>131.56</ele>
<time>1970-01-01T00:00:01Z</time>
<link ></link></trkpt>
<trkpt lat="55.632108" lon="43.698144">
<ele>131.0</ele>
<time>1970-01-01T00:00:01Z</time>
<link ></link></trkpt>
<trkpt lat="55.63125" lon="43.698101">
<ele>130.60000000000002</ele>
<time>1970-01-01T00:00:01Z</time>
<link ></link></trkpt>
<trkpt lat="55.629855" lon="43.69793">
<ele>131.32000000000002</ele>
<time>1970-01-01T00:00:01Z</time>
<link ></link></trkpt>
<trkpt lat="55.629211" lon="43.697565">
<ele>131.8</ele>
<time>1970-01-01T00:00:01Z</time>
<link ></link></trkpt>
<trkpt lat="55.628482" lon="43.697436">
<ele>133.08</ele>
<time>1970-01-01T00:00:01Z</time>
<link ></link></trkpt>
<trkpt lat="55.627752" lon="43.697608">
<ele>132.72</ele>
<time>1970-01-01T00:00:01Z</time>
<link ></link></trkpt>
<trkpt lat="55.627516" lon="43.697157">
<ele>132.16000000000003</ele>
<time>1970-01-01T00:00:01Z</time>
<link ></link></trkpt>
<trkpt lat="55.627323" lon="43.697179">
<ele>129.84</ele>
<time>1970-01-01T00:00:01Z</time>
<link ></link></trkpt>
<trkpt lat="55.627023" lon="43.697436">
<ele>127.60000000000001</ele>
<time>1970-01-01T00:00:01Z</time>
<link ></link></trkpt>
<trkpt lat="55.626486" lon="43.69823">
<ele>124.44000000000003</ele>
<time>1970-01-01T00:00:01Z</time>
<link ></link></trkpt>
<trkpt lat="55.626443" lon="43.699024">
<ele>123.52000000000001</ele>
<time>1970-01-01T00:00:01Z</time>
<link ></link></trkpt>
<trkpt lat="55.626336" lon="43.699796">
<ele>123.4</ele>
<time>1970-01-01T00:00:01Z</time>
<link ></link></trkpt>
<trkpt lat="55.626486" lon="43.700934">
<ele>125.12</ele>
<time>1970-01-01T00:00:01Z</time>
<link ></link></trkpt>
<trkpt lat="55.626486" lon="43.701556">
<ele>125.44000000000001</ele>
<time>1970-01-01T00:00:01Z</time>
<link ></link></trkpt>
<trkpt lat="55.6264" lon="43.702243">
<ele>124.20000000000002</ele>
<time>1970-01-01T00:00:01Z</time>
<link ></link></trkpt>
<trkpt lat="55.626336" lon="43.703315">
<ele>121.84</ele>
<time>1970-01-01T00:00:01Z</time>
<link ></link></trkpt>
<trkpt lat="55.62625" lon="43.707972">
<ele>119.24000000000002</ele>
<time>1970-01-01T00:00:01Z</time>
<link ></link></trkpt>
<trkpt lat="55.626121" lon="43.708487">
<ele>118.28000000000002</ele>
<time>1970-01-01T00:00:01Z</time>
<link ></link></trkpt>
<trkpt lat="55.625821" lon="43.70868">
<ele>118.0</ele>
<time>1970-01-01T00:00:01Z</time>
<link ></link></trkpt>
<trkpt lat="55.624898" lon="43.709517">
<ele>118.36000000000001</ele>
<time>1970-01-01T00:00:01Z</time>
<link ></link></trkpt>
<trkpt lat="55.623847" lon="43.710332">
<ele>118.36</ele>
<time>1970-01-01T00:00:01Z</time>
<link ></link></trkpt>
<trkpt lat="55.623182" lon="43.710697">
<ele>118.32000000000002</ele>
<time>1970-01-01T00:00:01Z</time>
<link ></link></trkpt>
<trkpt lat="55.621937" lon="43.711255">
<ele>118.12</ele>
<time>1970-01-01T00:00:01Z</time>
<link ></link></trkpt>
<trkpt lat="55.62065" lon="43.711727">
<ele>118.36000000000001</ele>
<time>1970-01-01T00:00:01Z</time>
<link ></link></trkpt>
<trkpt lat="55.620028" lon="43.711727">
<ele>118.52000000000002</ele>
<time>1970-01-01T00:00:01Z</time>
<link ></link></trkpt>
<trkpt lat="55.619513" lon="43.711555">
<ele>118.64000000000001</ele>
<time>1970-01-01T00:00:01Z</time>
<link ></link></trkpt>
<trkpt lat="55.619062" lon="43.711534">
<ele>118.84</ele>
<time>1970-01-01T00:00:01Z</time>
<link ></link></trkpt>
<trkpt lat="55.618762" lon="43.711684">
<ele>119.32000000000001</ele>
<time>1970-01-01T00:00:01Z</time>
<link ></link></trkpt>
<trkpt lat="55.617732" lon="43.713122">
<ele>120.28000000000002</ele>
<time>1970-01-01T00:00:01Z</time>
<link ></link></trkpt>
<trkpt lat="55.616766" lon="43.714752">
<ele>121.36000000000001</ele>
<time>1970-01-01T00:00:01Z</time>
<link ></link></trkpt>
<trkpt lat="55.614277" lon="43.718658">
<ele>122.24000000000001</ele>
<time>1970-01-01T00:00:01Z</time>
<link ></link></trkpt>
<trkpt lat="55.612625" lon="43.721125">
<ele>122.32000000000002</ele>
<time>1970-01-01T00:00:01Z</time>
<link ></link></trkpt>
<trkpt lat="55.609578" lon="43.725975">
<ele>122.32000000000002</ele>
<time>1970-01-01T00:00:01Z</time>
<link ></link></trkpt>
<trkpt lat="55.609234" lon="43.726619">
<ele>121.68</ele>
<time>1970-01-01T00:00:01Z</time>
<link ></link></trkpt>
<trkpt lat="55.609063" lon="43.727241">
<ele>121.36000000000001</ele>
<time>1970-01-01T00:00:01Z</time>
<link ></link></trkpt>
<trkpt lat="55.60902" lon="43.728013">
<ele>120.96000000000002</ele>
<time>1970-01-01T00:00:01Z</time>
<link ></link></trkpt>
<trkpt lat="55.609127" lon="43.728807">
<ele>120.96000000000004</ele>
<time>1970-01-01T00:00:01Z</time>
<link ></link></trkpt>
<trkpt lat="55.609127" lon="43.729215">
<ele>121.68000000000002</ele>
<time>1970-01-01T00:00:01Z</time>
<link ></link></trkpt>
<trkpt lat="55.609084" lon="43.729987">
<ele>122.32000000000002</ele>
<time>1970-01-01T00:00:01Z</time>
<link ></link></trkpt>
<trkpt lat="55.608934" lon="43.730695">
<ele>123.36000000000001</ele>
<time>1970-01-01T00:00:01Z</time>
<link ></link></trkpt>
<trkpt lat="55.608698" lon="43.731275">
<ele>123.84000000000002</ele>
<time>1970-01-01T00:00:01Z</time>
<link ></link></trkpt>
<trkpt lat="55.608226" lon="43.732112">
<ele>124.64000000000001</ele>
<time>1970-01-01T00:00:01Z</time>
<link ></link></trkpt>
<trkpt lat="55.606981" lon="43.734493">
<ele>125.32000000000002</ele>
<time>1970-01-01T00:00:01Z</time>
<link ></link></trkpt>
<trkpt lat="55.605329" lon="43.737154">
<ele>126.36000000000001</ele>
<time>1970-01-01T00:00:01Z</time>
<link ></link></trkpt>
<trkpt lat="55.604278" lon="43.739085">
<ele>127.16000000000001</ele>
<time>1970-01-01T00:00:01Z</time>
<link ></link></trkpt>
<trkpt lat="55.60284" lon="43.741489">
<ele>127.52000000000001</ele>
<time>1970-01-01T00:00:01Z</time>
<link ></link></trkpt>
<trkpt lat="55.601531" lon="43.743398">
<ele>127.72000000000003</ele>
<time>1970-01-01T00:00:01Z</time>
<link ></link></trkpt>
<trkpt lat="55.599535" lon="43.746917">
<ele>126.64000000000001</ele>
<time>1970-01-01T00:00:01Z</time>
<link ></link></trkpt>
<trkpt lat="55.598784" lon="43.747797">
<ele>126.20000000000003</ele>
<time>1970-01-01T00:00:01Z</time>
<link ></link></trkpt>
<trkpt lat="55.597754" lon="43.749385">
<ele>124.80000000000001</ele>
<time>1970-01-01T00:00:01Z</time>
<link ></link></trkpt>
<trkpt lat="55.597046" lon="43.750351">
<ele>124.32000000000002</ele>
<time>1970-01-01T00:00:01Z</time>
<link ></link></trkpt>
<trkpt lat="55.597025" lon="43.750737">
<ele>123.52000000000001</ele>
<time>1970-01-01T00:00:01Z</time>
<link ></link></trkpt>
<trkpt lat="55.597154" lon="43.751166">
<ele>123.00000000000001</ele>
<time>1970-01-01T00:00:01Z</time>
<link ></link></trkpt>
<trkpt lat="55.597561" lon="43.753505">
<ele>122.80000000000001</ele>
<time>1970-01-01T00:00:01Z</time>
<link ></link></trkpt>
<trkpt lat="55.597626" lon="43.754084">
<ele>123.12000000000002</ele>
<time>1970-01-01T00:00:01Z</time>
<link ></link></trkpt>
<trkpt lat="55.59754" lon="43.755844">
<ele>123.68000000000002</ele>
<time>1970-01-01T00:00:01Z</time>
<link ></link></trkpt>
<trkpt lat="55.597454" lon="43.756337">
<ele>124.56000000000003</ele>
<time>1970-01-01T00:00:01Z</time>
<link ></link></trkpt>
<trkpt lat="55.597926" lon="43.757689">
<ele>124.96000000000001</ele>
<time>1970-01-01T00:00:01Z</time>
<link ></link></trkpt>
<trkpt lat="55.598227" lon="43.758376">
<ele>125.96000000000001</ele>
<time>1970-01-01T00:00:01Z</time>
<link ></link></trkpt>
<trkpt lat="55.598591" lon="43.759084">
<ele>126.52000000000001</ele>
<time>1970-01-01T00:00:01Z</time>
<link ></link></trkpt>
<trkpt lat="55.598956" lon="43.75962">
<ele>127.08000000000001</ele>
<time>1970-01-01T00:00:01Z</time>
<link ></link></trkpt>
<trkpt lat="55.599879" lon="43.761122">
<ele>126.84000000000003</ele>
<time>1970-01-01T00:00:01Z</time>
<link ></link></trkpt>
<trkpt lat="55.60005" lon="43.761595">
<ele>126.44000000000001</ele>
<time>1970-01-01T00:00:01Z</time>
<link ></link></trkpt>
<trkpt lat="55.600394" lon="43.763225">
<ele>126.00000000000001</ele>
<time>1970-01-01T00:00:01Z</time>
<link ></link></trkpt>
<trkpt lat="55.600716" lon="43.765178">
<ele>126.04000000000002</ele>
<time>1970-01-01T00:00:01Z</time>
<link ></link></trkpt>
<trkpt lat="55.601123" lon="43.768053">
<ele>125.64000000000001</ele>
<time>1970-01-01T00:00:01Z</time>
<link ></link></trkpt>
<trkpt lat="55.601359" lon="43.769126">
<ele>126.00000000000003</ele>
<time>1970-01-01T00:00:01Z</time>
<link ></link></trkpt>
<trkpt lat="55.601381" lon="43.769684">
<ele>126.44000000000001</ele>
<time>1970-01-01T00:00:01Z</time>
<link ></link></trkpt>
<trkpt lat="55.60108" lon="43.773353">
<ele>127.96000000000004</ele>
<time>1970-01-01T00:00:01Z</time>
<link ></link></trkpt>
<trkpt lat="55.600608" lon="43.775306">
<ele>129.88000000000002</ele>
<time>1970-01-01T00:00:01Z</time>
<link ></link></trkpt>
<trkpt lat="55.600136" lon="43.777559">
<ele>131.52</ele>
<time>1970-01-01T00:00:01Z</time>
<link ></link></trkpt>
<trkpt lat="55.599943" lon="43.778868">
<ele>132.84</ele>
<time>1970-01-01T00:00:01Z</time>
<link ></link></trkpt>
<trkpt lat="55.599793" lon="43.779598">
<ele>133.52</ele>
<time>1970-01-01T00:00:01Z</time>
<link ></link></trkpt>
<trkpt lat="55.599664" lon="43.780563">
<ele>133.68</ele>
<time>1970-01-01T00:00:01Z</time>
<link ></link></trkpt>
<trkpt lat="55.599471" lon="43.781357">
<ele>134.0</ele>
<time>1970-01-01T00:00:01Z</time>
<link ></link></trkpt>
<trkpt lat="55.599321" lon="43.782945">
<ele>133.8</ele>
<time>1970-01-01T00:00:01Z</time>
<link ></link></trkpt>
<trkpt lat="55.599042" lon="43.784898">
<ele>133.88</ele>
<time>1970-01-01T00:00:01Z</time>
<link ></link></trkpt>
<trkpt lat="55.598999" lon="43.785842">
<ele>133.36</ele>
<time>1970-01-01T00:00:01Z</time>
<link ></link></trkpt>
<trkpt lat="55.59887" lon="43.786679">
<ele>132.8</ele>
<time>1970-01-01T00:00:01Z</time>
<link ></link></trkpt>
<trkpt lat="55.598763" lon="43.78876">
<ele>132.32000000000002</ele>
<time>1970-01-01T00:00:01Z</time>
<link ></link></trkpt>
<trkpt lat="55.598806" lon="43.789361">
<ele>132.16000000000003</ele>
<time>1970-01-01T00:00:01Z</time>
<link ></link></trkpt>
<trkpt lat="55.598999" lon="43.789726">
<ele>132.16000000000003</ele>
<time>1970-01-01T00:00:01Z</time>
<link ></link></trkpt>
<trkpt lat="55.599643" lon="43.789661">
<ele>132.36</ele>
<time>1970-01-01T00:00:01Z</time>
<link ></link></trkpt>
<trkpt lat="55.600372" lon="43.789683">
<ele>132.16000000000003</ele>
<time>1970-01-01T00:00:01Z</time>
<link ></link></trkpt>
<trkpt lat="55.600544" lon="43.789854">
<ele>132.16000000000003</ele>
<time>1970-01-01T00:00:01Z</time>
<link ></link></trkpt>
<trkpt lat="55.600651" lon="43.790133">
<ele>132.0</ele>
<time>1970-01-01T00:00:01Z</time>
<link ></link></trkpt>
<trkpt lat="55.600694" lon="43.790863">
<ele>132.0</ele>
<time>1970-01-01T00:00:01Z</time>
<link ></link></trkpt>
<trkpt lat="55.600823" lon="43.791013">
<ele>132.0</ele>
<time>1970-01-01T00:00:01Z</time>
<link ></link></trkpt>
<trkpt lat="55.600887" lon="43.790884">
<ele>132</ele>
<time>1970-01-01T00:00:01Z</time>
<link ></link></trkpt></trkseg></trk></gpx>