<?xml version="1.0" encoding="UTF-8" standalone="no"?>
<gpx version="1.1" creator="GPX Editor 1.3.46.1380" xmlns="http://www.topografix.com/GPX/1/1" xmlns:xsi="http://www.w3.org/2001/XMLSchema-instance" xsi:schemaLocation="http://www.topografix.com/GPX/1/1 http://www.topografix.com/GPX/1/1/gpx.xsd">
<metadata>
	<time>2022-01-18T15:32:47Z</time>
	<bounds minlat="55.755125" minlon="37.615688" maxlat="56.3162" maxlon="38.344026" />
</metadata>
<wpt lat="55.974229" lon="37.712376">
	<name>Элит Кроус Яхт-клуб</name>
</wpt>
<wpt lat="55.985795" lon="37.810974">
	<name>Арт-отель Пушкино</name>
</wpt>
<wpt lat="56.252213" lon="37.974696">
	<name>Адамас</name>
</wpt>
<wpt lat="56.149238" lon="37.836187">
	<name>Гостиница Софрино</name>
</wpt>
<wpt lat="56.217731" lon="37.973387">
	<name>Гостевой Дом "Елена".</name>
</wpt>
<wpt lat="56.011694" lon="37.822175">
	<name>Хостел-Пушкино</name>
</wpt>
<wpt lat="55.969895" lon="37.708857">
	<name>На Руси</name>
</wpt>
<wpt lat="56.191617" lon="37.869511">
	<name>Гостевой дом, трансфер, гид. 75-км Дороги. 9104218864</name>
</wpt>
<wpt lat="55.999335" lon="37.846594">
	<name>гостиница Пушкинская</name>
</wpt>
<wpt lat="56.064995" lon="37.851701">
	<name>Санаторий Правда</name>
</wpt>
<wpt lat="56.038216" lon="37.850928">
	<name>Tikhiy i Semeiniy otdykh Holiday Home</name>
</wpt>
<wpt lat="56.086989" lon="37.881935">
	<name>Гостевой дом Советов</name>
</wpt>
<wpt lat="56.095143" lon="37.879231">
	<name>Дом Отдыха Зимогорье</name>
</wpt>
<wpt lat="56.097911" lon="37.883136">
	<name>Зимогорье, дом 63</name>
</wpt>
<wpt lat="56.250282" lon="37.994759">
	<name>Дом паломника при монастыре</name>
</wpt>
<wpt lat="56.019634" lon="37.856464">
	<name>гостевой дом</name>
</wpt>
<wpt lat="56.22964" lon="38.0616">
	<name>Этнопарк "Кочевник"</name>
</wpt>
<wpt lat="55.921637" lon="37.719757">
	<name>Круглосуточный гостиничный и банный комплекс Сказка Востока</name>
</wpt>
<wpt lat="56.282512" lon="38.083658">
	<name>Сергиевский храм</name>
</wpt>
<wpt lat="55.999635" lon="37.813463">
	<name>Гостевой дом </name>
</wpt>
<wpt lat="56.161533" lon="37.939656">
	<name>СПА ОТЕЛЬ АШУКИНО</name>
</wpt>
<wpt lat="56.312102" lon="38.133783">
	<name>Старая Гостиница Лавры</name>
</wpt>
<wpt lat="56.247235" lon="37.998836">
	<name>Место для палатки</name>
</wpt>
<wpt lat="56.230927" lon="38.061921">
	<name>Кемпинг</name>
</wpt>
<wpt lat="55.925177" lon="37.728877">
	<name>Ванин дом</name>
</wpt>
<wpt lat="56.312381" lon="38.137646">
	<name>Хостел "СЕРГIЕВЪ"</name>
</wpt>
<wpt lat="56.3162" lon="38.136058">
	<name>Отель Посадский</name>
</wpt>
<wpt lat="56.064309" lon="37.848074">
	<name>магазины</name>
</wpt>
<wpt lat="56.201595" lon="37.875047">
	<name>Храм святого великомученика Никиты вблизи деревни Горенки Пушкинского района Московской области</name>
</wpt>
<wpt lat="55.79171" lon="37.640257">
	<name>Церковь Иконы Божией Матери Знамение в Переяславской слободе</name>
</wpt>
<wpt lat="55.788299" lon="37.626738">
	<name>Храм святого мученика и чудотворца Трифона</name>
</wpt>
<wpt lat="55.818211" lon="37.644183">
	<name>Храм Тихвинской Иконы Божией Матери в Алексеевском</name>
</wpt>
<wpt lat="55.830141" lon="37.656908">
	<name>Ростокинский акведук</name>
</wpt>
<wpt lat="56.092204" lon="37.904894">
	<name>Зеленоградский Дом Отдыха</name>
</wpt>
<wpt lat="55.865546" lon="37.637703">
	<name>Церковь Покрова в Медведкове</name>
</wpt>
<wpt lat="55.842522" lon="37.638454">
	<name>Многолетний дуб</name>
</wpt>
<wpt lat="56.185137" lon="37.879896">
	<name>Отбойник</name>
</wpt>
<wpt lat="56.247149" lon="37.97946">
	<name>Гостевой дом в Хотьково</name>
</wpt>
<wpt lat="56.103555" lon="37.901268">
	<name>Церковь Сергия Радонежского, подворье Донского монастыря</name>
</wpt>
<wpt lat="56.015535" lon="37.862451">
	<name>Гостиница на Институтской</name>
</wpt>
<wpt lat="55.89387" lon="37.719092">
	<name>Гостиница Герда</name>
</wpt>
<wpt lat="55.75564" lon="37.617984">
	<name>Иверская часовня</name>
</wpt>
<wpt lat="55.775789" lon="37.621374">
	<name>Московское подворье Свято-Троице-Сергиевой Лавры</name>
</wpt>
<wpt lat="55.853122" lon="37.632038">
	<name>Храм Живоначальной Троицы Патриаршее Подворье в Усадьбе Свиблово</name>
</wpt>
<wpt lat="55.901509" lon="37.692227">
	<name>Церковь Благовещения Пресвятой Богородицы</name>
</wpt>
<wpt lat="56.011566" lon="37.814042">
	<name>Дача Маяковского</name>
</wpt>
<wpt lat="56.019763" lon="37.856765">
	<name>Печать сова у Юны</name>
</wpt>
<wpt lat="56.178249" lon="37.902727">
	<name>«Музей-заповедник «Усадьба «Мураново» им. Ф.И.Тютчева», ГУАК Московской обл. Поэт Фёдор Тютчев</name>
</wpt>
<wpt lat="56.210221" lon="37.917983">
	<name>Церковь Иконы Божией Матери Страстная</name>
</wpt>
<wpt lat="56.250754" lon="37.993729">
	<name>Покровский Хотьков ставропигиальный женский монастырь</name>
</wpt>
<wpt lat="56.208569" lon="38.039262">
	<name>Церковь Преображения Господня</name>
</wpt>
<wpt lat="56.22964" lon="38.0616">
	<name>Этнопарк "Кочевник"</name>
</wpt>
<wpt lat="56.282512" lon="38.083658">
	<name>Сергиевский храм</name>
</wpt>
<wpt lat="56.310707" lon="38.133676">
	<name>Архондарик</name>
</wpt>
<wpt lat="55.852371" lon="37.631695">
	<name>Фермерские и монастырские продукты</name>
</wpt>
<wpt lat="55.853809" lon="37.6356">
	<name>Свибловский родник</name>
</wpt>
<wpt lat="55.904814" lon="37.698364">
	<name>Ресторан Аурум</name>
</wpt>
<wpt lat="55.973907" lon="37.696583">
	<name>Пляж Малибу</name>
</wpt>
<wpt lat="55.975817" lon="37.716646">
	<name>пляж</name>
</wpt>
<wpt lat="56.003068" lon="37.816317">
	<name>Родник Ивушка</name>
</wpt>
<wpt lat="56.013626" lon="37.831809">
	<name>Чито-гврито</name>
</wpt>
<wpt lat="56.027874" lon="37.808163">
	<name>учинское водохранилище</name>
</wpt>
<wpt lat="56.126858" lon="37.842302">
	<name>Чистое озеро</name>
</wpt>
<wpt lat="56.176446" lon="37.902834">
	<name>Пруд</name>
</wpt>
<wpt lat="56.175996" lon="37.912812">
	<name>Родник Сергия Радонежского (с серебряной водой)</name>
</wpt>
<wpt lat="56.178549" lon="37.894316">
	<name>Святой источник Казанской иконы Божией Матери</name>
</wpt>
<wpt lat="56.210071" lon="37.909679">
	<name>святой источник</name>
</wpt>
<wpt lat="56.21095" lon="37.927532">
	<name>Сумеречный мост</name>
</wpt>
<wpt lat="56.236549" lon="38.065054">
	<name>Чистое озеро</name>
</wpt>
<wpt lat="56.300643" lon="38.07486">
	<name>пляж</name>
</wpt>
<wpt lat="56.25084" lon="37.973559">
	<name>Хорошо</name>
</wpt>
<wpt lat="55.974101" lon="37.715316">
	<name>Зона Отдыха Подрезово-1</name>
</wpt>
<wpt lat="56.211337" lon="37.927167">
	<name>мост дальше</name>
</wpt>
<wpt lat="56.214341" lon="38.038232">
	<name>Дуб Сергия Радонежского</name>
</wpt>
<wpt lat="56.268586" lon="38.344026">
	<name>Гремячий ключ</name>
</wpt>
<wpt lat="56.303648" lon="38.222425">
	<name>внимание</name>
</wpt>
<wpt lat="56.304785" lon="38.238475">
	<name>идти по просеке</name>
</wpt>
<wpt lat="56.314419" lon="38.245599">
	<name>Переход под дорогой</name>
</wpt>
<wpt lat="56.300922" lon="38.215387">
	<name>Тихие пляжи</name>
</wpt>
<wpt lat="56.315492" lon="38.241372">
	<name>Пруд</name>
</wpt>
<wpt lat="56.265496" lon="38.274524">
	<name>Шильцы. автобус до Сергиева Посада (№37)</name>
</wpt>
<wpt lat="56.307081" lon="38.178952">
	<name>Гефсиманский Черниговский скит</name>
</wpt>
<wpt lat="56.303969" lon="38.196096">
	<name>Пляж</name>
</wpt>
<wpt lat="56.230927" lon="38.061921">
	<name>Кемпинг</name>
</wpt>
<wpt lat="56.236678" lon="38.065119">
	<name>Место для палатки</name>
</wpt>
<wpt lat="55.976933" lon="37.731945">
	<name>благоустройство русла</name>
</wpt>

<trk>
	<name>ДВЛ 20.12.2021</name>
	<trkseg>
		<trkpt lat="55.755898" lon="37.61764">
			<time>1970-01-01T00:00:01Z</time>
		</trkpt>
		<trkpt lat="55.755125" lon="37.619014">
			<time>1970-01-01T00:00:01Z</time>
		</trkpt>
		<trkpt lat="55.75697" lon="37.622254">
			<time>1970-01-01T00:00:01Z</time>
		</trkpt>
		<trkpt lat="55.759309" lon="37.625344">
			<time>1970-01-01T00:00:01Z</time>
		</trkpt>
		<trkpt lat="55.759438" lon="37.625172">
			<time>1970-01-01T00:00:01Z</time>
		</trkpt>
		<trkpt lat="55.759374" lon="37.624807">
			<time>1970-01-01T00:00:01Z</time>
		</trkpt>
		<trkpt lat="55.759696" lon="37.624636">
			<time>1970-01-01T00:00:01Z</time>
		</trkpt>
		<trkpt lat="55.759631" lon="37.623734">
			<time>1970-01-01T00:00:01Z</time>
		</trkpt>
		<trkpt lat="55.762228" lon="37.623541">
			<time>1970-01-01T00:00:01Z</time>
		</trkpt>
		<trkpt lat="55.765961" lon="37.623649">
			<time>1970-01-01T00:00:01Z</time>
		</trkpt>
		<trkpt lat="55.766498" lon="37.623842">
			<time>1970-01-01T00:00:01Z</time>
		</trkpt>
		<trkpt lat="55.766562" lon="37.623455">
			<time>1970-01-01T00:00:01Z</time>
		</trkpt>
		<trkpt lat="55.767098" lon="37.623691">
			<time>1970-01-01T00:00:01Z</time>
		</trkpt>
		<trkpt lat="55.767334" lon="37.621975">
			<time>1970-01-01T00:00:01Z</time>
		</trkpt>
		<trkpt lat="55.773428" lon="37.621288">
			<time>1970-01-01T00:00:01Z</time>
		</trkpt>
		<trkpt lat="55.773428" lon="37.62073">
			<time>1970-01-01T00:00:01Z</time>
		</trkpt>
		<trkpt lat="55.773922" lon="37.620044">
			<time>1970-01-01T00:00:01Z</time>
		</trkpt>
		<trkpt lat="55.774072" lon="37.619915">
			<time>1970-01-01T00:00:01Z</time>
		</trkpt>
		<trkpt lat="55.774995" lon="37.619421">
			<time>1970-01-01T00:00:01Z</time>
		</trkpt>
		<trkpt lat="55.775124" lon="37.619207">
			<time>1970-01-01T00:00:01Z</time>
		</trkpt>
		<trkpt lat="55.776433" lon="37.618778">
			<time>1970-01-01T00:00:01Z</time>
		</trkpt>
		<trkpt lat="55.776647" lon="37.618842">
			<time>1970-01-01T00:00:01Z</time>
		</trkpt>
		<trkpt lat="55.776905" lon="37.619357">
			<time>1970-01-01T00:00:01Z</time>
		</trkpt>
		<trkpt lat="55.777291" lon="37.619336">
			<time>1970-01-01T00:00:01Z</time>
		</trkpt>
		<trkpt lat="55.777977" lon="37.619378">
			<time>1970-01-01T00:00:01Z</time>
		</trkpt>
		<trkpt lat="55.778063" lon="37.619529">
			<time>1970-01-01T00:00:01Z</time>
		</trkpt>
		<trkpt lat="55.778149" lon="37.619529">
			<time>1970-01-01T00:00:01Z</time>
		</trkpt>
		<trkpt lat="55.778235" lon="37.619421">
			<time>1970-01-01T00:00:01Z</time>
		</trkpt>
		<trkpt lat="55.778664" lon="37.619614">
			<time>1970-01-01T00:00:01Z</time>
		</trkpt>
		<trkpt lat="55.778922" lon="37.619657">
			<time>1970-01-01T00:00:01Z</time>
		</trkpt>
		<trkpt lat="55.779651" lon="37.618391">
			<time>1970-01-01T00:00:01Z</time>
		</trkpt>
		<trkpt lat="55.780359" lon="37.618048">
			<time>1970-01-01T00:00:01Z</time>
		</trkpt>
		<trkpt lat="55.780467" lon="37.617941">
			<time>1970-01-01T00:00:01Z</time>
		</trkpt>
		<trkpt lat="55.780617" lon="37.617533">
			<time>1970-01-01T00:00:01Z</time>
		</trkpt>
		<trkpt lat="55.780896" lon="37.617726">
			<time>1970-01-01T00:00:01Z</time>
		</trkpt>
		<trkpt lat="55.781003" lon="37.617469">
			<time>1970-01-01T00:00:01Z</time>
		</trkpt>
		<trkpt lat="55.782226" lon="37.615752">
			<time>1970-01-01T00:00:01Z</time>
		</trkpt>
		<trkpt lat="55.783707" lon="37.619378">
			<time>1970-01-01T00:00:01Z</time>
		</trkpt>
		<trkpt lat="55.7839" lon="37.619185">
			<time>1970-01-01T00:00:01Z</time>
		</trkpt>
		<trkpt lat="55.784093" lon="37.619614">
			<time>1970-01-01T00:00:01Z</time>
		</trkpt>
		<trkpt lat="55.784372" lon="37.619872">
			<time>1970-01-01T00:00:01Z</time>
		</trkpt>
		<trkpt lat="55.784458" lon="37.619722">
			<time>1970-01-01T00:00:01Z</time>
		</trkpt>
		<trkpt lat="55.78478" lon="37.619593">
			<time>1970-01-01T00:00:01Z</time>
		</trkpt>
		<trkpt lat="55.785187" lon="37.6197">
			<time>1970-01-01T00:00:01Z</time>
		</trkpt>
		<trkpt lat="55.785316" lon="37.619593">
			<time>1970-01-01T00:00:01Z</time>
		</trkpt>
		<trkpt lat="55.785702" lon="37.619808">
			<time>1970-01-01T00:00:01Z</time>
		</trkpt>
		<trkpt lat="55.786196" lon="37.619765">
			<time>1970-01-01T00:00:01Z</time>
		</trkpt>
		<trkpt lat="55.786518" lon="37.619915">
			<time>1970-01-01T00:00:01Z</time>
		</trkpt>
		<trkpt lat="55.786603" lon="37.620087">
			<time>1970-01-01T00:00:01Z</time>
		</trkpt>
		<trkpt lat="55.787483" lon="37.620065">
			<time>1970-01-01T00:00:01Z</time>
		</trkpt>
		<trkpt lat="55.787483" lon="37.620602">
			<time>1970-01-01T00:00:01Z</time>
		</trkpt>
		<trkpt lat="55.787719" lon="37.620559">
			<time>1970-01-01T00:00:01Z</time>
		</trkpt>
		<trkpt lat="55.787741" lon="37.620859">
			<time>1970-01-01T00:00:01Z</time>
		</trkpt>
		<trkpt lat="55.788599" lon="37.620902">
			<time>1970-01-01T00:00:01Z</time>
		</trkpt>
		<trkpt lat="55.788663" lon="37.622125">
			<time>1970-01-01T00:00:01Z</time>
		</trkpt>
		<trkpt lat="55.790316" lon="37.62234">
			<time>1970-01-01T00:00:01Z</time>
		</trkpt>
		<trkpt lat="55.790809" lon="37.622318">
			<time>1970-01-01T00:00:01Z</time>
		</trkpt>
		<trkpt lat="55.790874" lon="37.622061">
			<time>1970-01-01T00:00:01Z</time>
		</trkpt>
		<trkpt lat="55.791667" lon="37.622039">
			<time>1970-01-01T00:00:01Z</time>
		</trkpt>
		<trkpt lat="55.791689" lon="37.62073">
			<time>1970-01-01T00:00:01Z</time>
		</trkpt>
		<trkpt lat="55.791861" lon="37.620773">
			<time>1970-01-01T00:00:01Z</time>
		</trkpt>
		<trkpt lat="55.791968" lon="37.62073">
			<time>1970-01-01T00:00:01Z</time>
		</trkpt>
		<trkpt lat="55.792032" lon="37.620494">
			<time>1970-01-01T00:00:01Z</time>
		</trkpt>
		<trkpt lat="55.79214" lon="37.620559">
			<time>1970-01-01T00:00:01Z</time>
		</trkpt>
		<trkpt lat="55.79214" lon="37.619636">
			<time>1970-01-01T00:00:01Z</time>
		</trkpt>
		<trkpt lat="55.792268" lon="37.619572">
			<time>1970-01-01T00:00:01Z</time>
		</trkpt>
		<trkpt lat="55.792418" lon="37.616632">
			<time>1970-01-01T00:00:01Z</time>
		</trkpt>
		<trkpt lat="55.792762" lon="37.616589">
			<time>1970-01-01T00:00:01Z</time>
		</trkpt>
		<trkpt lat="55.793062" lon="37.616417">
			<time>1970-01-01T00:00:01Z</time>
		</trkpt>
		<trkpt lat="55.800529" lon="37.616031">
			<time>1970-01-01T00:00:01Z</time>
		</trkpt>
		<trkpt lat="55.800529" lon="37.615945">
			<time>1970-01-01T00:00:01Z</time>
		</trkpt>
		<trkpt lat="55.800787" lon="37.615924">
			<time>1970-01-01T00:00:01Z</time>
		</trkpt>
		<trkpt lat="55.801023" lon="37.615988">
			<time>1970-01-01T00:00:01Z</time>
		</trkpt>
		<trkpt lat="55.806902" lon="37.615688">
			<time>1970-01-01T00:00:01Z</time>
		</trkpt>
		<trkpt lat="55.807332" lon="37.615945">
			<time>1970-01-01T00:00:01Z</time>
		</trkpt>
		<trkpt lat="55.811923" lon="37.619507">
			<time>1970-01-01T00:00:01Z</time>
		</trkpt>
		<trkpt lat="55.81216" lon="37.619636">
			<time>1970-01-01T00:00:01Z</time>
		</trkpt>
		<trkpt lat="55.812009" lon="37.624442">
			<time>1970-01-01T00:00:01Z</time>
		</trkpt>
		<trkpt lat="55.811773" lon="37.624657">
			<time>1970-01-01T00:00:01Z</time>
		</trkpt>
		<trkpt lat="55.811859" lon="37.625065">
			<time>1970-01-01T00:00:01Z</time>
		</trkpt>
		<trkpt lat="55.812374" lon="37.62485">
			<time>1970-01-01T00:00:01Z</time>
		</trkpt>
		<trkpt lat="55.814928" lon="37.631137">
			<time>1970-01-01T00:00:01Z</time>
		</trkpt>
		<trkpt lat="55.814992" lon="37.63176">
			<time>1970-01-01T00:00:01Z</time>
		</trkpt>
		<trkpt lat="55.814928" lon="37.632296">
			<time>1970-01-01T00:00:01Z</time>
		</trkpt>
		<trkpt lat="55.814777" lon="37.632468">
			<time>1970-01-01T00:00:01Z</time>
		</trkpt>
		<trkpt lat="55.814949" lon="37.632918">
			<time>1970-01-01T00:00:01Z</time>
		</trkpt>
		<trkpt lat="55.815185" lon="37.632811">
			<time>1970-01-01T00:00:01Z</time>
		</trkpt>
		<trkpt lat="55.815829" lon="37.633004">
			<time>1970-01-01T00:00:01Z</time>
		</trkpt>
		<trkpt lat="55.816773" lon="37.6356">
			<time>1970-01-01T00:00:01Z</time>
		</trkpt>
		<trkpt lat="55.817181" lon="37.635901">
			<time>1970-01-01T00:00:01Z</time>
		</trkpt>
		<trkpt lat="55.818168" lon="37.637446">
			<time>1970-01-01T00:00:01Z</time>
		</trkpt>
		<trkpt lat="55.818425" lon="37.638175">
			<time>1970-01-01T00:00:01Z</time>
		</trkpt>
		<trkpt lat="55.818597" lon="37.638068">
			<time>1970-01-01T00:00:01Z</time>
		</trkpt>
		<trkpt lat="55.818811" lon="37.638798">
			<time>1970-01-01T00:00:01Z</time>
		</trkpt>
		<trkpt lat="55.819219" lon="37.639077">
			<time>1970-01-01T00:00:01Z</time>
		</trkpt>
		<trkpt lat="55.819498" lon="37.639077">
			<time>1970-01-01T00:00:01Z</time>
		</trkpt>
		<trkpt lat="55.819498" lon="37.639227">
			<time>1970-01-01T00:00:01Z</time>
		</trkpt>
		<trkpt lat="55.82012" lon="37.639763">
			<time>1970-01-01T00:00:01Z</time>
		</trkpt>
		<trkpt lat="55.819798" lon="37.640793">
			<time>1970-01-01T00:00:01Z</time>
		</trkpt>
		<trkpt lat="55.819605" lon="37.640622">
			<time>1970-01-01T00:00:01Z</time>
		</trkpt>
		<trkpt lat="55.81952" lon="37.640836">
			<time>1970-01-01T00:00:01Z</time>
		</trkpt>
		<trkpt lat="55.818532" lon="37.642059">
			<time>1970-01-01T00:00:01Z</time>
		</trkpt>
		<trkpt lat="55.818361" lon="37.643025">
			<time>1970-01-01T00:00:01Z</time>
		</trkpt>
		<trkpt lat="55.818447" lon="37.643068">
			<time>1970-01-01T00:00:01Z</time>
		</trkpt>
		<trkpt lat="55.818554" lon="37.642982">
			<time>1970-01-01T00:00:01Z</time>
		</trkpt>
		<trkpt lat="55.819026" lon="37.643304">
			<time>1970-01-01T00:00:01Z</time>
		</trkpt>
		<trkpt lat="55.819283" lon="37.64369">
			<time>1970-01-01T00:00:01Z</time>
		</trkpt>
		<trkpt lat="55.818854" lon="37.644784">
			<time>1970-01-01T00:00:01Z</time>
		</trkpt>
		<trkpt lat="55.818168" lon="37.64708">
			<time>1970-01-01T00:00:01Z</time>
		</trkpt>
		<trkpt lat="55.81864" lon="37.647102">
			<time>1970-01-01T00:00:01Z</time>
		</trkpt>
		<trkpt lat="55.820957" lon="37.647445">
			<time>1970-01-01T00:00:01Z</time>
		</trkpt>
		<trkpt lat="55.821687" lon="37.647831">
			<time>1970-01-01T00:00:01Z</time>
		</trkpt>
		<trkpt lat="55.825163" lon="37.651501">
			<time>1970-01-01T00:00:01Z</time>
		</trkpt>
		<trkpt lat="55.825249" lon="37.651436">
			<time>1970-01-01T00:00:01Z</time>
		</trkpt>
		<trkpt lat="55.82748" lon="37.653861">
			<time>1970-01-01T00:00:01Z</time>
		</trkpt>
		<trkpt lat="55.827652" lon="37.653603">
			<time>1970-01-01T00:00:01Z</time>
		</trkpt>
		<trkpt lat="55.828296" lon="37.653861">
			<time>1970-01-01T00:00:01Z</time>
		</trkpt>
		<trkpt lat="55.829004" lon="37.654934">
			<time>1970-01-01T00:00:01Z</time>
		</trkpt>
		<trkpt lat="55.830012" lon="37.65517">
			<time>1970-01-01T00:00:01Z</time>
		</trkpt>
		<trkpt lat="55.830077" lon="37.655341">
			<time>1970-01-01T00:00:01Z</time>
		</trkpt>
		<trkpt lat="55.830227" lon="37.655341">
			<time>1970-01-01T00:00:01Z</time>
		</trkpt>
		<trkpt lat="55.830999" lon="37.656071">
			<time>1970-01-01T00:00:01Z</time>
		</trkpt>
		<trkpt lat="55.831064" lon="37.65605">
			<time>1970-01-01T00:00:01Z</time>
		</trkpt>
		<trkpt lat="55.831128" lon="37.656093">
			<time>1970-01-01T00:00:01Z</time>
		</trkpt>
		<trkpt lat="55.831579" lon="37.655642">
			<time>1970-01-01T00:00:01Z</time>
		</trkpt>
		<trkpt lat="55.832158" lon="37.655384">
			<time>1970-01-01T00:00:01Z</time>
		</trkpt>
		<trkpt lat="55.83278" lon="37.655213">
			<time>1970-01-01T00:00:01Z</time>
		</trkpt>
		<trkpt lat="55.833875" lon="37.653968">
			<time>1970-01-01T00:00:01Z</time>
		</trkpt>
		<trkpt lat="55.83439" lon="37.653775">
			<time>1970-01-01T00:00:01Z</time>
		</trkpt>
		<trkpt lat="55.836299" lon="37.651415">
			<time>1970-01-01T00:00:01Z</time>
		</trkpt>
		<trkpt lat="55.836578" lon="37.650964">
			<time>1970-01-01T00:00:01Z</time>
		</trkpt>
		<trkpt lat="55.836793" lon="37.6509">
			<time>1970-01-01T00:00:01Z</time>
		</trkpt>
		<trkpt lat="55.837394" lon="37.650492">
			<time>1970-01-01T00:00:01Z</time>
		</trkpt>
		<trkpt lat="55.837651" lon="37.650471">
			<time>1970-01-01T00:00:01Z</time>
		</trkpt>
		<trkpt lat="55.838037" lon="37.650299">
			<time>1970-01-01T00:00:01Z</time>
		</trkpt>
		<trkpt lat="55.837995" lon="37.64987">
			<time>1970-01-01T00:00:01Z</time>
		</trkpt>
		<trkpt lat="55.837952" lon="37.64972">
			<time>1970-01-01T00:00:01Z</time>
		</trkpt>
		<trkpt lat="55.837844" lon="37.649591">
			<time>1970-01-01T00:00:01Z</time>
		</trkpt>
		<trkpt lat="55.83778" lon="37.649355">
			<time>1970-01-01T00:00:01Z</time>
		</trkpt>
		<trkpt lat="55.837737" lon="37.648926">
			<time>1970-01-01T00:00:01Z</time>
		</trkpt>
		<trkpt lat="55.83763" lon="37.648561">
			<time>1970-01-01T00:00:01Z</time>
		</trkpt>
		<trkpt lat="55.837909" lon="37.648089">
			<time>1970-01-01T00:00:01Z</time>
		</trkpt>
		<trkpt lat="55.838295" lon="37.647016">
			<time>1970-01-01T00:00:01Z</time>
		</trkpt>
		<trkpt lat="55.838359" lon="37.646587">
			<time>1970-01-01T00:00:01Z</time>
		</trkpt>
		<trkpt lat="55.839261" lon="37.643905">
			<time>1970-01-01T00:00:01Z</time>
		</trkpt>
		<trkpt lat="55.839411" lon="37.643905">
			<time>1970-01-01T00:00:01Z</time>
		</trkpt>
		<trkpt lat="55.840248" lon="37.643497">
			<time>1970-01-01T00:00:01Z</time>
		</trkpt>
		<trkpt lat="55.840741" lon="37.643497">
			<time>1970-01-01T00:00:01Z</time>
		</trkpt>
		<trkpt lat="55.841235" lon="37.643604">
			<time>1970-01-01T00:00:01Z</time>
		</trkpt>
		<trkpt lat="55.841986" lon="37.643432">
			<time>1970-01-01T00:00:01Z</time>
		</trkpt>
		<trkpt lat="55.842093" lon="37.643325">
			<time>1970-01-01T00:00:01Z</time>
		</trkpt>
		<trkpt lat="55.842737" lon="37.64236">
			<time>1970-01-01T00:00:01Z</time>
		</trkpt>
		<trkpt lat="55.842758" lon="37.640321">
			<time>1970-01-01T00:00:01Z</time>
		</trkpt>
		<trkpt lat="55.842973" lon="37.637703">
			<time>1970-01-01T00:00:01Z</time>
		</trkpt>
		<trkpt lat="55.842758" lon="37.637682">
			<time>1970-01-01T00:00:01Z</time>
		</trkpt>
		<trkpt lat="55.842694" lon="37.636309">
			<time>1970-01-01T00:00:01Z</time>
		</trkpt>
		<trkpt lat="55.843123" lon="37.636244">
			<time>1970-01-01T00:00:01Z</time>
		</trkpt>
		<trkpt lat="55.843101" lon="37.635965">
			<time>1970-01-01T00:00:01Z</time>
		</trkpt>
		<trkpt lat="55.845912" lon="37.635579">
			<time>1970-01-01T00:00:01Z</time>
		</trkpt>
		<trkpt lat="55.846148" lon="37.635472">
			<time>1970-01-01T00:00:01Z</time>
		</trkpt>
		<trkpt lat="55.846234" lon="37.635364">
			<time>1970-01-01T00:00:01Z</time>
		</trkpt>
		<trkpt lat="55.846256" lon="37.635085">
			<time>1970-01-01T00:00:01Z</time>
		</trkpt>
		<trkpt lat="55.846449" lon="37.635043">
			<time>1970-01-01T00:00:01Z</time>
		</trkpt>
		<trkpt lat="55.846492" lon="37.634828">
			<time>1970-01-01T00:00:01Z</time>
		</trkpt>
		<trkpt lat="55.846578" lon="37.633476">
			<time>1970-01-01T00:00:01Z</time>
		</trkpt>
		<trkpt lat="55.8469" lon="37.633669">
			<time>1970-01-01T00:00:01Z</time>
		</trkpt>
		<trkpt lat="55.84705" lon="37.633819">
			<time>1970-01-01T00:00:01Z</time>
		</trkpt>
		<trkpt lat="55.847372" lon="37.633712">
			<time>1970-01-01T00:00:01Z</time>
		</trkpt>
		<trkpt lat="55.84808" lon="37.633004">
			<time>1970-01-01T00:00:01Z</time>
		</trkpt>
		<trkpt lat="55.848316" lon="37.632575">
			<time>1970-01-01T00:00:01Z</time>
		</trkpt>
		<trkpt lat="55.848466" lon="37.632425">
			<time>1970-01-01T00:00:01Z</time>
		</trkpt>
		<trkpt lat="55.848788" lon="37.631674">
			<time>1970-01-01T00:00:01Z</time>
		</trkpt>
		<trkpt lat="55.848852" lon="37.631588">
			<time>1970-01-01T00:00:01Z</time>
		</trkpt>
		<trkpt lat="55.848831" lon="37.631481">
			<time>1970-01-01T00:00:01Z</time>
		</trkpt>
		<trkpt lat="55.848959" lon="37.631395">
			<time>1970-01-01T00:00:01Z</time>
		</trkpt>
		<trkpt lat="55.849238" lon="37.631674">
			<time>1970-01-01T00:00:01Z</time>
		</trkpt>
		<trkpt lat="55.849346" lon="37.631652">
			<time>1970-01-01T00:00:01Z</time>
		</trkpt>
		<trkpt lat="55.849517" lon="37.631395">
			<time>1970-01-01T00:00:01Z</time>
		</trkpt>
		<trkpt lat="55.84971" lon="37.63133">
			<time>1970-01-01T00:00:01Z</time>
		</trkpt>
		<trkpt lat="55.849818" lon="37.631416">
			<time>1970-01-01T00:00:01Z</time>
		</trkpt>
		<trkpt lat="55.849925" lon="37.631352">
			<time>1970-01-01T00:00:01Z</time>
		</trkpt>
		<trkpt lat="55.850097" lon="37.63103">
			<time>1970-01-01T00:00:01Z</time>
		</trkpt>
		<trkpt lat="55.850333" lon="37.630386">
			<time>1970-01-01T00:00:01Z</time>
		</trkpt>
		<trkpt lat="55.850676" lon="37.630064">
			<time>1970-01-01T00:00:01Z</time>
		</trkpt>
		<trkpt lat="55.851513" lon="37.630622">
			<time>1970-01-01T00:00:01Z</time>
		</trkpt>
		<trkpt lat="55.852264" lon="37.629914">
			<time>1970-01-01T00:00:01Z</time>
		</trkpt>
		<trkpt lat="55.852307" lon="37.629678">
			<time>1970-01-01T00:00:01Z</time>
		</trkpt>
		<trkpt lat="55.852414" lon="37.629807">
			<time>1970-01-01T00:00:01Z</time>
		</trkpt>
		<trkpt lat="55.852715" lon="37.63">
			<time>1970-01-01T00:00:01Z</time>
		</trkpt>
		<trkpt lat="55.853079" lon="37.630107">
			<time>1970-01-01T00:00:01Z</time>
		</trkpt>
		<trkpt lat="55.853251" lon="37.629957">
			<time>1970-01-01T00:00:01Z</time>
		</trkpt>
		<trkpt lat="55.853981" lon="37.630515">
			<time>1970-01-01T00:00:01Z</time>
		</trkpt>
		<trkpt lat="55.854174" lon="37.631202">
			<time>1970-01-01T00:00:01Z</time>
		</trkpt>
		<trkpt lat="55.854174" lon="37.631781">
			<time>1970-01-01T00:00:01Z</time>
		</trkpt>
		<trkpt lat="55.853938" lon="37.632918">
			<time>1970-01-01T00:00:01Z</time>
		</trkpt>
		<trkpt lat="55.853981" lon="37.633154">
			<time>1970-01-01T00:00:01Z</time>
		</trkpt>
		<trkpt lat="55.853981" lon="37.633412">
			<time>1970-01-01T00:00:01Z</time>
		</trkpt>
		<trkpt lat="55.853916" lon="37.633669">
			<time>1970-01-01T00:00:01Z</time>
		</trkpt>
		<trkpt lat="55.853959" lon="37.634055">
			<time>1970-01-01T00:00:01Z</time>
		</trkpt>
		<trkpt lat="55.853895" lon="37.63457">
			<time>1970-01-01T00:00:01Z</time>
		</trkpt>
		<trkpt lat="55.853766" lon="37.635043">
			<time>1970-01-01T00:00:01Z</time>
		</trkpt>
		<trkpt lat="55.853766" lon="37.635407">
			<time>1970-01-01T00:00:01Z</time>
		</trkpt>
		<trkpt lat="55.85383" lon="37.6356">
			<time>1970-01-01T00:00:01Z</time>
		</trkpt>
		<trkpt lat="55.854624" lon="37.634656">
			<time>1970-01-01T00:00:01Z</time>
		</trkpt>
		<trkpt lat="55.854968" lon="37.634635">
			<time>1970-01-01T00:00:01Z</time>
		</trkpt>
		<trkpt lat="55.855075" lon="37.634699">
			<time>1970-01-01T00:00:01Z</time>
		</trkpt>
		<trkpt lat="55.855375" lon="37.634635">
			<time>1970-01-01T00:00:01Z</time>
		</trkpt>
		<trkpt lat="55.855547" lon="37.634506">
			<time>1970-01-01T00:00:01Z</time>
		</trkpt>
		<trkpt lat="55.855933" lon="37.633755">
			<time>1970-01-01T00:00:01Z</time>
		</trkpt>
		<trkpt lat="55.856255" lon="37.633455">
			<time>1970-01-01T00:00:01Z</time>
		</trkpt>
		<trkpt lat="55.856641" lon="37.633412">
			<time>1970-01-01T00:00:01Z</time>
		</trkpt>
		<trkpt lat="55.856856" lon="37.633262">
			<time>1970-01-01T00:00:01Z</time>
		</trkpt>
		<trkpt lat="55.857049" lon="37.632875">
			<time>1970-01-01T00:00:01Z</time>
		</trkpt>
		<trkpt lat="55.857306" lon="37.632747">
			<time>1970-01-01T00:00:01Z</time>
		</trkpt>
		<trkpt lat="55.857607" lon="37.632167">
			<time>1970-01-01T00:00:01Z</time>
		</trkpt>
		<trkpt lat="55.857736" lon="37.632103">
			<time>1970-01-01T00:00:01Z</time>
		</trkpt>
		<trkpt lat="55.857843" lon="37.632425">
			<time>1970-01-01T00:00:01Z</time>
		</trkpt>
		<trkpt lat="55.8581" lon="37.632682">
			<time>1970-01-01T00:00:01Z</time>
		</trkpt>
		<trkpt lat="55.858251" lon="37.632596">
			<time>1970-01-01T00:00:01Z</time>
		</trkpt>
		<trkpt lat="55.859066" lon="37.632511">
			<time>1970-01-01T00:00:01Z</time>
		</trkpt>
		<trkpt lat="55.859452" lon="37.632575">
			<time>1970-01-01T00:00:01Z</time>
		</trkpt>
		<trkpt lat="55.860632" lon="37.633283">
			<time>1970-01-01T00:00:01Z</time>
		</trkpt>
		<trkpt lat="55.861405" lon="37.634463">
			<time>1970-01-01T00:00:01Z</time>
		</trkpt>
		<trkpt lat="55.862907" lon="37.63294">
			<time>1970-01-01T00:00:01Z</time>
		</trkpt>
		<trkpt lat="55.863122" lon="37.633004">
			<time>1970-01-01T00:00:01Z</time>
		</trkpt>
		<trkpt lat="55.864001" lon="37.634506">
			<time>1970-01-01T00:00:01Z</time>
		</trkpt>
		<trkpt lat="55.864044" lon="37.635536">
			<time>1970-01-01T00:00:01Z</time>
		</trkpt>
		<trkpt lat="55.864516" lon="37.636158">
			<time>1970-01-01T00:00:01Z</time>
		</trkpt>
		<trkpt lat="55.865589" lon="37.637725">
			<time>1970-01-01T00:00:01Z</time>
		</trkpt>
		<trkpt lat="55.86634" lon="37.639205">
			<time>1970-01-01T00:00:01Z</time>
		</trkpt>
		<trkpt lat="55.866104" lon="37.640021">
			<time>1970-01-01T00:00:01Z</time>
		</trkpt>
		<trkpt lat="55.86546" lon="37.641201">
			<time>1970-01-01T00:00:01Z</time>
		</trkpt>
		<trkpt lat="55.865503" lon="37.64178">
			<time>1970-01-01T00:00:01Z</time>
		</trkpt>
		<trkpt lat="55.865675" lon="37.642295">
			<time>1970-01-01T00:00:01Z</time>
		</trkpt>
		<trkpt lat="55.865675" lon="37.645042">
			<time>1970-01-01T00:00:01Z</time>
		</trkpt>
		<trkpt lat="55.865761" lon="37.645171">
			<time>1970-01-01T00:00:01Z</time>
		</trkpt>
		<trkpt lat="55.866104" lon="37.645192">
			<time>1970-01-01T00:00:01Z</time>
		</trkpt>
		<trkpt lat="55.866834" lon="37.646973">
			<time>1970-01-01T00:00:01Z</time>
		</trkpt>
		<trkpt lat="55.866834" lon="37.647166">
			<time>1970-01-01T00:00:01Z</time>
		</trkpt>
		<trkpt lat="55.866984" lon="37.647681">
			<time>1970-01-01T00:00:01Z</time>
		</trkpt>
		<trkpt lat="55.867241" lon="37.647788">
			<time>1970-01-01T00:00:01Z</time>
		</trkpt>
		<trkpt lat="55.867456" lon="37.647724">
			<time>1970-01-01T00:00:01Z</time>
		</trkpt>
		<trkpt lat="55.86855" lon="37.648797">
			<time>1970-01-01T00:00:01Z</time>
		</trkpt>
		<trkpt lat="55.868722" lon="37.649441">
			<time>1970-01-01T00:00:01Z</time>
		</trkpt>
		<trkpt lat="55.8684" lon="37.650127">
			<time>1970-01-01T00:00:01Z</time>
		</trkpt>
		<trkpt lat="55.868464" lon="37.650299">
			<time>1970-01-01T00:00:01Z</time>
		</trkpt>
		<trkpt lat="55.86973" lon="37.651028">
			<time>1970-01-01T00:00:01Z</time>
		</trkpt>
		<trkpt lat="55.870181" lon="37.651694">
			<time>1970-01-01T00:00:01Z</time>
		</trkpt>
		<trkpt lat="55.870374" lon="37.652273">
			<time>1970-01-01T00:00:01Z</time>
		</trkpt>
		<trkpt lat="55.870524" lon="37.65296">
			<time>1970-01-01T00:00:01Z</time>
		</trkpt>
		<trkpt lat="55.870589" lon="37.653582">
			<time>1970-01-01T00:00:01Z</time>
		</trkpt>
		<trkpt lat="55.870589" lon="37.654054">
			<time>1970-01-01T00:00:01Z</time>
		</trkpt>
		<trkpt lat="55.870932" lon="37.654998">
			<time>1970-01-01T00:00:01Z</time>
		</trkpt>
		<trkpt lat="55.871211" lon="37.655599">
			<time>1970-01-01T00:00:01Z</time>
		</trkpt>
		<trkpt lat="55.871318" lon="37.65665">
			<time>1970-01-01T00:00:01Z</time>
		</trkpt>
		<trkpt lat="55.871404" lon="37.656929">
			<time>1970-01-01T00:00:01Z</time>
		</trkpt>
		<trkpt lat="55.871554" lon="37.657122">
			<time>1970-01-01T00:00:01Z</time>
		</trkpt>
		<trkpt lat="55.871769" lon="37.657273">
			<time>1970-01-01T00:00:01Z</time>
		</trkpt>
		<trkpt lat="55.871833" lon="37.65708">
			<time>1970-01-01T00:00:01Z</time>
		</trkpt>
		<trkpt lat="55.872713" lon="37.658281">
			<time>1970-01-01T00:00:01Z</time>
		</trkpt>
		<trkpt lat="55.873378" lon="37.658861">
			<time>1970-01-01T00:00:01Z</time>
		</trkpt>
		<trkpt lat="55.873786" lon="37.658753">
			<time>1970-01-01T00:00:01Z</time>
		</trkpt>
		<trkpt lat="55.874043" lon="37.658818">
			<time>1970-01-01T00:00:01Z</time>
		</trkpt>
		<trkpt lat="55.874344" lon="37.658582">
			<time>1970-01-01T00:00:01Z</time>
		</trkpt>
		<trkpt lat="55.874494" lon="37.658346">
			<time>1970-01-01T00:00:01Z</time>
		</trkpt>
		<trkpt lat="55.874644" lon="37.657959">
			<time>1970-01-01T00:00:01Z</time>
		</trkpt>
		<trkpt lat="55.874794" lon="37.657938">
			<time>1970-01-01T00:00:01Z</time>
		</trkpt>
		<trkpt lat="55.875352" lon="37.657637">
			<time>1970-01-01T00:00:01Z</time>
		</trkpt>
		<trkpt lat="55.878657" lon="37.657444">
			<time>1970-01-01T00:00:01Z</time>
		</trkpt>
		<trkpt lat="55.879386" lon="37.657573">
			<time>1970-01-01T00:00:01Z</time>
		</trkpt>
		<trkpt lat="55.879773" lon="37.657766">
			<time>1970-01-01T00:00:01Z</time>
		</trkpt>
		<trkpt lat="55.880245" lon="37.658217">
			<time>1970-01-01T00:00:01Z</time>
		</trkpt>
		<trkpt lat="55.88076" lon="37.659054">
			<time>1970-01-01T00:00:01Z</time>
		</trkpt>
		<trkpt lat="55.880931" lon="37.658732">
			<time>1970-01-01T00:00:01Z</time>
		</trkpt>
		<trkpt lat="55.881039" lon="37.658882">
			<time>1970-01-01T00:00:01Z</time>
		</trkpt>
		<trkpt lat="55.881618" lon="37.660835">
			<time>1970-01-01T00:00:01Z</time>
		</trkpt>
		<trkpt lat="55.88179" lon="37.66165">
			<time>1970-01-01T00:00:01Z</time>
		</trkpt>
		<trkpt lat="55.882133" lon="37.662787">
			<time>1970-01-01T00:00:01Z</time>
		</trkpt>
		<trkpt lat="55.882176" lon="37.663388">
			<time>1970-01-01T00:00:01Z</time>
		</trkpt>
		<trkpt lat="55.882176" lon="37.664053">
			<time>1970-01-01T00:00:01Z</time>
		</trkpt>
		<trkpt lat="55.88224" lon="37.664182">
			<time>1970-01-01T00:00:01Z</time>
		</trkpt>
		<trkpt lat="55.882412" lon="37.664311">
			<time>1970-01-01T00:00:01Z</time>
		</trkpt>
		<trkpt lat="55.882541" lon="37.664933">
			<time>1970-01-01T00:00:01Z</time>
		</trkpt>
		<trkpt lat="55.882412" lon="37.665663">
			<time>1970-01-01T00:00:01Z</time>
		</trkpt>
		<trkpt lat="55.882283" lon="37.66607">
			<time>1970-01-01T00:00:01Z</time>
		</trkpt>
		<trkpt lat="55.88224" lon="37.6668">
			<time>1970-01-01T00:00:01Z</time>
		</trkpt>
		<trkpt lat="55.882112" lon="37.667959">
			<time>1970-01-01T00:00:01Z</time>
		</trkpt>
		<trkpt lat="55.882069" lon="37.669203">
			<time>1970-01-01T00:00:01Z</time>
		</trkpt>
		<trkpt lat="55.882176" lon="37.670104">
			<time>1970-01-01T00:00:01Z</time>
		</trkpt>
		<trkpt lat="55.882154" lon="37.670705">
			<time>1970-01-01T00:00:01Z</time>
		</trkpt>
		<trkpt lat="55.882176" lon="37.671413">
			<time>1970-01-01T00:00:01Z</time>
		</trkpt>
		<trkpt lat="55.882305" lon="37.671993">
			<time>1970-01-01T00:00:01Z</time>
		</trkpt>
		<trkpt lat="55.882562" lon="37.672529">
			<time>1970-01-01T00:00:01Z</time>
		</trkpt>
		<trkpt lat="55.882669" lon="37.673108">
			<time>1970-01-01T00:00:01Z</time>
		</trkpt>
		<trkpt lat="55.882991" lon="37.673623">
			<time>1970-01-01T00:00:01Z</time>
		</trkpt>
		<trkpt lat="55.883099" lon="37.673731">
			<time>1970-01-01T00:00:01Z</time>
		</trkpt>
		<trkpt lat="55.883292" lon="37.673259">
			<time>1970-01-01T00:00:01Z</time>
		</trkpt>
		<trkpt lat="55.883399" lon="37.673237">
			<time>1970-01-01T00:00:01Z</time>
		</trkpt>
		<trkpt lat="55.883549" lon="37.673323">
			<time>1970-01-01T00:00:01Z</time>
		</trkpt>
		<trkpt lat="55.883699" lon="37.673602">
			<time>1970-01-01T00:00:01Z</time>
		</trkpt>
		<trkpt lat="55.883785" lon="37.67401">
			<time>1970-01-01T00:00:01Z</time>
		</trkpt>
		<trkpt lat="55.883678" lon="37.674289">
			<time>1970-01-01T00:00:01Z</time>
		</trkpt>
		<trkpt lat="55.884129" lon="37.674954">
			<time>1970-01-01T00:00:01Z</time>
		</trkpt>
		<trkpt lat="55.884021" lon="37.676349">
			<time>1970-01-01T00:00:01Z</time>
		</trkpt>
		<trkpt lat="55.883893" lon="37.676906">
			<time>1970-01-01T00:00:01Z</time>
		</trkpt>
		<trkpt lat="55.883935" lon="37.677271">
			<time>1970-01-01T00:00:01Z</time>
		</trkpt>
		<trkpt lat="55.884729" lon="37.679288">
			<time>1970-01-01T00:00:01Z</time>
		</trkpt>
		<trkpt lat="55.884944" lon="37.67961">
			<time>1970-01-01T00:00:01Z</time>
		</trkpt>
		<trkpt lat="55.885116" lon="37.679632">
			<time>1970-01-01T00:00:01Z</time>
		</trkpt>
		<trkpt lat="55.885287" lon="37.679782">
			<time>1970-01-01T00:00:01Z</time>
		</trkpt>
		<trkpt lat="55.885609" lon="37.680189">
			<time>1970-01-01T00:00:01Z</time>
		</trkpt>
		<trkpt lat="55.885888" lon="37.680318">
			<time>1970-01-01T00:00:01Z</time>
		</trkpt>
		<trkpt lat="55.886253" lon="37.680554">
			<time>1970-01-01T00:00:01Z</time>
		</trkpt>
		<trkpt lat="55.886446" lon="37.68094">
			<time>1970-01-01T00:00:01Z</time>
		</trkpt>
		<trkpt lat="55.886789" lon="37.680147">
			<time>1970-01-01T00:00:01Z</time>
		</trkpt>
		<trkpt lat="55.886897" lon="37.680018">
			<time>1970-01-01T00:00:01Z</time>
		</trkpt>
		<trkpt lat="55.886982" lon="37.679975">
			<time>1970-01-01T00:00:01Z</time>
		</trkpt>
		<trkpt lat="55.88709" lon="37.679567">
			<time>1970-01-01T00:00:01Z</time>
		</trkpt>
		<trkpt lat="55.887283" lon="37.679589">
			<time>1970-01-01T00:00:01Z</time>
		</trkpt>
		<trkpt lat="55.887476" lon="37.679932">
			<time>1970-01-01T00:00:01Z</time>
		</trkpt>
		<trkpt lat="55.887519" lon="37.680104">
			<time>1970-01-01T00:00:01Z</time>
		</trkpt>
		<trkpt lat="55.887455" lon="37.68034">
			<time>1970-01-01T00:00:01Z</time>
		</trkpt>
		<trkpt lat="55.887455" lon="37.680597">
			<time>1970-01-01T00:00:01Z</time>
		</trkpt>
		<trkpt lat="55.887562" lon="37.68079">
			<time>1970-01-01T00:00:01Z</time>
		</trkpt>
		<trkpt lat="55.887691" lon="37.680876">
			<time>1970-01-01T00:00:01Z</time>
		</trkpt>
		<trkpt lat="55.887712" lon="37.68152">
			<time>1970-01-01T00:00:01Z</time>
		</trkpt>
		<trkpt lat="55.888334" lon="37.682035">
			<time>1970-01-01T00:00:01Z</time>
		</trkpt>
		<trkpt lat="55.889278" lon="37.682936">
			<time>1970-01-01T00:00:01Z</time>
		</trkpt>
		<trkpt lat="55.889987" lon="37.683387">
			<time>1970-01-01T00:00:01Z</time>
		</trkpt>
		<trkpt lat="55.890265" lon="37.683751">
			<time>1970-01-01T00:00:01Z</time>
		</trkpt>
		<trkpt lat="55.890866" lon="37.684331">
			<time>1970-01-01T00:00:01Z</time>
		</trkpt>
		<trkpt lat="55.891446" lon="37.684631">
			<time>1970-01-01T00:00:01Z</time>
		</trkpt>
		<trkpt lat="55.892004" lon="37.684846">
			<time>1970-01-01T00:00:01Z</time>
		</trkpt>
		<trkpt lat="55.892733" lon="37.684975">
			<time>1970-01-01T00:00:01Z</time>
		</trkpt>
		<trkpt lat="55.894021" lon="37.68506">
			<time>1970-01-01T00:00:01Z</time>
		</trkpt>
		<trkpt lat="55.894643" lon="37.685039">
			<time>1970-01-01T00:00:01Z</time>
		</trkpt>
		<trkpt lat="55.895072" lon="37.685103">
			<time>1970-01-01T00:00:01Z</time>
		</trkpt>
		<trkpt lat="55.895158" lon="37.684932">
			<time>1970-01-01T00:00:01Z</time>
		</trkpt>
		<trkpt lat="55.895351" lon="37.684953">
			<time>1970-01-01T00:00:01Z</time>
		</trkpt>
		<trkpt lat="55.895415" lon="37.685103">
			<time>1970-01-01T00:00:01Z</time>
		</trkpt>
		<trkpt lat="55.896123" lon="37.685253">
			<time>1970-01-01T00:00:01Z</time>
		</trkpt>
		<trkpt lat="55.89681" lon="37.685232">
			<time>1970-01-01T00:00:01Z</time>
		</trkpt>
		<trkpt lat="55.896982" lon="37.685425">
			<time>1970-01-01T00:00:01Z</time>
		</trkpt>
		<trkpt lat="55.897389" lon="37.686112">
			<time>1970-01-01T00:00:01Z</time>
		</trkpt>
		<trkpt lat="55.897454" lon="37.686477">
			<time>1970-01-01T00:00:01Z</time>
		</trkpt>
		<trkpt lat="55.89799" lon="37.686798">
			<time>1970-01-01T00:00:01Z</time>
		</trkpt>
		<trkpt lat="55.898677" lon="37.687764">
			<time>1970-01-01T00:00:01Z</time>
		</trkpt>
		<trkpt lat="55.899471" lon="37.689309">
			<time>1970-01-01T00:00:01Z</time>
		</trkpt>
		<trkpt lat="55.899557" lon="37.689824">
			<time>1970-01-01T00:00:01Z</time>
		</trkpt>
		<trkpt lat="55.900415" lon="37.690983">
			<time>1970-01-01T00:00:01Z</time>
		</trkpt>
		<trkpt lat="55.900436" lon="37.69109">
			<time>1970-01-01T00:00:01Z</time>
		</trkpt>
		<trkpt lat="55.900801" lon="37.691583">
			<time>1970-01-01T00:00:01Z</time>
		</trkpt>
		<trkpt lat="55.901059" lon="37.692077">
			<time>1970-01-01T00:00:01Z</time>
		</trkpt>
		<trkpt lat="55.901209" lon="37.692571">
			<time>1970-01-01T00:00:01Z</time>
		</trkpt>
		<trkpt lat="55.901252" lon="37.693322">
			<time>1970-01-01T00:00:01Z</time>
		</trkpt>
		<trkpt lat="55.90108" lon="37.694459">
			<time>1970-01-01T00:00:01Z</time>
		</trkpt>
		<trkpt lat="55.901123" lon="37.694695">
			<time>1970-01-01T00:00:01Z</time>
		</trkpt>
		<trkpt lat="55.90196" lon="37.695231">
			<time>1970-01-01T00:00:01Z</time>
		</trkpt>
		<trkpt lat="55.902647" lon="37.696025">
			<time>1970-01-01T00:00:01Z</time>
		</trkpt>
		<trkpt lat="55.90284" lon="37.696411">
			<time>1970-01-01T00:00:01Z</time>
		</trkpt>
		<trkpt lat="55.903011" lon="37.697012">
			<time>1970-01-01T00:00:01Z</time>
		</trkpt>
		<trkpt lat="55.903119" lon="37.696991">
			<time>1970-01-01T00:00:01Z</time>
		</trkpt>
		<trkpt lat="55.903162" lon="37.69712">
			<time>1970-01-01T00:00:01Z</time>
		</trkpt>
		<trkpt lat="55.903719" lon="37.697785">
			<time>1970-01-01T00:00:01Z</time>
		</trkpt>
		<trkpt lat="55.904385" lon="37.698343">
			<time>1970-01-01T00:00:01Z</time>
		</trkpt>
		<trkpt lat="55.906187" lon="37.699416">
			<time>1970-01-01T00:00:01Z</time>
		</trkpt>
		<trkpt lat="55.906359" lon="37.698471">
			<time>1970-01-01T00:00:01Z</time>
		</trkpt>
		<trkpt lat="55.906316" lon="37.697956">
			<time>1970-01-01T00:00:01Z</time>
		</trkpt>
		<trkpt lat="55.906509" lon="37.69772">
			<time>1970-01-01T00:00:01Z</time>
		</trkpt>
		<trkpt lat="55.906852" lon="37.697935">
			<time>1970-01-01T00:00:01Z</time>
		</trkpt>
		<trkpt lat="55.907346" lon="37.698793">
			<time>1970-01-01T00:00:01Z</time>
		</trkpt>
		<trkpt lat="55.907925" lon="37.699523">
			<time>1970-01-01T00:00:01Z</time>
		</trkpt>
		<trkpt lat="55.90844" lon="37.699566">
			<time>1970-01-01T00:00:01Z</time>
		</trkpt>
		<trkpt lat="55.908633" lon="37.699501">
			<time>1970-01-01T00:00:01Z</time>
		</trkpt>
		<trkpt lat="55.908805" lon="37.699544">
			<time>1970-01-01T00:00:01Z</time>
		</trkpt>
		<trkpt lat="55.908912" lon="37.69963">
			<time>1970-01-01T00:00:01Z</time>
		</trkpt>
		<trkpt lat="55.909148" lon="37.699008">
			<time>1970-01-01T00:00:01Z</time>
		</trkpt>
		<trkpt lat="55.90917" lon="37.698858">
			<time>1970-01-01T00:00:01Z</time>
		</trkpt>
		<trkpt lat="55.909363" lon="37.698772">
			<time>1970-01-01T00:00:01Z</time>
		</trkpt>
		<trkpt lat="55.909749" lon="37.699845">
			<time>1970-01-01T00:00:01Z</time>
		</trkpt>
		<trkpt lat="55.910092" lon="37.700317">
			<time>1970-01-01T00:00:01Z</time>
		</trkpt>
		<trkpt lat="55.910543" lon="37.70036">
			<time>1970-01-01T00:00:01Z</time>
		</trkpt>
		<trkpt lat="55.911616" lon="37.700188">
			<time>1970-01-01T00:00:01Z</time>
		</trkpt>
		<trkpt lat="55.911916" lon="37.700338">
			<time>1970-01-01T00:00:01Z</time>
		</trkpt>
		<trkpt lat="55.912624" lon="37.700081">
			<time>1970-01-01T00:00:01Z</time>
		</trkpt>
		<trkpt lat="55.912753" lon="37.700188">
			<time>1970-01-01T00:00:01Z</time>
		</trkpt>
		<trkpt lat="55.912925" lon="37.700467">
			<time>1970-01-01T00:00:01Z</time>
		</trkpt>
		<trkpt lat="55.913311" lon="37.700724">
			<time>1970-01-01T00:00:01Z</time>
		</trkpt>
		<trkpt lat="55.914277" lon="37.701948">
			<time>1970-01-01T00:00:01Z</time>
		</trkpt>
		<trkpt lat="55.91447" lon="37.702312">
			<time>1970-01-01T00:00:01Z</time>
		</trkpt>
		<trkpt lat="55.915049" lon="37.703042">
			<time>1970-01-01T00:00:01Z</time>
		</trkpt>
		<trkpt lat="55.9155" lon="37.703514">
			<time>1970-01-01T00:00:01Z</time>
		</trkpt>
		<trkpt lat="55.916337" lon="37.703943">
			<time>1970-01-01T00:00:01Z</time>
		</trkpt>
		<trkpt lat="55.916701" lon="37.704222">
			<time>1970-01-01T00:00:01Z</time>
		</trkpt>
		<trkpt lat="55.917173" lon="37.704651">
			<time>1970-01-01T00:00:01Z</time>
		</trkpt>
		<trkpt lat="55.918096" lon="37.705316">
			<time>1970-01-01T00:00:01Z</time>
		</trkpt>
		<trkpt lat="55.918847" lon="37.705531">
			<time>1970-01-01T00:00:01Z</time>
		</trkpt>
		<trkpt lat="55.919169" lon="37.705467">
			<time>1970-01-01T00:00:01Z</time>
		</trkpt>
		<trkpt lat="55.919834" lon="37.705188">
			<time>1970-01-01T00:00:01Z</time>
		</trkpt>
		<trkpt lat="55.920478" lon="37.70508">
			<time>1970-01-01T00:00:01Z</time>
		</trkpt>
		<trkpt lat="55.920671" lon="37.705123">
			<time>1970-01-01T00:00:01Z</time>
		</trkpt>
		<trkpt lat="55.920993" lon="37.704973">
			<time>1970-01-01T00:00:01Z</time>
		</trkpt>
		<trkpt lat="55.92125" lon="37.705617">
			<time>1970-01-01T00:00:01Z</time>
		</trkpt>
		<trkpt lat="55.921422" lon="37.707269">
			<time>1970-01-01T00:00:01Z</time>
		</trkpt>
		<trkpt lat="55.922023" lon="37.707398">
			<time>1970-01-01T00:00:01Z</time>
		</trkpt>
		<trkpt lat="55.922323" lon="37.707076">
			<time>1970-01-01T00:00:01Z</time>
		</trkpt>
		<trkpt lat="55.922473" lon="37.707291">
			<time>1970-01-01T00:00:01Z</time>
		</trkpt>
		<trkpt lat="55.922752" lon="37.707333">
			<time>1970-01-01T00:00:01Z</time>
		</trkpt>
		<trkpt lat="55.922903" lon="37.707119">
			<time>1970-01-01T00:00:01Z</time>
		</trkpt>
		<trkpt lat="55.923267" lon="37.707569">
			<time>1970-01-01T00:00:01Z</time>
		</trkpt>
		<trkpt lat="55.934404" lon="37.708042">
			<time>1970-01-01T00:00:01Z</time>
		</trkpt>
		<trkpt lat="55.934704" lon="37.708342">
			<time>1970-01-01T00:00:01Z</time>
		</trkpt>
		<trkpt lat="55.935112" lon="37.70802">
			<time>1970-01-01T00:00:01Z</time>
		</trkpt>
		<trkpt lat="55.935584" lon="37.708342">
			<time>1970-01-01T00:00:01Z</time>
		</trkpt>
		<trkpt lat="55.93597" lon="37.708042">
			<time>1970-01-01T00:00:01Z</time>
		</trkpt>
		<trkpt lat="55.939725" lon="37.70817">
			<time>1970-01-01T00:00:01Z</time>
		</trkpt>
		<trkpt lat="55.939961" lon="37.707956">
			<time>1970-01-01T00:00:01Z</time>
		</trkpt>
		<trkpt lat="55.940197" lon="37.708192">
			<time>1970-01-01T00:00:01Z</time>
		</trkpt>
		<trkpt lat="55.955089" lon="37.708621">
			<time>1970-01-01T00:00:01Z</time>
		</trkpt>
		<trkpt lat="55.955561" lon="37.7089">
			<time>1970-01-01T00:00:01Z</time>
		</trkpt>
		<trkpt lat="55.956162" lon="37.708621">
			<time>1970-01-01T00:00:01Z</time>
		</trkpt>
		<trkpt lat="55.957621" lon="37.708578">
			<time>1970-01-01T00:00:01Z</time>
		</trkpt>
		<trkpt lat="55.957728" lon="37.708192">
			<time>1970-01-01T00:00:01Z</time>
		</trkpt>
		<trkpt lat="55.958694" lon="37.706389">
			<time>1970-01-01T00:00:01Z</time>
		</trkpt>
		<trkpt lat="55.959552" lon="37.705982">
			<time>1970-01-01T00:00:01Z</time>
		</trkpt>
		<trkpt lat="55.959874" lon="37.705531">
			<time>1970-01-01T00:00:01Z</time>
		</trkpt>
		<trkpt lat="55.960303" lon="37.705703">
			<time>1970-01-01T00:00:01Z</time>
		</trkpt>
		<trkpt lat="55.960454" lon="37.707956">
			<time>1970-01-01T00:00:01Z</time>
		</trkpt>
		<trkpt lat="55.960926" lon="37.708728">
			<time>1970-01-01T00:00:01Z</time>
		</trkpt>
		<trkpt lat="55.961376" lon="37.709329">
			<time>1970-01-01T00:00:01Z</time>
		</trkpt>
		<trkpt lat="55.965045" lon="37.709458">
			<time>1970-01-01T00:00:01Z</time>
		</trkpt>
		<trkpt lat="55.967062" lon="37.710788">
			<time>1970-01-01T00:00:01Z</time>
		</trkpt>
		<trkpt lat="55.968715" lon="37.711818">
			<time>1970-01-01T00:00:01Z</time>
		</trkpt>
		<trkpt lat="55.969251" lon="37.71229">
			<time>1970-01-01T00:00:01Z</time>
		</trkpt>
		<trkpt lat="55.969187" lon="37.712698">
			<time>1970-01-01T00:00:01Z</time>
		</trkpt>
		<trkpt lat="55.969316" lon="37.712934">
			<time>1970-01-01T00:00:01Z</time>
		</trkpt>
		<trkpt lat="55.969616" lon="37.713084">
			<time>1970-01-01T00:00:01Z</time>
		</trkpt>
		<trkpt lat="55.969723" lon="37.713063">
			<time>1970-01-01T00:00:01Z</time>
		</trkpt>
		<trkpt lat="55.970388" lon="37.714436">
			<time>1970-01-01T00:00:01Z</time>
		</trkpt>
		<trkpt lat="55.970732" lon="37.714715">
			<time>1970-01-01T00:00:01Z</time>
		</trkpt>
		<trkpt lat="55.970839" lon="37.714586">
			<time>1970-01-01T00:00:01Z</time>
		</trkpt>
		<trkpt lat="55.972384" lon="37.715251">
			<time>1970-01-01T00:00:01Z</time>
		</trkpt>
		<trkpt lat="55.973221" lon="37.715552">
			<time>1970-01-01T00:00:01Z</time>
		</trkpt>
		<trkpt lat="55.975066" lon="37.716303">
			<time>1970-01-01T00:00:01Z</time>
		</trkpt>
		<trkpt lat="55.975088" lon="37.716818">
			<time>1970-01-01T00:00:01Z</time>
		</trkpt>
		<trkpt lat="55.975967" lon="37.718427">
			<time>1970-01-01T00:00:01Z</time>
		</trkpt>
		<trkpt lat="55.976375" lon="37.718856">
			<time>1970-01-01T00:00:01Z</time>
		</trkpt>
		<trkpt lat="55.977019" lon="37.720895">
			<time>1970-01-01T00:00:01Z</time>
		</trkpt>
		<trkpt lat="55.97689" lon="37.721882">
			<time>1970-01-01T00:00:01Z</time>
		</trkpt>
		<trkpt lat="55.976933" lon="37.722397">
			<time>1970-01-01T00:00:01Z</time>
		</trkpt>
		<trkpt lat="55.97704" lon="37.722933">
			<time>1970-01-01T00:00:01Z</time>
		</trkpt>
		<trkpt lat="55.976997" lon="37.723341">
			<time>1970-01-01T00:00:01Z</time>
		</trkpt>
		<trkpt lat="55.976697" lon="37.72465">
			<time>1970-01-01T00:00:01Z</time>
		</trkpt>
		<trkpt lat="55.976568" lon="37.724671">
			<time>1970-01-01T00:00:01Z</time>
		</trkpt>
		<trkpt lat="55.975796" lon="37.72834">
			<time>1970-01-01T00:00:01Z</time>
		</trkpt>
		<trkpt lat="55.97586" lon="37.728598">
			<time>1970-01-01T00:00:01Z</time>
		</trkpt>
		<trkpt lat="55.976246" lon="37.729456">
			<time>1970-01-01T00:00:01Z</time>
		</trkpt>
		<trkpt lat="55.976225" lon="37.729778">
			<time>1970-01-01T00:00:01Z</time>
		</trkpt>
		<trkpt lat="55.976075" lon="37.730036">
			<time>1970-01-01T00:00:01Z</time>
		</trkpt>
		<trkpt lat="55.975774" lon="37.730701">
			<time>1970-01-01T00:00:01Z</time>
		</trkpt>
		<trkpt lat="55.976418" lon="37.731151">
			<time>1970-01-01T00:00:01Z</time>
		</trkpt>
		<trkpt lat="55.976847" lon="37.731516">
			<time>1970-01-01T00:00:01Z</time>
		</trkpt>
		<trkpt lat="55.977019" lon="37.731538">
			<time>1970-01-01T00:00:01Z</time>
		</trkpt>
		<trkpt lat="55.976933" lon="37.731945">
			<time>1970-01-01T00:00:01Z</time>
		</trkpt>
		<trkpt lat="55.976847" lon="37.733662">
			<time>1970-01-01T00:00:01Z</time>
		</trkpt>
		<trkpt lat="55.97674" lon="37.733898">
			<time>1970-01-01T00:00:01Z</time>
		</trkpt>
		<trkpt lat="55.976547" lon="37.733898">
			<time>1970-01-01T00:00:01Z</time>
		</trkpt>
		<trkpt lat="55.976053" lon="37.733447">
			<time>1970-01-01T00:00:01Z</time>
		</trkpt>
		<trkpt lat="55.975753" lon="37.734113">
			<time>1970-01-01T00:00:01Z</time>
		</trkpt>
		<trkpt lat="55.975688" lon="37.735143">
			<time>1970-01-01T00:00:01Z</time>
		</trkpt>
		<trkpt lat="55.975796" lon="37.735722">
			<time>1970-01-01T00:00:01Z</time>
		</trkpt>
		<trkpt lat="55.975946" lon="37.736237">
			<time>1970-01-01T00:00:01Z</time>
		</trkpt>
		<trkpt lat="55.975924" lon="37.736666">
			<time>1970-01-01T00:00:01Z</time>
		</trkpt>
		<trkpt lat="55.975989" lon="37.737632">
			<time>1970-01-01T00:00:01Z</time>
		</trkpt>
		<trkpt lat="55.975946" lon="37.738297">
			<time>1970-01-01T00:00:01Z</time>
		</trkpt>
		<trkpt lat="55.97556" lon="37.740657">
			<time>1970-01-01T00:00:01Z</time>
		</trkpt>
		<trkpt lat="55.975646" lon="37.741129">
			<time>1970-01-01T00:00:01Z</time>
		</trkpt>
		<trkpt lat="55.975452" lon="37.741837">
			<time>1970-01-01T00:00:01Z</time>
		</trkpt>
		<trkpt lat="55.975774" lon="37.742224">
			<time>1970-01-01T00:00:01Z</time>
		</trkpt>
		<trkpt lat="55.976161" lon="37.742567">
			<time>1970-01-01T00:00:01Z</time>
		</trkpt>
		<trkpt lat="55.976161" lon="37.74276">
			<time>1970-01-01T00:00:01Z</time>
		</trkpt>
		<trkpt lat="55.976654" lon="37.74349">
			<time>1970-01-01T00:00:01Z</time>
		</trkpt>
		<trkpt lat="55.975431" lon="37.746537">
			<time>1970-01-01T00:00:01Z</time>
		</trkpt>
		<trkpt lat="55.974852" lon="37.747695">
			<time>1970-01-01T00:00:01Z</time>
		</trkpt>
		<trkpt lat="55.974551" lon="37.748082">
			<time>1970-01-01T00:00:01Z</time>
		</trkpt>
		<trkpt lat="55.974294" lon="37.748253">
			<time>1970-01-01T00:00:01Z</time>
		</trkpt>
		<trkpt lat="55.974058" lon="37.748532">
			<time>1970-01-01T00:00:01Z</time>
		</trkpt>
		<trkpt lat="55.973822" lon="37.749605">
			<time>1970-01-01T00:00:01Z</time>
		</trkpt>
		<trkpt lat="55.973822" lon="37.750678">
			<time>1970-01-01T00:00:01Z</time>
		</trkpt>
		<trkpt lat="55.974144" lon="37.753253">
			<time>1970-01-01T00:00:01Z</time>
		</trkpt>
		<trkpt lat="55.974122" lon="37.753854">
			<time>1970-01-01T00:00:01Z</time>
		</trkpt>
		<trkpt lat="55.974251" lon="37.754283">
			<time>1970-01-01T00:00:01Z</time>
		</trkpt>
		<trkpt lat="55.974744" lon="37.754133">
			<time>1970-01-01T00:00:01Z</time>
		</trkpt>
		<trkpt lat="55.974895" lon="37.753832">
			<time>1970-01-01T00:00:01Z</time>
		</trkpt>
		<trkpt lat="55.975796" lon="37.753167">
			<time>1970-01-01T00:00:01Z</time>
		</trkpt>
		<trkpt lat="55.976246" lon="37.753081">
			<time>1970-01-01T00:00:01Z</time>
		</trkpt>
		<trkpt lat="55.97704" lon="37.753425">
			<time>1970-01-01T00:00:01Z</time>
		</trkpt>
		<trkpt lat="55.977427" lon="37.753425">
			<time>1970-01-01T00:00:01Z</time>
		</trkpt>
		<trkpt lat="55.977384" lon="37.754841">
			<time>1970-01-01T00:00:01Z</time>
		</trkpt>
		<trkpt lat="55.977427" lon="37.75615">
			<time>1970-01-01T00:00:01Z</time>
		</trkpt>
		<trkpt lat="55.977405" lon="37.757008">
			<time>1970-01-01T00:00:01Z</time>
		</trkpt>
		<trkpt lat="55.977469" lon="37.758295">
			<time>1970-01-01T00:00:01Z</time>
		</trkpt>
		<trkpt lat="55.977319" lon="37.759175">
			<time>1970-01-01T00:00:01Z</time>
		</trkpt>
		<trkpt lat="55.977298" lon="37.760634">
			<time>1970-01-01T00:00:01Z</time>
		</trkpt>
		<trkpt lat="55.97762" lon="37.762287">
			<time>1970-01-01T00:00:01Z</time>
		</trkpt>
		<trkpt lat="55.977856" lon="37.762329">
			<time>1970-01-01T00:00:01Z</time>
		</trkpt>
		<trkpt lat="55.978178" lon="37.763231">
			<time>1970-01-01T00:00:01Z</time>
		</trkpt>
		<trkpt lat="55.978135" lon="37.764497">
			<time>1970-01-01T00:00:01Z</time>
		</trkpt>
		<trkpt lat="55.97822" lon="37.76469">
			<time>1970-01-01T00:00:01Z</time>
		</trkpt>
		<trkpt lat="55.978607" lon="37.764797">
			<time>1970-01-01T00:00:01Z</time>
		</trkpt>
		<trkpt lat="55.979293" lon="37.766642">
			<time>1970-01-01T00:00:01Z</time>
		</trkpt>
		<trkpt lat="55.980216" lon="37.766621">
			<time>1970-01-01T00:00:01Z</time>
		</trkpt>
		<trkpt lat="55.980302" lon="37.766943">
			<time>1970-01-01T00:00:01Z</time>
		</trkpt>
		<trkpt lat="55.98028" lon="37.767265">
			<time>1970-01-01T00:00:01Z</time>
		</trkpt>
		<trkpt lat="55.980409" lon="37.767608">
			<time>1970-01-01T00:00:01Z</time>
		</trkpt>
		<trkpt lat="55.980752" lon="37.767608">
			<time>1970-01-01T00:00:01Z</time>
		</trkpt>
		<trkpt lat="55.980817" lon="37.767672">
			<time>1970-01-01T00:00:01Z</time>
		</trkpt>
		<trkpt lat="55.981096" lon="37.767715">
			<time>1970-01-01T00:00:01Z</time>
		</trkpt>
		<trkpt lat="55.981246" lon="37.767672">
			<time>1970-01-01T00:00:01Z</time>
		</trkpt>
		<trkpt lat="55.981332" lon="37.767758">
			<time>1970-01-01T00:00:01Z</time>
		</trkpt>
		<trkpt lat="55.987941" lon="37.769239">
			<time>1970-01-01T00:00:01Z</time>
		</trkpt>
		<trkpt lat="55.988198" lon="37.769518">
			<time>1970-01-01T00:00:01Z</time>
		</trkpt>
		<trkpt lat="55.988413" lon="37.771234">
			<time>1970-01-01T00:00:01Z</time>
		</trkpt>
		<trkpt lat="55.988863" lon="37.770977">
			<time>1970-01-01T00:00:01Z</time>
		</trkpt>
		<trkpt lat="55.989765" lon="37.770376">
			<time>1970-01-01T00:00:01Z</time>
		</trkpt>
		<trkpt lat="55.990044" lon="37.770076">
			<time>1970-01-01T00:00:01Z</time>
		</trkpt>
		<trkpt lat="55.990323" lon="37.769904">
			<time>1970-01-01T00:00:01Z</time>
		</trkpt>
		<trkpt lat="55.991996" lon="37.768595">
			<time>1970-01-01T00:00:01Z</time>
		</trkpt>
		<trkpt lat="55.99249" lon="37.768144">
			<time>1970-01-01T00:00:01Z</time>
		</trkpt>
		<trkpt lat="55.993069" lon="37.767715">
			<time>1970-01-01T00:00:01Z</time>
		</trkpt>
		<trkpt lat="55.993155" lon="37.767587">
			<time>1970-01-01T00:00:01Z</time>
		</trkpt>
		<trkpt lat="55.993284" lon="37.767544">
			<time>1970-01-01T00:00:01Z</time>
		</trkpt>
		<trkpt lat="55.993391" lon="37.767436">
			<time>1970-01-01T00:00:01Z</time>
		</trkpt>
		<trkpt lat="55.993498" lon="37.767415">
			<time>1970-01-01T00:00:01Z</time>
		</trkpt>
		<trkpt lat="55.993777" lon="37.768638">
			<time>1970-01-01T00:00:01Z</time>
		</trkpt>
		<trkpt lat="55.993777" lon="37.76911">
			<time>1970-01-01T00:00:01Z</time>
		</trkpt>
		<trkpt lat="55.993434" lon="37.769818">
			<time>1970-01-01T00:00:01Z</time>
		</trkpt>
		<trkpt lat="55.992747" lon="37.77205">
			<time>1970-01-01T00:00:01Z</time>
		</trkpt>
		<trkpt lat="55.99249" lon="37.772694">
			<time>1970-01-01T00:00:01Z</time>
		</trkpt>
		<trkpt lat="55.991481" lon="37.774625">
			<time>1970-01-01T00:00:01Z</time>
		</trkpt>
		<trkpt lat="55.991567" lon="37.774796">
			<time>1970-01-01T00:00:01Z</time>
		</trkpt>
		<trkpt lat="55.991953" lon="37.774582">
			<time>1970-01-01T00:00:01Z</time>
		</trkpt>
		<trkpt lat="55.992404" lon="37.775934">
			<time>1970-01-01T00:00:01Z</time>
		</trkpt>
		<trkpt lat="55.992726" lon="37.775912">
			<time>1970-01-01T00:00:01Z</time>
		</trkpt>
		<trkpt lat="55.993262" lon="37.775397">
			<time>1970-01-01T00:00:01Z</time>
		</trkpt>
		<trkpt lat="55.995902" lon="37.783036">
			<time>1970-01-01T00:00:01Z</time>
		</trkpt>
		<trkpt lat="55.996009" lon="37.78353">
			<time>1970-01-01T00:00:01Z</time>
		</trkpt>
		<trkpt lat="55.996223" lon="37.783916">
			<time>1970-01-01T00:00:01Z</time>
		</trkpt>
		<trkpt lat="55.996738" lon="37.785375">
			<time>1970-01-01T00:00:01Z</time>
		</trkpt>
		<trkpt lat="55.99588" lon="37.786276">
			<time>1970-01-01T00:00:01Z</time>
		</trkpt>
		<trkpt lat="55.995816" lon="37.791576">
			<time>1970-01-01T00:00:01Z</time>
		</trkpt>
		<trkpt lat="55.99588" lon="37.792778">
			<time>1970-01-01T00:00:01Z</time>
		</trkpt>
		<trkpt lat="55.996009" lon="37.793829">
			<time>1970-01-01T00:00:01Z</time>
		</trkpt>
		<trkpt lat="55.995794" lon="37.794323">
			<time>1970-01-01T00:00:01Z</time>
		</trkpt>
		<trkpt lat="55.99573" lon="37.794752">
			<time>1970-01-01T00:00:01Z</time>
		</trkpt>
		<trkpt lat="55.995944" lon="37.796984">
			<time>1970-01-01T00:00:01Z</time>
		</trkpt>
		<trkpt lat="55.996331" lon="37.798185">
			<time>1970-01-01T00:00:01Z</time>
		</trkpt>
		<trkpt lat="55.996567" lon="37.798679">
			<time>1970-01-01T00:00:01Z</time>
		</trkpt>
		<trkpt lat="55.997082" lon="37.801726">
			<time>1970-01-01T00:00:01Z</time>
		</trkpt>
		<trkpt lat="55.99691" lon="37.801919">
			<time>1970-01-01T00:00:01Z</time>
		</trkpt>
		<trkpt lat="55.996138" lon="37.803614">
			<time>1970-01-01T00:00:01Z</time>
		</trkpt>
		<trkpt lat="55.99588" lon="37.803957">
			<time>1970-01-01T00:00:01Z</time>
		</trkpt>
		<trkpt lat="55.995966" lon="37.804172">
			<time>1970-01-01T00:00:01Z</time>
		</trkpt>
		<trkpt lat="55.995944" lon="37.804408">
			<time>1970-01-01T00:00:01Z</time>
		</trkpt>
		<trkpt lat="55.995408" lon="37.805674">
			<time>1970-01-01T00:00:01Z</time>
		</trkpt>
		<trkpt lat="55.995408" lon="37.806167">
			<time>1970-01-01T00:00:01Z</time>
		</trkpt>
		<trkpt lat="55.998112" lon="37.811317">
			<time>1970-01-01T00:00:01Z</time>
		</trkpt>
		<trkpt lat="55.998369" lon="37.811274">
			<time>1970-01-01T00:00:01Z</time>
		</trkpt>
		<trkpt lat="55.998648" lon="37.811081">
			<time>1970-01-01T00:00:01Z</time>
		</trkpt>
		<trkpt lat="55.998562" lon="37.811854">
			<time>1970-01-01T00:00:01Z</time>
		</trkpt>
		<trkpt lat="56.000107" lon="37.815587">
			<time>1970-01-01T00:00:01Z</time>
		</trkpt>
		<trkpt lat="55.999979" lon="37.815823">
			<time>1970-01-01T00:00:01Z</time>
		</trkpt>
		<trkpt lat="56.000086" lon="37.816059">
			<time>1970-01-01T00:00:01Z</time>
		</trkpt>
		<trkpt lat="56.000193" lon="37.815888">
			<time>1970-01-01T00:00:01Z</time>
		</trkpt>
		<trkpt lat="56.001202" lon="37.818248">
			<time>1970-01-01T00:00:01Z</time>
		</trkpt>
		<trkpt lat="56.002232" lon="37.816703">
			<time>1970-01-01T00:00:01Z</time>
		</trkpt>
		<trkpt lat="56.002403" lon="37.816274">
			<time>1970-01-01T00:00:01Z</time>
		</trkpt>
		<trkpt lat="56.002875" lon="37.816038">
			<time>1970-01-01T00:00:01Z</time>
		</trkpt>
		<trkpt lat="56.00339" lon="37.816059">
			<time>1970-01-01T00:00:01Z</time>
		</trkpt>
		<trkpt lat="56.003519" lon="37.816145">
			<time>1970-01-01T00:00:01Z</time>
		</trkpt>
		<trkpt lat="56.003562" lon="37.816102">
			<time>1970-01-01T00:00:01Z</time>
		</trkpt>
		<trkpt lat="56.003691" lon="37.816295">
			<time>1970-01-01T00:00:01Z</time>
		</trkpt>
		<trkpt lat="56.003927" lon="37.817047">
			<time>1970-01-01T00:00:01Z</time>
		</trkpt>
		<trkpt lat="56.00457" lon="37.818527">
			<time>1970-01-01T00:00:01Z</time>
		</trkpt>
		<trkpt lat="56.004742" lon="37.817798">
			<time>1970-01-01T00:00:01Z</time>
		</trkpt>
		<trkpt lat="56.004828" lon="37.816768">
			<time>1970-01-01T00:00:01Z</time>
		</trkpt>
		<trkpt lat="56.005064" lon="37.816188">
			<time>1970-01-01T00:00:01Z</time>
		</trkpt>
		<trkpt lat="56.005622" lon="37.81563">
			<time>1970-01-01T00:00:01Z</time>
		</trkpt>
		<trkpt lat="56.00603" lon="37.815158">
			<time>1970-01-01T00:00:01Z</time>
		</trkpt>
		<trkpt lat="56.00618" lon="37.815459">
			<time>1970-01-01T00:00:01Z</time>
		</trkpt>
		<trkpt lat="56.006287" lon="37.815072">
			<time>1970-01-01T00:00:01Z</time>
		</trkpt>
		<trkpt lat="56.006309" lon="37.814836">
			<time>1970-01-01T00:00:01Z</time>
		</trkpt>
		<trkpt lat="56.006974" lon="37.81445">
			<time>1970-01-01T00:00:01Z</time>
		</trkpt>
		<trkpt lat="56.007296" lon="37.814343">
			<time>1970-01-01T00:00:01Z</time>
		</trkpt>
		<trkpt lat="56.007381" lon="37.814557">
			<time>1970-01-01T00:00:01Z</time>
		</trkpt>
		<trkpt lat="56.00751" lon="37.81445">
			<time>1970-01-01T00:00:01Z</time>
		</trkpt>
		<trkpt lat="56.007553" lon="37.81415">
			<time>1970-01-01T00:00:01Z</time>
		</trkpt>
		<trkpt lat="56.007746" lon="37.813763">
			<time>1970-01-01T00:00:01Z</time>
		</trkpt>
		<trkpt lat="56.007939" lon="37.813613">
			<time>1970-01-01T00:00:01Z</time>
		</trkpt>
		<trkpt lat="56.008132" lon="37.813742">
			<time>1970-01-01T00:00:01Z</time>
		</trkpt>
		<trkpt lat="56.008326" lon="37.814">
			<time>1970-01-01T00:00:01Z</time>
		</trkpt>
		<trkpt lat="56.00854" lon="37.814515">
			<time>1970-01-01T00:00:01Z</time>
		</trkpt>
		<trkpt lat="56.00854" lon="37.814708">
			<time>1970-01-01T00:00:01Z</time>
		</trkpt>
		<trkpt lat="56.008905" lon="37.815931">
			<time>1970-01-01T00:00:01Z</time>
		</trkpt>
		<trkpt lat="56.008819" lon="37.816102">
			<time>1970-01-01T00:00:01Z</time>
		</trkpt>
		<trkpt lat="56.010364" lon="37.821059">
			<time>1970-01-01T00:00:01Z</time>
		</trkpt>
		<trkpt lat="56.010557" lon="37.821081">
			<time>1970-01-01T00:00:01Z</time>
		</trkpt>
		<trkpt lat="56.0109" lon="37.821317">
			<time>1970-01-01T00:00:01Z</time>
		</trkpt>
		<trkpt lat="56.011051" lon="37.821209">
			<time>1970-01-01T00:00:01Z</time>
		</trkpt>
		<trkpt lat="56.011115" lon="37.821274">
			<time>1970-01-01T00:00:01Z</time>
		</trkpt>
		<trkpt lat="56.011158" lon="37.82166">
			<time>1970-01-01T00:00:01Z</time>
		</trkpt>
		<trkpt lat="56.011137" lon="37.82181">
			<time>1970-01-01T00:00:01Z</time>
		</trkpt>
		<trkpt lat="56.011201" lon="37.821982">
			<time>1970-01-01T00:00:01Z</time>
		</trkpt>
		<trkpt lat="56.011823" lon="37.822797">
			<time>1970-01-01T00:00:01Z</time>
		</trkpt>
		<trkpt lat="56.012789" lon="37.823892">
			<time>1970-01-01T00:00:01Z</time>
		</trkpt>
		<trkpt lat="56.012875" lon="37.824578">
			<time>1970-01-01T00:00:01Z</time>
		</trkpt>
		<trkpt lat="56.01369" lon="37.826102">
			<time>1970-01-01T00:00:01Z</time>
		</trkpt>
		<trkpt lat="56.015514" lon="37.828805">
			<time>1970-01-01T00:00:01Z</time>
		</trkpt>
		<trkpt lat="56.016093" lon="37.827196">
			<time>1970-01-01T00:00:01Z</time>
		</trkpt>
		<trkpt lat="56.019076" lon="37.832496">
			<time>1970-01-01T00:00:01Z</time>
		</trkpt>
		<trkpt lat="56.019784" lon="37.833698">
			<time>1970-01-01T00:00:01Z</time>
		</trkpt>
		<trkpt lat="56.019848" lon="37.83359">
			<time>1970-01-01T00:00:01Z</time>
		</trkpt>
		<trkpt lat="56.020514" lon="37.833998">
			<time>1970-01-01T00:00:01Z</time>
		</trkpt>
		<trkpt lat="56.021093" lon="37.83402">
			<time>1970-01-01T00:00:01Z</time>
		</trkpt>
		<trkpt lat="56.021951" lon="37.833805">
			<time>1970-01-01T00:00:01Z</time>
		</trkpt>
		<trkpt lat="56.023196" lon="37.83035">
			<time>1970-01-01T00:00:01Z</time>
		</trkpt>
		<trkpt lat="56.023518" lon="37.830243">
			<time>1970-01-01T00:00:01Z</time>
		</trkpt>
		<trkpt lat="56.023861" lon="37.8299">
			<time>1970-01-01T00:00:01Z</time>
		</trkpt>
		<trkpt lat="56.024204" lon="37.82932">
			<time>1970-01-01T00:00:01Z</time>
		</trkpt>
		<trkpt lat="56.025148" lon="37.828827">
			<time>1970-01-01T00:00:01Z</time>
		</trkpt>
		<trkpt lat="56.02738" lon="37.82578">
			<time>1970-01-01T00:00:01Z</time>
		</trkpt>
		<trkpt lat="56.029032" lon="37.828634">
			<time>1970-01-01T00:00:01Z</time>
		</trkpt>
		<trkpt lat="56.029762" lon="37.827496">
			<time>1970-01-01T00:00:01Z</time>
		</trkpt>
		<trkpt lat="56.030835" lon="37.829449">
			<time>1970-01-01T00:00:01Z</time>
		</trkpt>
		<trkpt lat="56.035148" lon="37.837002">
			<time>1970-01-01T00:00:01Z</time>
		</trkpt>
		<trkpt lat="56.036435" lon="37.839405">
			<time>1970-01-01T00:00:01Z</time>
		</trkpt>
		<trkpt lat="56.036607" lon="37.839556">
			<time>1970-01-01T00:00:01Z</time>
		</trkpt>
		<trkpt lat="56.036843" lon="37.839427">
			<time>1970-01-01T00:00:01Z</time>
		</trkpt>
		<trkpt lat="56.037165" lon="37.839384">
			<time>1970-01-01T00:00:01Z</time>
		</trkpt>
		<trkpt lat="56.037014" lon="37.839985">
			<time>1970-01-01T00:00:01Z</time>
		</trkpt>
		<trkpt lat="56.037057" lon="37.840543">
			<time>1970-01-01T00:00:01Z</time>
		</trkpt>
		<trkpt lat="56.037422" lon="37.840307">
			<time>1970-01-01T00:00:01Z</time>
		</trkpt>
		<trkpt lat="56.038109" lon="37.839277">
			<time>1970-01-01T00:00:01Z</time>
		</trkpt>
		<trkpt lat="56.038409" lon="37.838654">
			<time>1970-01-01T00:00:01Z</time>
		</trkpt>
		<trkpt lat="56.038559" lon="37.837989">
			<time>1970-01-01T00:00:01Z</time>
		</trkpt>
		<trkpt lat="56.038645" lon="37.837367">
			<time>1970-01-01T00:00:01Z</time>
		</trkpt>
		<trkpt lat="56.038753" lon="37.837131">
			<time>1970-01-01T00:00:01Z</time>
		</trkpt>
		<trkpt lat="56.038946" lon="37.837152">
			<time>1970-01-01T00:00:01Z</time>
		</trkpt>
		<trkpt lat="56.03901" lon="37.837067">
			<time>1970-01-01T00:00:01Z</time>
		</trkpt>
		<trkpt lat="56.039053" lon="37.836873">
			<time>1970-01-01T00:00:01Z</time>
		</trkpt>
		<trkpt lat="56.03901" lon="37.836616">
			<time>1970-01-01T00:00:01Z</time>
		</trkpt>
		<trkpt lat="56.039117" lon="37.83623">
			<time>1970-01-01T00:00:01Z</time>
		</trkpt>
		<trkpt lat="56.039117" lon="37.835843">
			<time>1970-01-01T00:00:01Z</time>
		</trkpt>
		<trkpt lat="56.039246" lon="37.835758">
			<time>1970-01-01T00:00:01Z</time>
		</trkpt>
		<trkpt lat="56.039289" lon="37.835479">
			<time>1970-01-01T00:00:01Z</time>
		</trkpt>
		<trkpt lat="56.039225" lon="37.835307">
			<time>1970-01-01T00:00:01Z</time>
		</trkpt>
		<trkpt lat="56.039182" lon="37.834706">
			<time>1970-01-01T00:00:01Z</time>
		</trkpt>
		<trkpt lat="56.039225" lon="37.83432">
			<time>1970-01-01T00:00:01Z</time>
		</trkpt>
		<trkpt lat="56.039353" lon="37.833805">
			<time>1970-01-01T00:00:01Z</time>
		</trkpt>
		<trkpt lat="56.039783" lon="37.832711">
			<time>1970-01-01T00:00:01Z</time>
		</trkpt>
		<trkpt lat="56.040534" lon="37.830586">
			<time>1970-01-01T00:00:01Z</time>
		</trkpt>
		<trkpt lat="56.040662" lon="37.829642">
			<time>1970-01-01T00:00:01Z</time>
		</trkpt>
		<trkpt lat="56.040984" lon="37.82902">
			<time>1970-01-01T00:00:01Z</time>
		</trkpt>
		<trkpt lat="56.041006" lon="37.828505">
			<time>1970-01-01T00:00:01Z</time>
		</trkpt>
		<trkpt lat="56.041091" lon="37.828076">
			<time>1970-01-01T00:00:01Z</time>
		</trkpt>
		<trkpt lat="56.041413" lon="37.827647">
			<time>1970-01-01T00:00:01Z</time>
		</trkpt>
		<trkpt lat="56.041564" lon="37.827604">
			<time>1970-01-01T00:00:01Z</time>
		</trkpt>
		<trkpt lat="56.041928" lon="37.827604">
			<time>1970-01-01T00:00:01Z</time>
		</trkpt>
		<trkpt lat="56.042315" lon="37.827668">
			<time>1970-01-01T00:00:01Z</time>
		</trkpt>
		<trkpt lat="56.042593" lon="37.827818">
			<time>1970-01-01T00:00:01Z</time>
		</trkpt>
		<trkpt lat="56.042744" lon="37.828097">
			<time>1970-01-01T00:00:01Z</time>
		</trkpt>
		<trkpt lat="56.043151" lon="37.828076">
			<time>1970-01-01T00:00:01Z</time>
		</trkpt>
		<trkpt lat="56.043881" lon="37.828548">
			<time>1970-01-01T00:00:01Z</time>
		</trkpt>
		<trkpt lat="56.045555" lon="37.830179">
			<time>1970-01-01T00:00:01Z</time>
		</trkpt>
		<trkpt lat="56.04622" lon="37.830758">
			<time>1970-01-01T00:00:01Z</time>
		</trkpt>
		<trkpt lat="56.046542" lon="37.830865">
			<time>1970-01-01T00:00:01Z</time>
		</trkpt>
		<trkpt lat="56.0471" lon="37.830715">
			<time>1970-01-01T00:00:01Z</time>
		</trkpt>
		<trkpt lat="56.048044" lon="37.830007">
			<time>1970-01-01T00:00:01Z</time>
		</trkpt>
		<trkpt lat="56.048344" lon="37.829492">
			<time>1970-01-01T00:00:01Z</time>
		</trkpt>
		<trkpt lat="56.048516" lon="37.828934">
			<time>1970-01-01T00:00:01Z</time>
		</trkpt>
		<trkpt lat="56.048838" lon="37.828398">
			<time>1970-01-01T00:00:01Z</time>
		</trkpt>
		<trkpt lat="56.048988" lon="37.828269">
			<time>1970-01-01T00:00:01Z</time>
		</trkpt>
		<trkpt lat="56.049117" lon="37.828247">
			<time>1970-01-01T00:00:01Z</time>
		</trkpt>
		<trkpt lat="56.049353" lon="37.82799">
			<time>1970-01-01T00:00:01Z</time>
		</trkpt>
		<trkpt lat="56.049438" lon="37.827475">
			<time>1970-01-01T00:00:01Z</time>
		</trkpt>
		<trkpt lat="56.04976" lon="37.827217">
			<time>1970-01-01T00:00:01Z</time>
		</trkpt>
		<trkpt lat="56.050511" lon="37.826316">
			<time>1970-01-01T00:00:01Z</time>
		</trkpt>
		<trkpt lat="56.051155" lon="37.826059">
			<time>1970-01-01T00:00:01Z</time>
		</trkpt>
		<trkpt lat="56.052099" lon="37.824857">
			<time>1970-01-01T00:00:01Z</time>
		</trkpt>
		<trkpt lat="56.053322" lon="37.824106">
			<time>1970-01-01T00:00:01Z</time>
		</trkpt>
		<trkpt lat="56.054309" lon="37.824235">
			<time>1970-01-01T00:00:01Z</time>
		</trkpt>
		<trkpt lat="56.054867" lon="37.8246">
			<time>1970-01-01T00:00:01Z</time>
		</trkpt>
		<trkpt lat="56.055017" lon="37.824857">
			<time>1970-01-01T00:00:01Z</time>
		</trkpt>
		<trkpt lat="56.055189" lon="37.825265">
			<time>1970-01-01T00:00:01Z</time>
		</trkpt>
		<trkpt lat="56.055532" lon="37.825651">
			<time>1970-01-01T00:00:01Z</time>
		</trkpt>
		<trkpt lat="56.055532" lon="37.829728">
			<time>1970-01-01T00:00:01Z</time>
		</trkpt>
		<trkpt lat="56.056133" lon="37.829642">
			<time>1970-01-01T00:00:01Z</time>
		</trkpt>
		<trkpt lat="56.056927" lon="37.829814">
			<time>1970-01-01T00:00:01Z</time>
		</trkpt>
		<trkpt lat="56.057378" lon="37.829685">
			<time>1970-01-01T00:00:01Z</time>
		</trkpt>
		<trkpt lat="56.058086" lon="37.829857">
			<time>1970-01-01T00:00:01Z</time>
		</trkpt>
		<trkpt lat="56.060382" lon="37.829878">
			<time>1970-01-01T00:00:01Z</time>
		</trkpt>
		<trkpt lat="56.060489" lon="37.843289">
			<time>1970-01-01T00:00:01Z</time>
		</trkpt>
		<trkpt lat="56.063257" lon="37.843289">
			<time>1970-01-01T00:00:01Z</time>
		</trkpt>
		<trkpt lat="56.063343" lon="37.843161">
			<time>1970-01-01T00:00:01Z</time>
		</trkpt>
		<trkpt lat="56.064437" lon="37.843139">
			<time>1970-01-01T00:00:01Z</time>
		</trkpt>
		<trkpt lat="56.06448" lon="37.843289">
			<time>1970-01-01T00:00:01Z</time>
		</trkpt>
		<trkpt lat="56.06654" lon="37.843439">
			<time>1970-01-01T00:00:01Z</time>
		</trkpt>
		<trkpt lat="56.066605" lon="37.843311">
			<time>1970-01-01T00:00:01Z</time>
		</trkpt>
		<trkpt lat="56.079544" lon="37.843182">
			<time>1970-01-01T00:00:01Z</time>
		</trkpt>
		<trkpt lat="56.079565" lon="37.854769">
			<time>1970-01-01T00:00:01Z</time>
		</trkpt>
		<trkpt lat="56.084243" lon="37.854726">
			<time>1970-01-01T00:00:01Z</time>
		</trkpt>
		<trkpt lat="56.084286" lon="37.863331">
			<time>1970-01-01T00:00:01Z</time>
		</trkpt>
		<trkpt lat="56.086989" lon="37.863288">
			<time>1970-01-01T00:00:01Z</time>
		</trkpt>
		<trkpt lat="56.08744" lon="37.863481">
			<time>1970-01-01T00:00:01Z</time>
		</trkpt>
		<trkpt lat="56.087762" lon="37.863374">
			<time>1970-01-01T00:00:01Z</time>
		</trkpt>
		<trkpt lat="56.088041" lon="37.863395">
			<time>1970-01-01T00:00:01Z</time>
		</trkpt>
		<trkpt lat="56.088255" lon="37.863116">
			<time>1970-01-01T00:00:01Z</time>
		</trkpt>
		<trkpt lat="56.088556" lon="37.863266">
			<time>1970-01-01T00:00:01Z</time>
		</trkpt>
		<trkpt lat="56.08935" lon="37.863331">
			<time>1970-01-01T00:00:01Z</time>
		</trkpt>
		<trkpt lat="56.089478" lon="37.863116">
			<time>1970-01-01T00:00:01Z</time>
		</trkpt>
		<trkpt lat="56.09259" lon="37.863073">
			<time>1970-01-01T00:00:01Z</time>
		</trkpt>
		<trkpt lat="56.093019" lon="37.862794">
			<time>1970-01-01T00:00:01Z</time>
		</trkpt>
		<trkpt lat="56.093491" lon="37.862966">
			<time>1970-01-01T00:00:01Z</time>
		</trkpt>
		<trkpt lat="56.095401" lon="37.862923">
			<time>1970-01-01T00:00:01Z</time>
		</trkpt>
		<trkpt lat="56.09568" lon="37.862859">
			<time>1970-01-01T00:00:01Z</time>
		</trkpt>
		<trkpt lat="56.095937" lon="37.86303">
			<time>1970-01-01T00:00:01Z</time>
		</trkpt>
		<trkpt lat="56.096452" lon="37.863052">
			<time>1970-01-01T00:00:01Z</time>
		</trkpt>
		<trkpt lat="56.096796" lon="37.862902">
			<time>1970-01-01T00:00:01Z</time>
		</trkpt>
		<trkpt lat="56.097032" lon="37.86288">
			<time>1970-01-01T00:00:01Z</time>
		</trkpt>
		<trkpt lat="56.097246" lon="37.862601">
			<time>1970-01-01T00:00:01Z</time>
		</trkpt>
		<trkpt lat="56.097761" lon="37.862708">
			<time>1970-01-01T00:00:01Z</time>
		</trkpt>
		<trkpt lat="56.09789" lon="37.862859">
			<time>1970-01-01T00:00:01Z</time>
		</trkpt>
		<trkpt lat="56.098383" lon="37.862837">
			<time>1970-01-01T00:00:01Z</time>
		</trkpt>
		<trkpt lat="56.098705" lon="37.862623">
			<time>1970-01-01T00:00:01Z</time>
		</trkpt>
		<trkpt lat="56.098963" lon="37.862794">
			<time>1970-01-01T00:00:01Z</time>
		</trkpt>
		<trkpt lat="56.099113" lon="37.863545">
			<time>1970-01-01T00:00:01Z</time>
		</trkpt>
		<trkpt lat="56.099049" lon="37.864253">
			<time>1970-01-01T00:00:01Z</time>
		</trkpt>
		<trkpt lat="56.099177" lon="37.864511">
			<time>1970-01-01T00:00:01Z</time>
		</trkpt>
		<trkpt lat="56.100486" lon="37.864897">
			<time>1970-01-01T00:00:01Z</time>
		</trkpt>
		<trkpt lat="56.100594" lon="37.865069">
			<time>1970-01-01T00:00:01Z</time>
		</trkpt>
		<trkpt lat="56.100873" lon="37.865047">
			<time>1970-01-01T00:00:01Z</time>
		</trkpt>
		<trkpt lat="56.105507" lon="37.866378">
			<time>1970-01-01T00:00:01Z</time>
		</trkpt>
		<trkpt lat="56.10628" lon="37.866936">
			<time>1970-01-01T00:00:01Z</time>
		</trkpt>
		<trkpt lat="56.107224" lon="37.867021">
			<time>1970-01-01T00:00:01Z</time>
		</trkpt>
		<trkpt lat="56.107954" lon="37.867451">
			<time>1970-01-01T00:00:01Z</time>
		</trkpt>
		<trkpt lat="56.108619" lon="37.867536">
			<time>1970-01-01T00:00:01Z</time>
		</trkpt>
		<trkpt lat="56.109241" lon="37.867429">
			<time>1970-01-01T00:00:01Z</time>
		</trkpt>
		<trkpt lat="56.110335" lon="37.867772">
			<time>1970-01-01T00:00:01Z</time>
		</trkpt>
		<trkpt lat="56.111902" lon="37.866807">
			<time>1970-01-01T00:00:01Z</time>
		</trkpt>
		<trkpt lat="56.112009" lon="37.869682">
			<time>1970-01-01T00:00:01Z</time>
		</trkpt>
		<trkpt lat="56.112932" lon="37.869704">
			<time>1970-01-01T00:00:01Z</time>
		</trkpt>
		<trkpt lat="56.114069" lon="37.869596">
			<time>1970-01-01T00:00:01Z</time>
		</trkpt>
		<trkpt lat="56.117073" lon="37.869768">
			<time>1970-01-01T00:00:01Z</time>
		</trkpt>
		<trkpt lat="56.118403" lon="37.869768">
			<time>1970-01-01T00:00:01Z</time>
		</trkpt>
		<trkpt lat="56.120742" lon="37.86994">
			<time>1970-01-01T00:00:01Z</time>
		</trkpt>
		<trkpt lat="56.121644" lon="37.871806">
			<time>1970-01-01T00:00:01Z</time>
		</trkpt>
		<trkpt lat="56.124111" lon="37.871892">
			<time>1970-01-01T00:00:01Z</time>
		</trkpt>
		<trkpt lat="56.126085" lon="37.873587">
			<time>1970-01-01T00:00:01Z</time>
		</trkpt>
		<trkpt lat="56.126429" lon="37.874017">
			<time>1970-01-01T00:00:01Z</time>
		</trkpt>
		<trkpt lat="56.128016" lon="37.874188">
			<time>1970-01-01T00:00:01Z</time>
		</trkpt>
		<trkpt lat="56.128725" lon="37.87672">
			<time>1970-01-01T00:00:01Z</time>
		</trkpt>
		<trkpt lat="56.129261" lon="37.877321">
			<time>1970-01-01T00:00:01Z</time>
		</trkpt>
		<trkpt lat="56.129797" lon="37.877385">
			<time>1970-01-01T00:00:01Z</time>
		</trkpt>
		<trkpt lat="56.131428" lon="37.876484">
			<time>1970-01-01T00:00:01Z</time>
		</trkpt>
		<trkpt lat="56.131922" lon="37.876506">
			<time>1970-01-01T00:00:01Z</time>
		</trkpt>
		<trkpt lat="56.132394" lon="37.876656">
			<time>1970-01-01T00:00:01Z</time>
		</trkpt>
		<trkpt lat="56.132694" lon="37.876913">
			<time>1970-01-01T00:00:01Z</time>
		</trkpt>
		<trkpt lat="56.132651" lon="37.877042">
			<time>1970-01-01T00:00:01Z</time>
		</trkpt>
		<trkpt lat="56.133016" lon="37.878072">
			<time>1970-01-01T00:00:01Z</time>
		</trkpt>
		<trkpt lat="56.133467" lon="37.878544">
			<time>1970-01-01T00:00:01Z</time>
		</trkpt>
		<trkpt lat="56.134776" lon="37.879639">
			<time>1970-01-01T00:00:01Z</time>
		</trkpt>
		<trkpt lat="56.135183" lon="37.879596">
			<time>1970-01-01T00:00:01Z</time>
		</trkpt>
		<trkpt lat="56.135205" lon="37.879295">
			<time>1970-01-01T00:00:01Z</time>
		</trkpt>
		<trkpt lat="56.154474" lon="37.876935">
			<time>1970-01-01T00:00:01Z</time>
		</trkpt>
		<trkpt lat="56.155032" lon="37.876527">
			<time>1970-01-01T00:00:01Z</time>
		</trkpt>
		<trkpt lat="56.155718" lon="37.876377">
			<time>1970-01-01T00:00:01Z</time>
		</trkpt>
		<trkpt lat="56.155847" lon="37.876098">
			<time>1970-01-01T00:00:01Z</time>
		</trkpt>
		<trkpt lat="56.156062" lon="37.876034">
			<time>1970-01-01T00:00:01Z</time>
		</trkpt>
		<trkpt lat="56.15619" lon="37.876248">
			<time>1970-01-01T00:00:01Z</time>
		</trkpt>
		<trkpt lat="56.156341" lon="37.876806">
			<time>1970-01-01T00:00:01Z</time>
		</trkpt>
		<trkpt lat="56.156491" lon="37.877042">
			<time>1970-01-01T00:00:01Z</time>
		</trkpt>
		<trkpt lat="56.157113" lon="37.876763">
			<time>1970-01-01T00:00:01Z</time>
		</trkpt>
		<trkpt lat="56.15765" lon="37.876892">
			<time>1970-01-01T00:00:01Z</time>
		</trkpt>
		<trkpt lat="56.158057" lon="37.876913">
			<time>1970-01-01T00:00:01Z</time>
		</trkpt>
		<trkpt lat="56.158465" lon="37.876699">
			<time>1970-01-01T00:00:01Z</time>
		</trkpt>
		<trkpt lat="56.159881" lon="37.87627">
			<time>1970-01-01T00:00:01Z</time>
		</trkpt>
		<trkpt lat="56.162134" lon="37.876012">
			<time>1970-01-01T00:00:01Z</time>
		</trkpt>
		<trkpt lat="56.162842" lon="37.876463">
			<time>1970-01-01T00:00:01Z</time>
		</trkpt>
		<trkpt lat="56.162971" lon="37.876356">
			<time>1970-01-01T00:00:01Z</time>
		</trkpt>
		<trkpt lat="56.163229" lon="37.876613">
			<time>1970-01-01T00:00:01Z</time>
		</trkpt>
		<trkpt lat="56.163271" lon="37.876978">
			<time>1970-01-01T00:00:01Z</time>
		</trkpt>
		<trkpt lat="56.163507" lon="37.8773">
			<time>1970-01-01T00:00:01Z</time>
		</trkpt>
		<trkpt lat="56.164001" lon="37.877664">
			<time>1970-01-01T00:00:01Z</time>
		</trkpt>
		<trkpt lat="56.164752" lon="37.878566">
			<time>1970-01-01T00:00:01Z</time>
		</trkpt>
		<trkpt lat="56.165353" lon="37.878694">
			<time>1970-01-01T00:00:01Z</time>
		</trkpt>
		<trkpt lat="56.165503" lon="37.878973">
			<time>1970-01-01T00:00:01Z</time>
		</trkpt>
		<trkpt lat="56.166876" lon="37.879939">
			<time>1970-01-01T00:00:01Z</time>
		</trkpt>
		<trkpt lat="56.167434" lon="37.880282">
			<time>1970-01-01T00:00:01Z</time>
		</trkpt>
		<trkpt lat="56.167649" lon="37.880626">
			<time>1970-01-01T00:00:01Z</time>
		</trkpt>
		<trkpt lat="56.168636" lon="37.881334">
			<time>1970-01-01T00:00:01Z</time>
		</trkpt>
		<trkpt lat="56.168958" lon="37.881355">
			<time>1970-01-01T00:00:01Z</time>
		</trkpt>
		<trkpt lat="56.16928" lon="37.881784">
			<time>1970-01-01T00:00:01Z</time>
		</trkpt>
		<trkpt lat="56.169966" lon="37.882342">
			<time>1970-01-01T00:00:01Z</time>
		</trkpt>
		<trkpt lat="56.169902" lon="37.883201">
			<time>1970-01-01T00:00:01Z</time>
		</trkpt>
		<trkpt lat="56.169237" lon="37.884982">
			<time>1970-01-01T00:00:01Z</time>
		</trkpt>
		<trkpt lat="56.168722" lon="37.885218">
			<time>1970-01-01T00:00:01Z</time>
		</trkpt>
		<trkpt lat="56.168529" lon="37.885475">
			<time>1970-01-01T00:00:01Z</time>
		</trkpt>
		<trkpt lat="56.168421" lon="37.885904">
			<time>1970-01-01T00:00:01Z</time>
		</trkpt>
		<trkpt lat="56.168593" lon="37.886355">
			<time>1970-01-01T00:00:01Z</time>
		</trkpt>
		<trkpt lat="56.169194" lon="37.887084">
			<time>1970-01-01T00:00:01Z</time>
		</trkpt>
		<trkpt lat="56.16973" lon="37.88732">
			<time>1970-01-01T00:00:01Z</time>
		</trkpt>
		<trkpt lat="56.170159" lon="37.887728">
			<time>1970-01-01T00:00:01Z</time>
		</trkpt>
		<trkpt lat="56.170567" lon="37.887921">
			<time>1970-01-01T00:00:01Z</time>
		</trkpt>
		<trkpt lat="56.171018" lon="37.888887">
			<time>1970-01-01T00:00:01Z</time>
		</trkpt>
		<trkpt lat="56.171876" lon="37.889659">
			<time>1970-01-01T00:00:01Z</time>
		</trkpt>
		<trkpt lat="56.172005" lon="37.890153">
			<time>1970-01-01T00:00:01Z</time>
		</trkpt>
		<trkpt lat="56.172284" lon="37.890711">
			<time>1970-01-01T00:00:01Z</time>
		</trkpt>
		<trkpt lat="56.172005" lon="37.891805">
			<time>1970-01-01T00:00:01Z</time>
		</trkpt>
		<trkpt lat="56.172005" lon="37.892899">
			<time>1970-01-01T00:00:01Z</time>
		</trkpt>
		<trkpt lat="56.172155" lon="37.893693">
			<time>1970-01-01T00:00:01Z</time>
		</trkpt>
		<trkpt lat="56.172541" lon="37.894423">
			<time>1970-01-01T00:00:01Z</time>
		</trkpt>
		<trkpt lat="56.173421" lon="37.895775">
			<time>1970-01-01T00:00:01Z</time>
		</trkpt>
		<trkpt lat="56.173979" lon="37.896998">
			<time>1970-01-01T00:00:01Z</time>
		</trkpt>
		<trkpt lat="56.175481" lon="37.89968">
			<time>1970-01-01T00:00:01Z</time>
		</trkpt>
		<trkpt lat="56.175223" lon="37.900796">
			<time>1970-01-01T00:00:01Z</time>
		</trkpt>
		<trkpt lat="56.174901" lon="37.90159">
			<time>1970-01-01T00:00:01Z</time>
		</trkpt>
		<trkpt lat="56.174665" lon="37.902791">
			<time>1970-01-01T00:00:01Z</time>
		</trkpt>
		<trkpt lat="56.174644" lon="37.903328">
			<time>1970-01-01T00:00:01Z</time>
		</trkpt>
		<trkpt lat="56.174901" lon="37.903757">
			<time>1970-01-01T00:00:01Z</time>
		</trkpt>
		<trkpt lat="56.175266" lon="37.904014">
			<time>1970-01-01T00:00:01Z</time>
		</trkpt>
		<trkpt lat="56.177712" lon="37.904272">
			<time>1970-01-01T00:00:01Z</time>
		</trkpt>
		<trkpt lat="56.177605" lon="37.903757">
			<time>1970-01-01T00:00:01Z</time>
		</trkpt>
		<trkpt lat="56.177841" lon="37.901912">
			<time>1970-01-01T00:00:01Z</time>
		</trkpt>
		<trkpt lat="56.177991" lon="37.901847">
			<time>1970-01-01T00:00:01Z</time>
		</trkpt>
		<trkpt lat="56.178399" lon="37.898371">
			<time>1970-01-01T00:00:01Z</time>
		</trkpt>
		<trkpt lat="56.178292" lon="37.898028">
			<time>1970-01-01T00:00:01Z</time>
		</trkpt>
		<trkpt lat="56.178528" lon="37.895753">
			<time>1970-01-01T00:00:01Z</time>
		</trkpt>
		<trkpt lat="56.178549" lon="37.89526">
			<time>1970-01-01T00:00:01Z</time>
		</trkpt>
		<trkpt lat="56.178721" lon="37.893822">
			<time>1970-01-01T00:00:01Z</time>
		</trkpt>
		<trkpt lat="56.178249" lon="37.8932">
			<time>1970-01-01T00:00:01Z</time>
		</trkpt>
		<trkpt lat="56.178549" lon="37.889488">
			<time>1970-01-01T00:00:01Z</time>
		</trkpt>
		<trkpt lat="56.178785" lon="37.889037">
			<time>1970-01-01T00:00:01Z</time>
		</trkpt>
		<trkpt lat="56.178764" lon="37.885475">
			<time>1970-01-01T00:00:01Z</time>
		</trkpt>
		<trkpt lat="56.178592" lon="37.885024">
			<time>1970-01-01T00:00:01Z</time>
		</trkpt>
		<trkpt lat="56.178614" lon="37.88466">
			<time>1970-01-01T00:00:01Z</time>
		</trkpt>
		<trkpt lat="56.178764" lon="37.885003">
			<time>1970-01-01T00:00:01Z</time>
		</trkpt>
		<trkpt lat="56.179107" lon="37.885067">
			<time>1970-01-01T00:00:01Z</time>
		</trkpt>
		<trkpt lat="56.179451" lon="37.88526">
			<time>1970-01-01T00:00:01Z</time>
		</trkpt>
		<trkpt lat="56.179622" lon="37.885668">
			<time>1970-01-01T00:00:01Z</time>
		</trkpt>
		<trkpt lat="56.180266" lon="37.885647">
			<time>1970-01-01T00:00:01Z</time>
		</trkpt>
		<trkpt lat="56.180717" lon="37.885303">
			<time>1970-01-01T00:00:01Z</time>
		</trkpt>
		<trkpt lat="56.180974" lon="37.885175">
			<time>1970-01-01T00:00:01Z</time>
		</trkpt>
		<trkpt lat="56.182197" lon="37.885754">
			<time>1970-01-01T00:00:01Z</time>
		</trkpt>
		<trkpt lat="56.183506" lon="37.885797">
			<time>1970-01-01T00:00:01Z</time>
		</trkpt>
		<trkpt lat="56.183957" lon="37.885496">
			<time>1970-01-01T00:00:01Z</time>
		</trkpt>
		<trkpt lat="56.184407" lon="37.88481">
			<time>1970-01-01T00:00:01Z</time>
		</trkpt>
		<trkpt lat="56.184321" lon="37.88408">
			<time>1970-01-01T00:00:01Z</time>
		</trkpt>
		<trkpt lat="56.184429" lon="37.88275">
			<time>1970-01-01T00:00:01Z</time>
		</trkpt>
		<trkpt lat="56.184557" lon="37.882235">
			<time>1970-01-01T00:00:01Z</time>
		</trkpt>
		<trkpt lat="56.184579" lon="37.881784">
			<time>1970-01-01T00:00:01Z</time>
		</trkpt>
		<trkpt lat="56.184901" lon="37.88054">
			<time>1970-01-01T00:00:01Z</time>
		</trkpt>
		<trkpt lat="56.185201" lon="37.879896">
			<time>1970-01-01T00:00:01Z</time>
		</trkpt>
		<trkpt lat="56.185952" lon="37.878845">
			<time>1970-01-01T00:00:01Z</time>
		</trkpt>
		<trkpt lat="56.187948" lon="37.875776">
			<time>1970-01-01T00:00:01Z</time>
		</trkpt>
		<trkpt lat="56.188763" lon="37.875111">
			<time>1970-01-01T00:00:01Z</time>
		</trkpt>
		<trkpt lat="56.189772" lon="37.875497">
			<time>1970-01-01T00:00:01Z</time>
		</trkpt>
		<trkpt lat="56.190287" lon="37.874596">
			<time>1970-01-01T00:00:01Z</time>
		</trkpt>
		<trkpt lat="56.19063" lon="37.874339">
			<time>1970-01-01T00:00:01Z</time>
		</trkpt>
		<trkpt lat="56.19166" lon="37.874317">
			<time>1970-01-01T00:00:01Z</time>
		</trkpt>
		<trkpt lat="56.192389" lon="37.874768">
			<time>1970-01-01T00:00:01Z</time>
		</trkpt>
		<trkpt lat="56.193141" lon="37.874939">
			<time>1970-01-01T00:00:01Z</time>
		</trkpt>
		<trkpt lat="56.193419" lon="37.874789">
			<time>1970-01-01T00:00:01Z</time>
		</trkpt>
		<trkpt lat="56.194407" lon="37.875004">
			<time>1970-01-01T00:00:01Z</time>
		</trkpt>
		<trkpt lat="56.194578" lon="37.875347">
			<time>1970-01-01T00:00:01Z</time>
		</trkpt>
		<trkpt lat="56.194664" lon="37.875905">
			<time>1970-01-01T00:00:01Z</time>
		</trkpt>
		<trkpt lat="56.194578" lon="37.876463">
			<time>1970-01-01T00:00:01Z</time>
		</trkpt>
		<trkpt lat="56.194621" lon="37.876935">
			<time>1970-01-01T00:00:01Z</time>
		</trkpt>
		<trkpt lat="56.195158" lon="37.877514">
			<time>1970-01-01T00:00:01Z</time>
		</trkpt>
		<trkpt lat="56.195758" lon="37.877686">
			<time>1970-01-01T00:00:01Z</time>
		</trkpt>
		<trkpt lat="56.196209" lon="37.877557">
			<time>1970-01-01T00:00:01Z</time>
		</trkpt>
		<trkpt lat="56.196595" lon="37.877321">
			<time>1970-01-01T00:00:01Z</time>
		</trkpt>
		<trkpt lat="56.197754" lon="37.877021">
			<time>1970-01-01T00:00:01Z</time>
		</trkpt>
		<trkpt lat="56.197947" lon="37.876313">
			<time>1970-01-01T00:00:01Z</time>
		</trkpt>
		<trkpt lat="56.198119" lon="37.874682">
			<time>1970-01-01T00:00:01Z</time>
		</trkpt>
		<trkpt lat="56.203569" lon="37.874703">
			<time>1970-01-01T00:00:01Z</time>
		</trkpt>
		<trkpt lat="56.203977" lon="37.87466">
			<time>1970-01-01T00:00:01Z</time>
		</trkpt>
		<trkpt lat="56.204234" lon="37.874467">
			<time>1970-01-01T00:00:01Z</time>
		</trkpt>
		<trkpt lat="56.204642" lon="37.873587">
			<time>1970-01-01T00:00:01Z</time>
		</trkpt>
		<trkpt lat="56.204856" lon="37.873287">
			<time>1970-01-01T00:00:01Z</time>
		</trkpt>
		<trkpt lat="56.2052" lon="37.873416">
			<time>1970-01-01T00:00:01Z</time>
		</trkpt>
		<trkpt lat="56.205908" lon="37.873351">
			<time>1970-01-01T00:00:01Z</time>
		</trkpt>
		<trkpt lat="56.206573" lon="37.87627">
			<time>1970-01-01T00:00:01Z</time>
		</trkpt>
		<trkpt lat="56.207024" lon="37.877064">
			<time>1970-01-01T00:00:01Z</time>
		</trkpt>
		<trkpt lat="56.207067" lon="37.877772">
			<time>1970-01-01T00:00:01Z</time>
		</trkpt>
		<trkpt lat="56.207324" lon="37.87848">
			<time>1970-01-01T00:00:01Z</time>
		</trkpt>
		<trkpt lat="56.207517" lon="37.879553">
			<time>1970-01-01T00:00:01Z</time>
		</trkpt>
		<trkpt lat="56.207281" lon="37.883844">
			<time>1970-01-01T00:00:01Z</time>
		</trkpt>
		<trkpt lat="56.207775" lon="37.885475">
			<time>1970-01-01T00:00:01Z</time>
		</trkpt>
		<trkpt lat="56.208247" lon="37.885926">
			<time>1970-01-01T00:00:01Z</time>
		</trkpt>
		<trkpt lat="56.208097" lon="37.8882">
			<time>1970-01-01T00:00:01Z</time>
		</trkpt>
		<trkpt lat="56.208225" lon="37.88908">
			<time>1970-01-01T00:00:01Z</time>
		</trkpt>
		<trkpt lat="56.207946" lon="37.890646">
			<time>1970-01-01T00:00:01Z</time>
		</trkpt>
		<trkpt lat="56.208204" lon="37.891312">
			<time>1970-01-01T00:00:01Z</time>
		</trkpt>
		<trkpt lat="56.207517" lon="37.893844">
			<time>1970-01-01T00:00:01Z</time>
		</trkpt>
		<trkpt lat="56.207753" lon="37.895861">
			<time>1970-01-01T00:00:01Z</time>
		</trkpt>
		<trkpt lat="56.208333" lon="37.898135">
			<time>1970-01-01T00:00:01Z</time>
		</trkpt>
		<trkpt lat="56.208848" lon="37.898972">
			<time>1970-01-01T00:00:01Z</time>
		</trkpt>
		<trkpt lat="56.209126" lon="37.899852">
			<time>1970-01-01T00:00:01Z</time>
		</trkpt>
		<trkpt lat="56.20932" lon="37.901096">
			<time>1970-01-01T00:00:01Z</time>
		</trkpt>
		<trkpt lat="56.20977" lon="37.902126">
			<time>1970-01-01T00:00:01Z</time>
		</trkpt>
		<trkpt lat="56.209856" lon="37.902706">
			<time>1970-01-01T00:00:01Z</time>
		</trkpt>
		<trkpt lat="56.209985" lon="37.902984">
			<time>1970-01-01T00:00:01Z</time>
		</trkpt>
		<trkpt lat="56.210114" lon="37.904036">
			<time>1970-01-01T00:00:01Z</time>
		</trkpt>
		<trkpt lat="56.210071" lon="37.906482">
			<time>1970-01-01T00:00:01Z</time>
		</trkpt>
		<trkpt lat="56.209899" lon="37.906868">
			<time>1970-01-01T00:00:01Z</time>
		</trkpt>
		<trkpt lat="56.210071" lon="37.90719">
			<time>1970-01-01T00:00:01Z</time>
		</trkpt>
		<trkpt lat="56.210028" lon="37.90837">
			<time>1970-01-01T00:00:01Z</time>
		</trkpt>
		<trkpt lat="56.209792" lon="37.908435">
			<time>1970-01-01T00:00:01Z</time>
		</trkpt>
		<trkpt lat="56.209792" lon="37.908842">
			<time>1970-01-01T00:00:01Z</time>
		</trkpt>
		<trkpt lat="56.209899" lon="37.9094">
			<time>1970-01-01T00:00:01Z</time>
		</trkpt>
		<trkpt lat="56.209985" lon="37.909508">
			<time>1970-01-01T00:00:01Z</time>
		</trkpt>
		<trkpt lat="56.209985" lon="37.909829">
			<time>1970-01-01T00:00:01Z</time>
		</trkpt>
		<trkpt lat="56.20992" lon="37.909894">
			<time>1970-01-01T00:00:01Z</time>
		</trkpt>
		<trkpt lat="56.209599" lon="37.90998">
			<time>1970-01-01T00:00:01Z</time>
		</trkpt>
		<trkpt lat="56.209384" lon="37.91028">
			<time>1970-01-01T00:00:01Z</time>
		</trkpt>
		<trkpt lat="56.209277" lon="37.910774">
			<time>1970-01-01T00:00:01Z</time>
		</trkpt>
		<trkpt lat="56.209727" lon="37.912104">
			<time>1970-01-01T00:00:01Z</time>
		</trkpt>
		<trkpt lat="56.21035" lon="37.913091">
			<time>1970-01-01T00:00:01Z</time>
		</trkpt>
		<trkpt lat="56.211594" lon="37.915559">
			<time>1970-01-01T00:00:01Z</time>
		</trkpt>
		<trkpt lat="56.211594" lon="37.915902">
			<time>1970-01-01T00:00:01Z</time>
		</trkpt>
		<trkpt lat="56.211508" lon="37.916245">
			<time>1970-01-01T00:00:01Z</time>
		</trkpt>
		<trkpt lat="56.211337" lon="37.916438">
			<time>1970-01-01T00:00:01Z</time>
		</trkpt>
		<trkpt lat="56.210843" lon="37.917597">
			<time>1970-01-01T00:00:01Z</time>
		</trkpt>
		<trkpt lat="56.210822" lon="37.91794">
			<time>1970-01-01T00:00:01Z</time>
		</trkpt>
		<trkpt lat="56.210264" lon="37.919443">
			<time>1970-01-01T00:00:01Z</time>
		</trkpt>
		<trkpt lat="56.209813" lon="37.919893">
			<time>1970-01-01T00:00:01Z</time>
		</trkpt>
		<trkpt lat="56.209599" lon="37.920322">
			<time>1970-01-01T00:00:01Z</time>
		</trkpt>
		<trkpt lat="56.209513" lon="37.920816">
			<time>1970-01-01T00:00:01Z</time>
		</trkpt>
		<trkpt lat="56.211294" lon="37.923906">
			<time>1970-01-01T00:00:01Z</time>
		</trkpt>
		<trkpt lat="56.211208" lon="37.924785">
			<time>1970-01-01T00:00:01Z</time>
		</trkpt>
		<trkpt lat="56.21153" lon="37.925815">
			<time>1970-01-01T00:00:01Z</time>
		</trkpt>
		<trkpt lat="56.211294" lon="37.926738">
			<time>1970-01-01T00:00:01Z</time>
		</trkpt>
		<trkpt lat="56.211165" lon="37.927039">
			<time>1970-01-01T00:00:01Z</time>
		</trkpt>
		<trkpt lat="56.211229" lon="37.927275">
			<time>1970-01-01T00:00:01Z</time>
		</trkpt>
		<trkpt lat="56.211573" lon="37.927704">
			<time>1970-01-01T00:00:01Z</time>
		</trkpt>
		<trkpt lat="56.211852" lon="37.928433">
			<time>1970-01-01T00:00:01Z</time>
		</trkpt>
		<trkpt lat="56.211272" lon="37.93839">
			<time>1970-01-01T00:00:01Z</time>
		</trkpt>
		<trkpt lat="56.211294" lon="37.938776">
			<time>1970-01-01T00:00:01Z</time>
		</trkpt>
		<trkpt lat="56.211165" lon="37.941415">
			<time>1970-01-01T00:00:01Z</time>
		</trkpt>
		<trkpt lat="56.211036" lon="37.94296">
			<time>1970-01-01T00:00:01Z</time>
		</trkpt>
		<trkpt lat="56.210972" lon="37.943239">
			<time>1970-01-01T00:00:01Z</time>
		</trkpt>
		<trkpt lat="56.210457" lon="37.952251">
			<time>1970-01-01T00:00:01Z</time>
		</trkpt>
		<trkpt lat="56.211873" lon="37.952444">
			<time>1970-01-01T00:00:01Z</time>
		</trkpt>
		<trkpt lat="56.212967" lon="37.950835">
			<time>1970-01-01T00:00:01Z</time>
		</trkpt>
		<trkpt lat="56.213246" lon="37.950771">
			<time>1970-01-01T00:00:01Z</time>
		</trkpt>
		<trkpt lat="56.213783" lon="37.951178">
			<time>1970-01-01T00:00:01Z</time>
		</trkpt>
		<trkpt lat="56.214641" lon="37.951028">
			<time>1970-01-01T00:00:01Z</time>
		</trkpt>
		<trkpt lat="56.214899" lon="37.950663">
			<time>1970-01-01T00:00:01Z</time>
		</trkpt>
		<trkpt lat="56.215006" lon="37.950642">
			<time>1970-01-01T00:00:01Z</time>
		</trkpt>
		<trkpt lat="56.215156" lon="37.950857">
			<time>1970-01-01T00:00:01Z</time>
		</trkpt>
		<trkpt lat="56.215328" lon="37.950921">
			<time>1970-01-01T00:00:01Z</time>
		</trkpt>
		<trkpt lat="56.215714" lon="37.95135">
			<time>1970-01-01T00:00:01Z</time>
		</trkpt>
		<trkpt lat="56.216057" lon="37.9512">
			<time>1970-01-01T00:00:01Z</time>
		</trkpt>
		<trkpt lat="56.217152" lon="37.951693">
			<time>1970-01-01T00:00:01Z</time>
		</trkpt>
		<trkpt lat="56.217731" lon="37.951479">
			<time>1970-01-01T00:00:01Z</time>
		</trkpt>
		<trkpt lat="56.218954" lon="37.951908">
			<time>1970-01-01T00:00:01Z</time>
		</trkpt>
		<trkpt lat="56.219083" lon="37.952123">
			<time>1970-01-01T00:00:01Z</time>
		</trkpt>
		<trkpt lat="56.219233" lon="37.95341">
			<time>1970-01-01T00:00:01Z</time>
		</trkpt>
		<trkpt lat="56.219576" lon="37.954054">
			<time>1970-01-01T00:00:01Z</time>
		</trkpt>
		<trkpt lat="56.219984" lon="37.954376">
			<time>1970-01-01T00:00:01Z</time>
		</trkpt>
		<trkpt lat="56.220606" lon="37.954633">
			<time>1970-01-01T00:00:01Z</time>
		</trkpt>
		<trkpt lat="56.221486" lon="37.954676">
			<time>1970-01-01T00:00:01Z</time>
		</trkpt>
		<trkpt lat="56.22198" lon="37.954633">
			<time>1970-01-01T00:00:01Z</time>
		</trkpt>
		<trkpt lat="56.222151" lon="37.955234">
			<time>1970-01-01T00:00:01Z</time>
		</trkpt>
		<trkpt lat="56.222859" lon="37.954869">
			<time>1970-01-01T00:00:01Z</time>
		</trkpt>
		<trkpt lat="56.223482" lon="37.954075">
			<time>1970-01-01T00:00:01Z</time>
		</trkpt>
		<trkpt lat="56.223675" lon="37.954783">
			<time>1970-01-01T00:00:01Z</time>
		</trkpt>
		<trkpt lat="56.223632" lon="37.955556">
			<time>1970-01-01T00:00:01Z</time>
		</trkpt>
		<trkpt lat="56.224168" lon="37.957101">
			<time>1970-01-01T00:00:01Z</time>
		</trkpt>
		<trkpt lat="56.224168" lon="37.958002">
			<time>1970-01-01T00:00:01Z</time>
		</trkpt>
		<trkpt lat="56.224383" lon="37.958946">
			<time>1970-01-01T00:00:01Z</time>
		</trkpt>
		<trkpt lat="56.224404" lon="37.959676">
			<time>1970-01-01T00:00:01Z</time>
		</trkpt>
		<trkpt lat="56.224834" lon="37.96047">
			<time>1970-01-01T00:00:01Z</time>
		</trkpt>
		<trkpt lat="56.225327" lon="37.961285">
			<time>1970-01-01T00:00:01Z</time>
		</trkpt>
		<trkpt lat="56.225778" lon="37.961178">
			<time>1970-01-01T00:00:01Z</time>
		</trkpt>
		<trkpt lat="56.226421" lon="37.961542">
			<time>1970-01-01T00:00:01Z</time>
		</trkpt>
		<trkpt lat="56.226722" lon="37.962315">
			<time>1970-01-01T00:00:01Z</time>
		</trkpt>
		<trkpt lat="56.227001" lon="37.962787">
			<time>1970-01-01T00:00:01Z</time>
		</trkpt>
		<trkpt lat="56.227344" lon="37.962937">
			<time>1970-01-01T00:00:01Z</time>
		</trkpt>
		<trkpt lat="56.228159" lon="37.962057">
			<time>1970-01-01T00:00:01Z</time>
		</trkpt>
		<trkpt lat="56.229104" lon="37.961542">
			<time>1970-01-01T00:00:01Z</time>
		</trkpt>
		<trkpt lat="56.22949" lon="37.961714">
			<time>1970-01-01T00:00:01Z</time>
		</trkpt>
		<trkpt lat="56.23037" lon="37.961178">
			<time>1970-01-01T00:00:01Z</time>
		</trkpt>
		<trkpt lat="56.23082" lon="37.960706">
			<time>1970-01-01T00:00:01Z</time>
		</trkpt>
		<trkpt lat="56.231078" lon="37.960706">
			<time>1970-01-01T00:00:01Z</time>
		</trkpt>
		<trkpt lat="56.232494" lon="37.962594">
			<time>1970-01-01T00:00:01Z</time>
		</trkpt>
		<trkpt lat="56.233524" lon="37.967358">
			<time>1970-01-01T00:00:01Z</time>
		</trkpt>
		<trkpt lat="56.233502" lon="37.968044">
			<time>1970-01-01T00:00:01Z</time>
		</trkpt>
		<trkpt lat="56.234168" lon="37.971799">
			<time>1970-01-01T00:00:01Z</time>
		</trkpt>
		<trkpt lat="56.23406" lon="37.972593">
			<time>1970-01-01T00:00:01Z</time>
		</trkpt>
		<trkpt lat="56.234168" lon="37.972851">
			<time>1970-01-01T00:00:01Z</time>
		</trkpt>
		<trkpt lat="56.234211" lon="37.973473">
			<time>1970-01-01T00:00:01Z</time>
		</trkpt>
		<trkpt lat="56.234189" lon="37.974267">
			<time>1970-01-01T00:00:01Z</time>
		</trkpt>
		<trkpt lat="56.23406" lon="37.975554">
			<time>1970-01-01T00:00:01Z</time>
		</trkpt>
		<trkpt lat="56.234189" lon="37.976005">
			<time>1970-01-01T00:00:01Z</time>
		</trkpt>
		<trkpt lat="56.234511" lon="37.976155">
			<time>1970-01-01T00:00:01Z</time>
		</trkpt>
		<trkpt lat="56.23479" lon="37.976434">
			<time>1970-01-01T00:00:01Z</time>
		</trkpt>
		<trkpt lat="56.235176" lon="37.976992">
			<time>1970-01-01T00:00:01Z</time>
		</trkpt>
		<trkpt lat="56.235348" lon="37.977378">
			<time>1970-01-01T00:00:01Z</time>
		</trkpt>
		<trkpt lat="56.235584" lon="37.978172">
			<time>1970-01-01T00:00:01Z</time>
		</trkpt>
		<trkpt lat="56.235991" lon="37.978601">
			<time>1970-01-01T00:00:01Z</time>
		</trkpt>
		<trkpt lat="56.236356" lon="37.978644">
			<time>1970-01-01T00:00:01Z</time>
		</trkpt>
		<trkpt lat="56.237408" lon="37.979953">
			<time>1970-01-01T00:00:01Z</time>
		</trkpt>
		<trkpt lat="56.237451" lon="37.980254">
			<time>1970-01-01T00:00:01Z</time>
		</trkpt>
		<trkpt lat="56.238266" lon="37.980704">
			<time>1970-01-01T00:00:01Z</time>
		</trkpt>
		<trkpt lat="56.238373" lon="37.980983">
			<time>1970-01-01T00:00:01Z</time>
		</trkpt>
		<trkpt lat="56.238631" lon="37.98109">
			<time>1970-01-01T00:00:01Z</time>
		</trkpt>
		<trkpt lat="56.238974" lon="37.981005">
			<time>1970-01-01T00:00:01Z</time>
		</trkpt>
		<trkpt lat="56.239124" lon="37.981305">
			<time>1970-01-01T00:00:01Z</time>
		</trkpt>
		<trkpt lat="56.240026" lon="37.981048">
			<time>1970-01-01T00:00:01Z</time>
		</trkpt>
		<trkpt lat="56.241528" lon="37.981069">
			<time>1970-01-01T00:00:01Z</time>
		</trkpt>
		<trkpt lat="56.242429" lon="37.981562">
			<time>1970-01-01T00:00:01Z</time>
		</trkpt>
		<trkpt lat="56.242794" lon="37.982163">
			<time>1970-01-01T00:00:01Z</time>
		</trkpt>
		<trkpt lat="56.243309" lon="37.982442">
			<time>1970-01-01T00:00:01Z</time>
		</trkpt>
		<trkpt lat="56.244446" lon="37.982571">
			<time>1970-01-01T00:00:01Z</time>
		</trkpt>
		<trkpt lat="56.244789" lon="37.98373">
			<time>1970-01-01T00:00:01Z</time>
		</trkpt>
		<trkpt lat="56.24539" lon="37.985339">
			<time>1970-01-01T00:00:01Z</time>
		</trkpt>
		<trkpt lat="56.245905" lon="37.98506">
			<time>1970-01-01T00:00:01Z</time>
		</trkpt>
		<trkpt lat="56.247085" lon="37.984867">
			<time>1970-01-01T00:00:01Z</time>
		</trkpt>
		<trkpt lat="56.248115" lon="37.984867">
			<time>1970-01-01T00:00:01Z</time>
		</trkpt>
		<trkpt lat="56.248201" lon="37.986734">
			<time>1970-01-01T00:00:01Z</time>
		</trkpt>
		<trkpt lat="56.248029" lon="37.987056">
			<time>1970-01-01T00:00:01Z</time>
		</trkpt>
		<trkpt lat="56.248523" lon="37.988665">
			<time>1970-01-01T00:00:01Z</time>
		</trkpt>
		<trkpt lat="56.24863" lon="37.988579">
			<time>1970-01-01T00:00:01Z</time>
		</trkpt>
		<trkpt lat="56.248802" lon="37.988944">
			<time>1970-01-01T00:00:01Z</time>
		</trkpt>
		<trkpt lat="56.249317" lon="37.99051">
			<time>1970-01-01T00:00:01Z</time>
		</trkpt>
		<trkpt lat="56.249746" lon="37.993128">
			<time>1970-01-01T00:00:01Z</time>
		</trkpt>
		<trkpt lat="56.249703" lon="37.993557">
			<time>1970-01-01T00:00:01Z</time>
		</trkpt>
		<trkpt lat="56.249853" lon="37.994158">
			<time>1970-01-01T00:00:01Z</time>
		</trkpt>
		<trkpt lat="56.248737" lon="37.994609">
			<time>1970-01-01T00:00:01Z</time>
		</trkpt>
		<trkpt lat="56.248544" lon="37.994738">
			<time>1970-01-01T00:00:01Z</time>
		</trkpt>
		<trkpt lat="56.248201" lon="37.994738">
			<time>1970-01-01T00:00:01Z</time>
		</trkpt>
		<trkpt lat="56.247579" lon="37.995982">
			<time>1970-01-01T00:00:01Z</time>
		</trkpt>
		<trkpt lat="56.247622" lon="37.99624">
			<time>1970-01-01T00:00:01Z</time>
		</trkpt>
		<trkpt lat="56.248115" lon="37.997291">
			<time>1970-01-01T00:00:01Z</time>
		</trkpt>
		<trkpt lat="56.248201" lon="37.998428">
			<time>1970-01-01T00:00:01Z</time>
		</trkpt>
		<trkpt lat="56.247965" lon="37.998879">
			<time>1970-01-01T00:00:01Z</time>
		</trkpt>
		<trkpt lat="56.247643" lon="37.999759">
			<time>1970-01-01T00:00:01Z</time>
		</trkpt>
		<trkpt lat="56.247257" lon="38.001561">
			<time>1970-01-01T00:00:01Z</time>
		</trkpt>
		<trkpt lat="56.247364" lon="38.003578">
			<time>1970-01-01T00:00:01Z</time>
		</trkpt>
		<trkpt lat="56.246978" lon="38.0042">
			<time>1970-01-01T00:00:01Z</time>
		</trkpt>
		<trkpt lat="56.246828" lon="38.004329">
			<time>1970-01-01T00:00:01Z</time>
		</trkpt>
		<trkpt lat="56.246205" lon="38.004415">
			<time>1970-01-01T00:00:01Z</time>
		</trkpt>
		<trkpt lat="56.245862" lon="38.004115">
			<time>1970-01-01T00:00:01Z</time>
		</trkpt>
		<trkpt lat="56.245326" lon="38.002999">
			<time>1970-01-01T00:00:01Z</time>
		</trkpt>
		<trkpt lat="56.244832" lon="38.002784">
			<time>1970-01-01T00:00:01Z</time>
		</trkpt>
		<trkpt lat="56.244489" lon="38.002913">
			<time>1970-01-01T00:00:01Z</time>
		</trkpt>
		<trkpt lat="56.244274" lon="38.003299">
			<time>1970-01-01T00:00:01Z</time>
		</trkpt>
		<trkpt lat="56.244188" lon="38.004222">
			<time>1970-01-01T00:00:01Z</time>
		</trkpt>
		<trkpt lat="56.244188" lon="38.005273">
			<time>1970-01-01T00:00:01Z</time>
		</trkpt>
		<trkpt lat="56.243974" lon="38.006217">
			<time>1970-01-01T00:00:01Z</time>
		</trkpt>
		<trkpt lat="56.243802" lon="38.006518">
			<time>1970-01-01T00:00:01Z</time>
		</trkpt>
		<trkpt lat="56.243609" lon="38.00744">
			<time>1970-01-01T00:00:01Z</time>
		</trkpt>
		<trkpt lat="56.243137" lon="38.008191">
			<time>1970-01-01T00:00:01Z</time>
		</trkpt>
		<trkpt lat="56.242708" lon="38.010101">
			<time>1970-01-01T00:00:01Z</time>
		</trkpt>
		<trkpt lat="56.242021" lon="38.011474">
			<time>1970-01-01T00:00:01Z</time>
		</trkpt>
		<trkpt lat="56.240583" lon="38.011861">
			<time>1970-01-01T00:00:01Z</time>
		</trkpt>
		<trkpt lat="56.240133" lon="38.01244">
			<time>1970-01-01T00:00:01Z</time>
		</trkpt>
		<trkpt lat="56.239553" lon="38.01332">
			<time>1970-01-01T00:00:01Z</time>
		</trkpt>
		<trkpt lat="56.239189" lon="38.014049">
			<time>1970-01-01T00:00:01Z</time>
		</trkpt>
		<trkpt lat="56.238566" lon="38.015787">
			<time>1970-01-01T00:00:01Z</time>
		</trkpt>
		<trkpt lat="56.238438" lon="38.015809">
			<time>1970-01-01T00:00:01Z</time>
		</trkpt>
		<trkpt lat="56.23773" lon="38.016517">
			<time>1970-01-01T00:00:01Z</time>
		</trkpt>
		<trkpt lat="56.237536" lon="38.016968">
			<time>1970-01-01T00:00:01Z</time>
		</trkpt>
		<trkpt lat="56.237172" lon="38.016968">
			<time>1970-01-01T00:00:01Z</time>
		</trkpt>
		<trkpt lat="56.2367" lon="38.016753">
			<time>1970-01-01T00:00:01Z</time>
		</trkpt>
		<trkpt lat="56.236292" lon="38.016817">
			<time>1970-01-01T00:00:01Z</time>
		</trkpt>
		<trkpt lat="56.235906" lon="38.016474">
			<time>1970-01-01T00:00:01Z</time>
		</trkpt>
		<trkpt lat="56.235648" lon="38.016539">
			<time>1970-01-01T00:00:01Z</time>
		</trkpt>
		<trkpt lat="56.235477" lon="38.016775">
			<time>1970-01-01T00:00:01Z</time>
		</trkpt>
		<trkpt lat="56.235455" lon="38.017418">
			<time>1970-01-01T00:00:01Z</time>
		</trkpt>
		<trkpt lat="56.235605" lon="38.018083">
			<time>1970-01-01T00:00:01Z</time>
		</trkpt>
		<trkpt lat="56.235863" lon="38.018556">
			<time>1970-01-01T00:00:01Z</time>
		</trkpt>
		<trkpt lat="56.235884" lon="38.019435">
			<time>1970-01-01T00:00:01Z</time>
		</trkpt>
		<trkpt lat="56.235991" lon="38.0198">
			<time>1970-01-01T00:00:01Z</time>
		</trkpt>
		<trkpt lat="56.235991" lon="38.020229">
			<time>1970-01-01T00:00:01Z</time>
		</trkpt>
		<trkpt lat="56.235863" lon="38.02068">
			<time>1970-01-01T00:00:01Z</time>
		</trkpt>
		<trkpt lat="56.235627" lon="38.021088">
			<time>1970-01-01T00:00:01Z</time>
		</trkpt>
		<trkpt lat="56.235584" lon="38.021366">
			<time>1970-01-01T00:00:01Z</time>
		</trkpt>
		<trkpt lat="56.235477" lon="38.02156">
			<time>1970-01-01T00:00:01Z</time>
		</trkpt>
		<trkpt lat="56.23524" lon="38.021667">
			<time>1970-01-01T00:00:01Z</time>
		</trkpt>
		<trkpt lat="56.234983" lon="38.021989">
			<time>1970-01-01T00:00:01Z</time>
		</trkpt>
		<trkpt lat="56.234811" lon="38.022675">
			<time>1970-01-01T00:00:01Z</time>
		</trkpt>
		<trkpt lat="56.23479" lon="38.02362">
			<time>1970-01-01T00:00:01Z</time>
		</trkpt>
		<trkpt lat="56.23494" lon="38.024843">
			<time>1970-01-01T00:00:01Z</time>
		</trkpt>
		<trkpt lat="56.23494" lon="38.026731">
			<time>1970-01-01T00:00:01Z</time>
		</trkpt>
		<trkpt lat="56.23479" lon="38.027289">
			<time>1970-01-01T00:00:01Z</time>
		</trkpt>
		<trkpt lat="56.234768" lon="38.027696">
			<time>1970-01-01T00:00:01Z</time>
		</trkpt>
		<trkpt lat="56.234661" lon="38.027997">
			<time>1970-01-01T00:00:01Z</time>
		</trkpt>
		<trkpt lat="56.234404" lon="38.028448">
			<time>1970-01-01T00:00:01Z</time>
		</trkpt>
		<trkpt lat="56.234189" lon="38.029241">
			<time>1970-01-01T00:00:01Z</time>
		</trkpt>
		<trkpt lat="56.234103" lon="38.029928">
			<time>1970-01-01T00:00:01Z</time>
		</trkpt>
		<trkpt lat="56.234168" lon="38.030894">
			<time>1970-01-01T00:00:01Z</time>
		</trkpt>
		<trkpt lat="56.234339" lon="38.031237">
			<time>1970-01-01T00:00:01Z</time>
		</trkpt>
		<trkpt lat="56.234232" lon="38.032353">
			<time>1970-01-01T00:00:01Z</time>
		</trkpt>
		<trkpt lat="56.234189" lon="38.033554">
			<time>1970-01-01T00:00:01Z</time>
		</trkpt>
		<trkpt lat="56.234318" lon="38.034091">
			<time>1970-01-01T00:00:01Z</time>
		</trkpt>
		<trkpt lat="56.234211" lon="38.034391">
			<time>1970-01-01T00:00:01Z</time>
		</trkpt>
		<trkpt lat="56.233867" lon="38.034949">
			<time>1970-01-01T00:00:01Z</time>
		</trkpt>
		<trkpt lat="56.233781" lon="38.035443">
			<time>1970-01-01T00:00:01Z</time>
		</trkpt>
		<trkpt lat="56.233438" lon="38.036044">
			<time>1970-01-01T00:00:01Z</time>
		</trkpt>
		<trkpt lat="56.233181" lon="38.035829">
			<time>1970-01-01T00:00:01Z</time>
		</trkpt>
		<trkpt lat="56.232966" lon="38.035722">
			<time>1970-01-01T00:00:01Z</time>
		</trkpt>
		<trkpt lat="56.232601" lon="38.035271">
			<time>1970-01-01T00:00:01Z</time>
		</trkpt>
		<trkpt lat="56.232193" lon="38.0357">
			<time>1970-01-01T00:00:01Z</time>
		</trkpt>
		<trkpt lat="56.231485" lon="38.035765">
			<time>1970-01-01T00:00:01Z</time>
		</trkpt>
		<trkpt lat="56.230713" lon="38.036559">
			<time>1970-01-01T00:00:01Z</time>
		</trkpt>
		<trkpt lat="56.230305" lon="38.037374">
			<time>1970-01-01T00:00:01Z</time>
		</trkpt>
		<trkpt lat="56.229704" lon="38.037846">
			<time>1970-01-01T00:00:01Z</time>
		</trkpt>
		<trkpt lat="56.229189" lon="38.037696">
			<time>1970-01-01T00:00:01Z</time>
		</trkpt>
		<trkpt lat="56.228803" lon="38.037395">
			<time>1970-01-01T00:00:01Z</time>
		</trkpt>
		<trkpt lat="56.228353" lon="38.03776">
			<time>1970-01-01T00:00:01Z</time>
		</trkpt>
		<trkpt lat="56.228074" lon="38.037653">
			<time>1970-01-01T00:00:01Z</time>
		</trkpt>
		<trkpt lat="56.227623" lon="38.037696">
			<time>1970-01-01T00:00:01Z</time>
		</trkpt>
		<trkpt lat="56.227473" lon="38.036494">
			<time>1970-01-01T00:00:01Z</time>
		</trkpt>
		<trkpt lat="56.227237" lon="38.03555">
			<time>1970-01-01T00:00:01Z</time>
		</trkpt>
		<trkpt lat="56.226808" lon="38.035464">
			<time>1970-01-01T00:00:01Z</time>
		</trkpt>
		<trkpt lat="56.2264" lon="38.035893">
			<time>1970-01-01T00:00:01Z</time>
		</trkpt>
		<trkpt lat="56.226014" lon="38.036022">
			<time>1970-01-01T00:00:01Z</time>
		</trkpt>
		<trkpt lat="56.225348" lon="38.036752">
			<time>1970-01-01T00:00:01Z</time>
		</trkpt>
		<trkpt lat="56.224726" lon="38.036644">
			<time>1970-01-01T00:00:01Z</time>
		</trkpt>
		<trkpt lat="56.224361" lon="38.036966">
			<time>1970-01-01T00:00:01Z</time>
		</trkpt>
		<trkpt lat="56.223954" lon="38.037717">
			<time>1970-01-01T00:00:01Z</time>
		</trkpt>
		<trkpt lat="56.223546" lon="38.038168">
			<time>1970-01-01T00:00:01Z</time>
		</trkpt>
		<trkpt lat="56.223203" lon="38.038318">
			<time>1970-01-01T00:00:01Z</time>
		</trkpt>
		<trkpt lat="56.22243" lon="38.039219">
			<time>1970-01-01T00:00:01Z</time>
		</trkpt>
		<trkpt lat="56.221894" lon="38.039455">
			<time>1970-01-01T00:00:01Z</time>
		</trkpt>
		<trkpt lat="56.221593" lon="38.039842">
			<time>1970-01-01T00:00:01Z</time>
		</trkpt>
		<trkpt lat="56.221422" lon="38.040314">
			<time>1970-01-01T00:00:01Z</time>
		</trkpt>
		<trkpt lat="56.221272" lon="38.040936">
			<time>1970-01-01T00:00:01Z</time>
		</trkpt>
		<trkpt lat="56.22037" lon="38.041773">
			<time>1970-01-01T00:00:01Z</time>
		</trkpt>
		<trkpt lat="56.220521" lon="38.042159">
			<time>1970-01-01T00:00:01Z</time>
		</trkpt>
		<trkpt lat="56.220413" lon="38.04261">
			<time>1970-01-01T00:00:01Z</time>
		</trkpt>
		<trkpt lat="56.220006" lon="38.042695">
			<time>1970-01-01T00:00:01Z</time>
		</trkpt>
		<trkpt lat="56.219662" lon="38.042588">
			<time>1970-01-01T00:00:01Z</time>
		</trkpt>
		<trkpt lat="56.21934" lon="38.042331">
			<time>1970-01-01T00:00:01Z</time>
		</trkpt>
		<trkpt lat="56.218396" lon="38.04261">
			<time>1970-01-01T00:00:01Z</time>
		</trkpt>
		<trkpt lat="56.21801" lon="38.042116">
			<time>1970-01-01T00:00:01Z</time>
		</trkpt>
		<trkpt lat="56.217752" lon="38.042073">
			<time>1970-01-01T00:00:01Z</time>
		</trkpt>
		<trkpt lat="56.217323" lon="38.042202">
			<time>1970-01-01T00:00:01Z</time>
		</trkpt>
		<trkpt lat="56.216444" lon="38.041665">
			<time>1970-01-01T00:00:01Z</time>
		</trkpt>
		<trkpt lat="56.215778" lon="38.040936">
			<time>1970-01-01T00:00:01Z</time>
		</trkpt>
		<trkpt lat="56.215456" lon="38.040399">
			<time>1970-01-01T00:00:01Z</time>
		</trkpt>
		<trkpt lat="56.214984" lon="38.040056">
			<time>1970-01-01T00:00:01Z</time>
		</trkpt>
		<trkpt lat="56.214684" lon="38.040078">
			<time>1970-01-01T00:00:01Z</time>
		</trkpt>
		<trkpt lat="56.214427" lon="38.040228">
			<time>1970-01-01T00:00:01Z</time>
		</trkpt>
		<trkpt lat="56.213933" lon="38.039906">
			<time>1970-01-01T00:00:01Z</time>
		</trkpt>
		<trkpt lat="56.213525" lon="38.039262">
			<time>1970-01-01T00:00:01Z</time>
		</trkpt>
		<trkpt lat="56.213053" lon="38.038833">
			<time>1970-01-01T00:00:01Z</time>
		</trkpt>
		<trkpt lat="56.212624" lon="38.038618">
			<time>1970-01-01T00:00:01Z</time>
		</trkpt>
		<trkpt lat="56.212152" lon="38.03776">
			<time>1970-01-01T00:00:01Z</time>
		</trkpt>
		<trkpt lat="56.212002" lon="38.037674">
			<time>1970-01-01T00:00:01Z</time>
		</trkpt>
		<trkpt lat="56.211787" lon="38.037803">
			<time>1970-01-01T00:00:01Z</time>
		</trkpt>
		<trkpt lat="56.211573" lon="38.037803">
			<time>1970-01-01T00:00:01Z</time>
		</trkpt>
		<trkpt lat="56.210671" lon="38.038876">
			<time>1970-01-01T00:00:01Z</time>
		</trkpt>
		<trkpt lat="56.210092" lon="38.039026">
			<time>1970-01-01T00:00:01Z</time>
		</trkpt>
		<trkpt lat="56.209513" lon="38.038919">
			<time>1970-01-01T00:00:01Z</time>
		</trkpt>
		<trkpt lat="56.20932" lon="38.039606">
			<time>1970-01-01T00:00:01Z</time>
		</trkpt>
		<trkpt lat="56.209105" lon="38.040872">
			<time>1970-01-01T00:00:01Z</time>
		</trkpt>
		<trkpt lat="56.208483" lon="38.041408">
			<time>1970-01-01T00:00:01Z</time>
		</trkpt>
		<trkpt lat="56.208075" lon="38.041644">
			<time>1970-01-01T00:00:01Z</time>
		</trkpt>
		<trkpt lat="56.207946" lon="38.041816">
			<time>1970-01-01T00:00:01Z</time>
		</trkpt>
		<trkpt lat="56.20786" lon="38.042245">
			<time>1970-01-01T00:00:01Z</time>
		</trkpt>
		<trkpt lat="56.207324" lon="38.042824">
			<time>1970-01-01T00:00:01Z</time>
		</trkpt>
		<trkpt lat="56.207131" lon="38.043232">
			<time>1970-01-01T00:00:01Z</time>
		</trkpt>
		<trkpt lat="56.207303" lon="38.043532">
			<time>1970-01-01T00:00:01Z</time>
		</trkpt>
		<trkpt lat="56.207796" lon="38.044112">
			<time>1970-01-01T00:00:01Z</time>
		</trkpt>
		<trkpt lat="56.207903" lon="38.044605">
			<time>1970-01-01T00:00:01Z</time>
		</trkpt>
		<trkpt lat="56.208204" lon="38.045356">
			<time>1970-01-01T00:00:01Z</time>
		</trkpt>
		<trkpt lat="56.208633" lon="38.045936">
			<time>1970-01-01T00:00:01Z</time>
		</trkpt>
		<trkpt lat="56.208805" lon="38.045957">
			<time>1970-01-01T00:00:01Z</time>
		</trkpt>
		<trkpt lat="56.209084" lon="38.045699">
			<time>1970-01-01T00:00:01Z</time>
		</trkpt>
		<trkpt lat="56.20932" lon="38.046365">
			<time>1970-01-01T00:00:01Z</time>
		</trkpt>
		<trkpt lat="56.209727" lon="38.047244">
			<time>1970-01-01T00:00:01Z</time>
		</trkpt>
		<trkpt lat="56.20977" lon="38.047244">
			<time>1970-01-01T00:00:01Z</time>
		</trkpt>
		<trkpt lat="56.210457" lon="38.049154">
			<time>1970-01-01T00:00:01Z</time>
		</trkpt>
		<trkpt lat="56.210478" lon="38.049819">
			<time>1970-01-01T00:00:01Z</time>
		</trkpt>
		<trkpt lat="56.211122" lon="38.050613">
			<time>1970-01-01T00:00:01Z</time>
		</trkpt>
		<trkpt lat="56.211701" lon="38.051557">
			<time>1970-01-01T00:00:01Z</time>
		</trkpt>
		<trkpt lat="56.212388" lon="38.052416">
			<time>1970-01-01T00:00:01Z</time>
		</trkpt>
		<trkpt lat="56.211873" lon="38.054025">
			<time>1970-01-01T00:00:01Z</time>
		</trkpt>
		<trkpt lat="56.211916" lon="38.054883">
			<time>1970-01-01T00:00:01Z</time>
		</trkpt>
		<trkpt lat="56.212131" lon="38.055785">
			<time>1970-01-01T00:00:01Z</time>
		</trkpt>
		<trkpt lat="56.212796" lon="38.056986">
			<time>1970-01-01T00:00:01Z</time>
		</trkpt>
		<trkpt lat="56.212989" lon="38.058424">
			<time>1970-01-01T00:00:01Z</time>
		</trkpt>
		<trkpt lat="56.212667" lon="38.060012">
			<time>1970-01-01T00:00:01Z</time>
		</trkpt>
		<trkpt lat="56.212903" lon="38.061643">
			<time>1970-01-01T00:00:01Z</time>
		</trkpt>
		<trkpt lat="56.213075" lon="38.062501">
			<time>1970-01-01T00:00:01Z</time>
		</trkpt>
		<trkpt lat="56.212989" lon="38.06308">
			<time>1970-01-01T00:00:01Z</time>
		</trkpt>
		<trkpt lat="56.213289" lon="38.063145">
			<time>1970-01-01T00:00:01Z</time>
		</trkpt>
		<trkpt lat="56.213654" lon="38.063359">
			<time>1970-01-01T00:00:01Z</time>
		</trkpt>
		<trkpt lat="56.21404" lon="38.06366">
			<time>1970-01-01T00:00:01Z</time>
		</trkpt>
		<trkpt lat="56.214362" lon="38.064303">
			<time>1970-01-01T00:00:01Z</time>
		</trkpt>
		<trkpt lat="56.2158" lon="38.066599">
			<time>1970-01-01T00:00:01Z</time>
		</trkpt>
		<trkpt lat="56.216465" lon="38.068101">
			<time>1970-01-01T00:00:01Z</time>
		</trkpt>
		<trkpt lat="56.216572" lon="38.067887">
			<time>1970-01-01T00:00:01Z</time>
		</trkpt>
		<trkpt lat="56.218117" lon="38.063381">
			<time>1970-01-01T00:00:01Z</time>
		</trkpt>
		<trkpt lat="56.218332" lon="38.062479">
			<time>1970-01-01T00:00:01Z</time>
		</trkpt>
		<trkpt lat="56.218568" lon="38.063466">
			<time>1970-01-01T00:00:01Z</time>
		</trkpt>
		<trkpt lat="56.21904" lon="38.064775">
			<time>1970-01-01T00:00:01Z</time>
		</trkpt>
		<trkpt lat="56.219555" lon="38.06602">
			<time>1970-01-01T00:00:01Z</time>
		</trkpt>
		<trkpt lat="56.219877" lon="38.06632">
			<time>1970-01-01T00:00:01Z</time>
		</trkpt>
		<trkpt lat="56.220392" lon="38.06617">
			<time>1970-01-01T00:00:01Z</time>
		</trkpt>
		<trkpt lat="56.221272" lon="38.067286">
			<time>1970-01-01T00:00:01Z</time>
		</trkpt>
		<trkpt lat="56.2214" lon="38.067136">
			<time>1970-01-01T00:00:01Z</time>
		</trkpt>
		<trkpt lat="56.222151" lon="38.065548">
			<time>1970-01-01T00:00:01Z</time>
		</trkpt>
		<trkpt lat="56.222301" lon="38.06499">
			<time>1970-01-01T00:00:01Z</time>
		</trkpt>
		<trkpt lat="56.222838" lon="38.064732">
			<time>1970-01-01T00:00:01Z</time>
		</trkpt>
		<trkpt lat="56.223246" lon="38.063831">
			<time>1970-01-01T00:00:01Z</time>
		</trkpt>
		<trkpt lat="56.223782" lon="38.06308">
			<time>1970-01-01T00:00:01Z</time>
		</trkpt>
		<trkpt lat="56.22404" lon="38.062866">
			<time>1970-01-01T00:00:01Z</time>
		</trkpt>
		<trkpt lat="56.224469" lon="38.062029">
			<time>1970-01-01T00:00:01Z</time>
		</trkpt>
		<trkpt lat="56.224769" lon="38.061643">
			<time>1970-01-01T00:00:01Z</time>
		</trkpt>
		<trkpt lat="56.22464" lon="38.060849">
			<time>1970-01-01T00:00:01Z</time>
		</trkpt>
		<trkpt lat="56.224919" lon="38.060462">
			<time>1970-01-01T00:00:01Z</time>
		</trkpt>
		<trkpt lat="56.225112" lon="38.060055">
			<time>1970-01-01T00:00:01Z</time>
		</trkpt>
		<trkpt lat="56.225413" lon="38.060076">
			<time>1970-01-01T00:00:01Z</time>
		</trkpt>
		<trkpt lat="56.225713" lon="38.059926">
			<time>1970-01-01T00:00:01Z</time>
		</trkpt>
		<trkpt lat="56.226057" lon="38.059497">
			<time>1970-01-01T00:00:01Z</time>
		</trkpt>
		<trkpt lat="56.227044" lon="38.059733">
			<time>1970-01-01T00:00:01Z</time>
		</trkpt>
		<trkpt lat="56.227537" lon="38.059561">
			<time>1970-01-01T00:00:01Z</time>
		</trkpt>
		<trkpt lat="56.228438" lon="38.060763">
			<time>1970-01-01T00:00:01Z</time>
		</trkpt>
		<trkpt lat="56.229018" lon="38.061921">
			<time>1970-01-01T00:00:01Z</time>
		</trkpt>
		<trkpt lat="56.22994" lon="38.063531">
			<time>1970-01-01T00:00:01Z</time>
		</trkpt>
		<trkpt lat="56.230134" lon="38.06396">
			<time>1970-01-01T00:00:01Z</time>
		</trkpt>
		<trkpt lat="56.230584" lon="38.063702">
			<time>1970-01-01T00:00:01Z</time>
		</trkpt>
		<trkpt lat="56.231099" lon="38.063638">
			<time>1970-01-01T00:00:01Z</time>
		</trkpt>
		<trkpt lat="56.231571" lon="38.06396">
			<time>1970-01-01T00:00:01Z</time>
		</trkpt>
		<trkpt lat="56.2317" lon="38.063831">
			<time>1970-01-01T00:00:01Z</time>
		</trkpt>
		<trkpt lat="56.231936" lon="38.063209">
			<time>1970-01-01T00:00:01Z</time>
		</trkpt>
		<trkpt lat="56.232687" lon="38.062136">
			<time>1970-01-01T00:00:01Z</time>
		</trkpt>
		<trkpt lat="56.233288" lon="38.060977">
			<time>1970-01-01T00:00:01Z</time>
		</trkpt>
		<trkpt lat="56.23361" lon="38.060956">
			<time>1970-01-01T00:00:01Z</time>
		</trkpt>
		<trkpt lat="56.234125" lon="38.061793">
			<time>1970-01-01T00:00:01Z</time>
		</trkpt>
		<trkpt lat="56.234489" lon="38.061406">
			<time>1970-01-01T00:00:01Z</time>
		</trkpt>
		<trkpt lat="56.234768" lon="38.06087">
			<time>1970-01-01T00:00:01Z</time>
		</trkpt>
		<trkpt lat="56.234897" lon="38.060956">
			<time>1970-01-01T00:00:01Z</time>
		</trkpt>
		<trkpt lat="56.235455" lon="38.060591">
			<time>1970-01-01T00:00:01Z</time>
		</trkpt>
		<trkpt lat="56.235755" lon="38.060741">
			<time>1970-01-01T00:00:01Z</time>
		</trkpt>
		<trkpt lat="56.236678" lon="38.060741">
			<time>1970-01-01T00:00:01Z</time>
		</trkpt>
		<trkpt lat="56.236743" lon="38.060977">
			<time>1970-01-01T00:00:01Z</time>
		</trkpt>
		<trkpt lat="56.236528" lon="38.061299">
			<time>1970-01-01T00:00:01Z</time>
		</trkpt>
		<trkpt lat="56.23627" lon="38.0619">
			<time>1970-01-01T00:00:01Z</time>
		</trkpt>
		<trkpt lat="56.23597" lon="38.062093">
			<time>1970-01-01T00:00:01Z</time>
		</trkpt>
		<trkpt lat="56.235949" lon="38.062866">
			<time>1970-01-01T00:00:01Z</time>
		</trkpt>
		<trkpt lat="56.236142" lon="38.063509">
			<time>1970-01-01T00:00:01Z</time>
		</trkpt>
		<trkpt lat="56.236034" lon="38.065226">
			<time>1970-01-01T00:00:01Z</time>
		</trkpt>
		<trkpt lat="56.236163" lon="38.064926">
			<time>1970-01-01T00:00:01Z</time>
		</trkpt>
		<trkpt lat="56.236871" lon="38.065634">
			<time>1970-01-01T00:00:01Z</time>
		</trkpt>
		<trkpt lat="56.237129" lon="38.065612">
			<time>1970-01-01T00:00:01Z</time>
		</trkpt>
		<trkpt lat="56.237215" lon="38.066406">
			<time>1970-01-01T00:00:01Z</time>
		</trkpt>
		<trkpt lat="56.237215" lon="38.066943">
			<time>1970-01-01T00:00:01Z</time>
		</trkpt>
		<trkpt lat="56.237451" lon="38.06896">
			<time>1970-01-01T00:00:01Z</time>
		</trkpt>
		<trkpt lat="56.237687" lon="38.068423">
			<time>1970-01-01T00:00:01Z</time>
		</trkpt>
		<trkpt lat="56.237601" lon="38.067565">
			<time>1970-01-01T00:00:01Z</time>
		</trkpt>
		<trkpt lat="56.237751" lon="38.066277">
			<time>1970-01-01T00:00:01Z</time>
		</trkpt>
		<trkpt lat="56.238202" lon="38.06617">
			<time>1970-01-01T00:00:01Z</time>
		</trkpt>
		<trkpt lat="56.238695" lon="38.066985">
			<time>1970-01-01T00:00:01Z</time>
		</trkpt>
		<trkpt lat="56.238953" lon="38.068187">
			<time>1970-01-01T00:00:01Z</time>
		</trkpt>
		<trkpt lat="56.239875" lon="38.070419">
			<time>1970-01-01T00:00:01Z</time>
		</trkpt>
		<trkpt lat="56.239918" lon="38.071041">
			<time>1970-01-01T00:00:01Z</time>
		</trkpt>
		<trkpt lat="56.240176" lon="38.071191">
			<time>1970-01-01T00:00:01Z</time>
		</trkpt>
		<trkpt lat="56.240433" lon="38.070869">
			<time>1970-01-01T00:00:01Z</time>
		</trkpt>
		<trkpt lat="56.240541" lon="38.071127">
			<time>1970-01-01T00:00:01Z</time>
		</trkpt>
		<trkpt lat="56.240862" lon="38.07162">
			<time>1970-01-01T00:00:01Z</time>
		</trkpt>
		<trkpt lat="56.241528" lon="38.071728">
			<time>1970-01-01T00:00:01Z</time>
		</trkpt>
		<trkpt lat="56.241549" lon="38.072028">
			<time>1970-01-01T00:00:01Z</time>
		</trkpt>
		<trkpt lat="56.241034" lon="38.072994">
			<time>1970-01-01T00:00:01Z</time>
		</trkpt>
		<trkpt lat="56.240605" lon="38.074067">
			<time>1970-01-01T00:00:01Z</time>
		</trkpt>
		<trkpt lat="56.240541" lon="38.074517">
			<time>1970-01-01T00:00:01Z</time>
		</trkpt>
		<trkpt lat="56.240433" lon="38.074818">
			<time>1970-01-01T00:00:01Z</time>
		</trkpt>
		<trkpt lat="56.240433" lon="38.075118">
			<time>1970-01-01T00:00:01Z</time>
		</trkpt>
		<trkpt lat="56.240648" lon="38.075139">
			<time>1970-01-01T00:00:01Z</time>
		</trkpt>
		<trkpt lat="56.240777" lon="38.07544">
			<time>1970-01-01T00:00:01Z</time>
		</trkpt>
		<trkpt lat="56.241034" lon="38.075762">
			<time>1970-01-01T00:00:01Z</time>
		</trkpt>
		<trkpt lat="56.241249" lon="38.075676">
			<time>1970-01-01T00:00:01Z</time>
		</trkpt>
		<trkpt lat="56.241442" lon="38.075204">
			<time>1970-01-01T00:00:01Z</time>
		</trkpt>
		<trkpt lat="56.241914" lon="38.07426">
			<time>1970-01-01T00:00:01Z</time>
		</trkpt>
		<trkpt lat="56.242021" lon="38.073573">
			<time>1970-01-01T00:00:01Z</time>
		</trkpt>
		<trkpt lat="56.242343" lon="38.073337">
			<time>1970-01-01T00:00:01Z</time>
		</trkpt>
		<trkpt lat="56.2426" lon="38.0725">
			<time>1970-01-01T00:00:01Z</time>
		</trkpt>
		<trkpt lat="56.242643" lon="38.07147">
			<time>1970-01-01T00:00:01Z</time>
		</trkpt>
		<trkpt lat="56.242901" lon="38.071213">
			<time>1970-01-01T00:00:01Z</time>
		</trkpt>
		<trkpt lat="56.243201" lon="38.071363">
			<time>1970-01-01T00:00:01Z</time>
		</trkpt>
		<trkpt lat="56.243952" lon="38.072307">
			<time>1970-01-01T00:00:01Z</time>
		</trkpt>
		<trkpt lat="56.24436" lon="38.071942">
			<time>1970-01-01T00:00:01Z</time>
		</trkpt>
		<trkpt lat="56.244875" lon="38.071899">
			<time>1970-01-01T00:00:01Z</time>
		</trkpt>
		<trkpt lat="56.245197" lon="38.071599">
			<time>1970-01-01T00:00:01Z</time>
		</trkpt>
		<trkpt lat="56.245862" lon="38.071127">
			<time>1970-01-01T00:00:01Z</time>
		</trkpt>
		<trkpt lat="56.246098" lon="38.071084">
			<time>1970-01-01T00:00:01Z</time>
		</trkpt>
		<trkpt lat="56.246334" lon="38.070955">
			<time>1970-01-01T00:00:01Z</time>
		</trkpt>
		<trkpt lat="56.246677" lon="38.071127">
			<time>1970-01-01T00:00:01Z</time>
		</trkpt>
		<trkpt lat="56.246999" lon="38.070826">
			<time>1970-01-01T00:00:01Z</time>
		</trkpt>
		<trkpt lat="56.247171" lon="38.070419">
			<time>1970-01-01T00:00:01Z</time>
		</trkpt>
		<trkpt lat="56.247343" lon="38.070333">
			<time>1970-01-01T00:00:01Z</time>
		</trkpt>
		<trkpt lat="56.247772" lon="38.073294">
			<time>1970-01-01T00:00:01Z</time>
		</trkpt>
		<trkpt lat="56.248566" lon="38.074067">
			<time>1970-01-01T00:00:01Z</time>
		</trkpt>
		<trkpt lat="56.249016" lon="38.074109">
			<time>1970-01-01T00:00:01Z</time>
		</trkpt>
		<trkpt lat="56.249188" lon="38.074002">
			<time>1970-01-01T00:00:01Z</time>
		</trkpt>
		<trkpt lat="56.249939" lon="38.073959">
			<time>1970-01-01T00:00:01Z</time>
		</trkpt>
		<trkpt lat="56.250003" lon="38.074067">
			<time>1970-01-01T00:00:01Z</time>
		</trkpt>
		<trkpt lat="56.250433" lon="38.074002">
			<time>1970-01-01T00:00:01Z</time>
		</trkpt>
		<trkpt lat="56.250583" lon="38.073766">
			<time>1970-01-01T00:00:01Z</time>
		</trkpt>
		<trkpt lat="56.250583" lon="38.073509">
			<time>1970-01-01T00:00:01Z</time>
		</trkpt>
		<trkpt lat="56.250669" lon="38.073273">
			<time>1970-01-01T00:00:01Z</time>
		</trkpt>
		<trkpt lat="56.250926" lon="38.072972">
			<time>1970-01-01T00:00:01Z</time>
		</trkpt>
		<trkpt lat="56.251012" lon="38.072822">
			<time>1970-01-01T00:00:01Z</time>
		</trkpt>
		<trkpt lat="56.251184" lon="38.072886">
			<time>1970-01-01T00:00:01Z</time>
		</trkpt>
		<trkpt lat="56.251591" lon="38.072586">
			<time>1970-01-01T00:00:01Z</time>
		</trkpt>
		<trkpt lat="56.251977" lon="38.072071">
			<time>1970-01-01T00:00:01Z</time>
		</trkpt>
		<trkpt lat="56.252364" lon="38.071835">
			<time>1970-01-01T00:00:01Z</time>
		</trkpt>
		<trkpt lat="56.253179" lon="38.07102">
			<time>1970-01-01T00:00:01Z</time>
		</trkpt>
		<trkpt lat="56.254016" lon="38.07147">
			<time>1970-01-01T00:00:01Z</time>
		</trkpt>
		<trkpt lat="56.254252" lon="38.071256">
			<time>1970-01-01T00:00:01Z</time>
		</trkpt>
		<trkpt lat="56.254638" lon="38.071792">
			<time>1970-01-01T00:00:01Z</time>
		</trkpt>
		<trkpt lat="56.254874" lon="38.074624">
			<time>1970-01-01T00:00:01Z</time>
		</trkpt>
		<trkpt lat="56.254917" lon="38.077371">
			<time>1970-01-01T00:00:01Z</time>
		</trkpt>
		<trkpt lat="56.254831" lon="38.078208">
			<time>1970-01-01T00:00:01Z</time>
		</trkpt>
		<trkpt lat="56.254917" lon="38.079646">
			<time>1970-01-01T00:00:01Z</time>
		</trkpt>
		<trkpt lat="56.255239" lon="38.079967">
			<time>1970-01-01T00:00:01Z</time>
		</trkpt>
		<trkpt lat="56.255926" lon="38.080783">
			<time>1970-01-01T00:00:01Z</time>
		</trkpt>
		<trkpt lat="56.256441" lon="38.080804">
			<time>1970-01-01T00:00:01Z</time>
		</trkpt>
		<trkpt lat="56.257149" lon="38.080761">
			<time>1970-01-01T00:00:01Z</time>
		</trkpt>
		<trkpt lat="56.258029" lon="38.082006">
			<time>1970-01-01T00:00:01Z</time>
		</trkpt>
		<trkpt lat="56.260582" lon="38.080912">
			<time>1970-01-01T00:00:01Z</time>
		</trkpt>
		<trkpt lat="56.261762" lon="38.080761">
			<time>1970-01-01T00:00:01Z</time>
		</trkpt>
		<trkpt lat="56.277963" lon="38.081877">
			<time>1970-01-01T00:00:01Z</time>
		</trkpt>
		<trkpt lat="56.281589" lon="38.082285">
			<time>1970-01-01T00:00:01Z</time>
		</trkpt>
		<trkpt lat="56.281954" lon="38.082929">
			<time>1970-01-01T00:00:01Z</time>
		</trkpt>
		<trkpt lat="56.282211" lon="38.083959">
			<time>1970-01-01T00:00:01Z</time>
		</trkpt>
		<trkpt lat="56.282877" lon="38.084881">
			<time>1970-01-01T00:00:01Z</time>
		</trkpt>
		<trkpt lat="56.283155" lon="38.085546">
			<time>1970-01-01T00:00:01Z</time>
		</trkpt>
		<trkpt lat="56.283799" lon="38.089023">
			<time>1970-01-01T00:00:01Z</time>
		</trkpt>
		<trkpt lat="56.285516" lon="38.089023">
			<time>1970-01-01T00:00:01Z</time>
		</trkpt>
		<trkpt lat="56.286138" lon="38.09252">
			<time>1970-01-01T00:00:01Z</time>
		</trkpt>
		<trkpt lat="56.28646" lon="38.092606">
			<time>1970-01-01T00:00:01Z</time>
		</trkpt>
		<trkpt lat="56.286632" lon="38.092542">
			<time>1970-01-01T00:00:01Z</time>
		</trkpt>
		<trkpt lat="56.286589" lon="38.092005">
			<time>1970-01-01T00:00:01Z</time>
		</trkpt>
		<trkpt lat="56.290236" lon="38.091297">
			<time>1970-01-01T00:00:01Z</time>
		</trkpt>
		<trkpt lat="56.29073" lon="38.093185">
			<time>1970-01-01T00:00:01Z</time>
		</trkpt>
		<trkpt lat="56.29161" lon="38.097048">
			<time>1970-01-01T00:00:01Z</time>
		</trkpt>
		<trkpt lat="56.292532" lon="38.096146">
			<time>1970-01-01T00:00:01Z</time>
		</trkpt>
		<trkpt lat="56.293176" lon="38.096383">
			<time>1970-01-01T00:00:01Z</time>
		</trkpt>
		<trkpt lat="56.294786" lon="38.096812">
			<time>1970-01-01T00:00:01Z</time>
		</trkpt>
		<trkpt lat="56.297918" lon="38.097155">
			<time>1970-01-01T00:00:01Z</time>
		</trkpt>
		<trkpt lat="56.298111" lon="38.09679">
			<time>1970-01-01T00:00:01Z</time>
		</trkpt>
		<trkpt lat="56.299077" lon="38.097241">
			<time>1970-01-01T00:00:01Z</time>
		</trkpt>
		<trkpt lat="56.299656" lon="38.097176">
			<time>1970-01-01T00:00:01Z</time>
		</trkpt>
		<trkpt lat="56.300214" lon="38.097241">
			<time>1970-01-01T00:00:01Z</time>
		</trkpt>
		<trkpt lat="56.30045" lon="38.097112">
			<time>1970-01-01T00:00:01Z</time>
		</trkpt>
		<trkpt lat="56.300665" lon="38.096769">
			<time>1970-01-01T00:00:01Z</time>
		</trkpt>
		<trkpt lat="56.300944" lon="38.097327">
			<time>1970-01-01T00:00:01Z</time>
		</trkpt>
		<trkpt lat="56.300965" lon="38.098485">
			<time>1970-01-01T00:00:01Z</time>
		</trkpt>
		<trkpt lat="56.301309" lon="38.099816">
			<time>1970-01-01T00:00:01Z</time>
		</trkpt>
		<trkpt lat="56.301545" lon="38.099966">
			<time>1970-01-01T00:00:01Z</time>
		</trkpt>
		<trkpt lat="56.30133" lon="38.100116">
			<time>1970-01-01T00:00:01Z</time>
		</trkpt>
		<trkpt lat="56.301309" lon="38.100438">
			<time>1970-01-01T00:00:01Z</time>
		</trkpt>
		<trkpt lat="56.301459" lon="38.100567">
			<time>1970-01-01T00:00:01Z</time>
		</trkpt>
		<trkpt lat="56.301352" lon="38.101532">
			<time>1970-01-01T00:00:01Z</time>
		</trkpt>
		<trkpt lat="56.301309" lon="38.103013">
			<time>1970-01-01T00:00:01Z</time>
		</trkpt>
		<trkpt lat="56.300987" lon="38.103442">
			<time>1970-01-01T00:00:01Z</time>
		</trkpt>
		<trkpt lat="56.300901" lon="38.103871">
			<time>1970-01-01T00:00:01Z</time>
		</trkpt>
		<trkpt lat="56.301094" lon="38.104837">
			<time>1970-01-01T00:00:01Z</time>
		</trkpt>
		<trkpt lat="56.30103" lon="38.105266">
			<time>1970-01-01T00:00:01Z</time>
		</trkpt>
		<trkpt lat="56.300429" lon="38.106339">
			<time>1970-01-01T00:00:01Z</time>
		</trkpt>
		<trkpt lat="56.300515" lon="38.109407">
			<time>1970-01-01T00:00:01Z</time>
		</trkpt>
		<trkpt lat="56.301223" lon="38.109364">
			<time>1970-01-01T00:00:01Z</time>
		</trkpt>
		<trkpt lat="56.301244" lon="38.110351">
			<time>1970-01-01T00:00:01Z</time>
		</trkpt>
		<trkpt lat="56.300493" lon="38.110587">
			<time>1970-01-01T00:00:01Z</time>
		</trkpt>
		<trkpt lat="56.300622" lon="38.112068">
			<time>1970-01-01T00:00:01Z</time>
		</trkpt>
		<trkpt lat="56.302038" lon="38.116145">
			<time>1970-01-01T00:00:01Z</time>
		</trkpt>
		<trkpt lat="56.303562" lon="38.119621">
			<time>1970-01-01T00:00:01Z</time>
		</trkpt>
		<trkpt lat="56.303948" lon="38.121016">
			<time>1970-01-01T00:00:01Z</time>
		</trkpt>
		<trkpt lat="56.304163" lon="38.123162">
			<time>1970-01-01T00:00:01Z</time>
		</trkpt>
		<trkpt lat="56.304055" lon="38.124299">
			<time>1970-01-01T00:00:01Z</time>
		</trkpt>
		<trkpt lat="56.303261" lon="38.124664">
			<time>1970-01-01T00:00:01Z</time>
		</trkpt>
		<trkpt lat="56.30369" lon="38.126724">
			<time>1970-01-01T00:00:01Z</time>
		</trkpt>
		<trkpt lat="56.304291" lon="38.127024">
			<time>1970-01-01T00:00:01Z</time>
		</trkpt>
		<trkpt lat="56.305364" lon="38.128033">
			<time>1970-01-01T00:00:01Z</time>
		</trkpt>
		<trkpt lat="56.305643" lon="38.129384">
			<time>1970-01-01T00:00:01Z</time>
		</trkpt>
		<trkpt lat="56.305793" lon="38.12947">
			<time>1970-01-01T00:00:01Z</time>
		</trkpt>
		<trkpt lat="56.306094" lon="38.129256">
			<time>1970-01-01T00:00:01Z</time>
		</trkpt>
		<trkpt lat="56.306523" lon="38.130093">
			<time>1970-01-01T00:00:01Z</time>
		</trkpt>
		<trkpt lat="56.306952" lon="38.131294">
			<time>1970-01-01T00:00:01Z</time>
		</trkpt>
		<trkpt lat="56.307875" lon="38.132388">
			<time>1970-01-01T00:00:01Z</time>
		</trkpt>
		<trkpt lat="56.308712" lon="38.132281">
			<time>1970-01-01T00:00:01Z</time>
		</trkpt>
		<trkpt lat="56.309291" lon="38.133075">
			<time>1970-01-01T00:00:01Z</time>
		</trkpt>
		<trkpt lat="56.309634" lon="38.133097">
			<time>1970-01-01T00:00:01Z</time>
		</trkpt>
		<trkpt lat="56.309935" lon="38.132796">
			<time>1970-01-01T00:00:01Z</time>
		</trkpt>
		<trkpt lat="56.310428" lon="38.132474">
			<time>1970-01-01T00:00:01Z</time>
		</trkpt>
		<trkpt lat="56.31045" lon="38.132882">
			<time>1970-01-01T00:00:01Z</time>
		</trkpt>
		<trkpt lat="56.310707" lon="38.133654">
			<time>1970-01-01T00:00:01Z</time>
		</trkpt>
	</trkseg>
</trk>

</gpx>